guid,mtime,secs,crashtype,pid,base,frame0mod,frame0,nframes,chain,err,engine,note
UECC-Windows-01D0E2D74E693FA9D0FE37AE047D129D_0000,1782883103.3180528,24,Crash,25704,0x7FF682A80000,SUPERVIVE-Win64-Shipping,0x7FF683A61746,12,fe1746 351e77f 354cb86 3542b78 1206c94 1208035 1208950 1208d24 1214449 115ed67 115c4b1,Unhandled Exception: EXCEPTION_ACCESS_VIOLATION reading address 0x00000001e3010020,5.4.3-0+UE5,
UECC-Windows-0313276C47E192B4C8978C919443FD9D_0000,1785050692.8706932,201,Crash,35168,0x7FF6E7D30000,mdnsNSP,0x2549BE0CE00,15,3495973 3405f13 3691a72 3691704 367b462 f84697 f873b3 f8b2be f9d9bc f87040 100c334 115ed67 115c4b1,Unhandled Exception: EXCEPTION_ACCESS_VIOLATION 0x000002549be0ce00,5.4.3-0+UE5,
UECC-Windows-063228F64323E5B9106BA1A9A7B04EB4_0000,1785050353.5493457,194,Crash,39988,0x7FF6E7D30000,SUPERVIVE-Win64-Shipping,0x7FF6EB1C596D,14,349596d 3405f13 3691a72 3691704 367b462 f84697 f873b3 f8b2be f9d9bc f87040 100c334 115ed67 115c4b1,Unhandled Exception: EXCEPTION_ACCESS_VIOLATION reading address 0xffffffffffffffff,5.4.3-0+UE5,
UECC-Windows-064CE1374269B76E7578919C8597B47A_0000,1782455090.7228706,0,Crash,24748,0x0,ntdll,0x7FFB9EE00001,2,,Unhandled Exception: EXCEPTION_ACCESS_VIOLATION 0x00007ffb9ee00001,5.4.3-0+UE5,
UECC-Windows-065519B546619DD6E5BD9A9CAFEB7373_0000,1783737823.9086142,49,Assert,97452,0x7FF6B54F0000,SUPERVIVE-Win64-Shipping,0x7FF6B93D9CF5,11,3ee9cf5 3ec5faf 3efb466 37f8b73 4028924 403005f 40300da 4030f6c 4039696 751ef62,Fatal error: [File:C:\TheoryCraft\build-staging\Engine\Source\Runtime\Engine\Private\UnrealEngine.cpp] [Line: 15551] Couldn&apos;t spawn player: ALokiGameMode::Login failed to Login,5.4.3-0+UE5,
UECC-Windows-0AA94D3D4A49BBA7C8C68DB99900C81F_0000,1783401185.5498388,56,Crash,73776,0x7FF6B54F0000,SUPERVIVE-Win64-Shipping,0x7FF6B6494A53,15,fa4a53 3f4f7e1 39c9029 3f73d7c 3f5a125 3ee9a76 3efb653 37f8b73 4028924 403005f 40300da 4030f6c 4039696 751ef62,Unhandled Exception: EXCEPTION_ACCESS_VIOLATION reading address 0x0000000300000b33,5.4.3-0+UE5,
UECC-Windows-0D8A97084A665710D1D69FA674EB2645_0000,1782687325.348845,71,Crash,34276,0x7FF65F6D0000,SUPERVIVE-Win64-Shipping,0x7FF661714473,27,2044473 2050085 2050001 1758d46 175c0e0 175bb3f 5796e09 1ea7e2c 3efa127 39c77ec 37f8b8c 4028924 403005f 40300da 4030f6c 4039696 751ef62,Unhandled Exception: EXCEPTION_ACCESS_VIOLATION reading address 0xffffffffffffffff,5.4.3-0+UE5,
UECC-Windows-10CF9C874C05E6B45714FA8698086EE6_0000,1783809879.293213,84,Crash,46368,0x7FF6B54F0000,SUPERVIVE-Win64-Shipping,0x7FF6B68355D0,31,13455d0 1345511 feca12 1225fd6 13453a5 341721b 36a1aa3 36a1bdc 36a412b 36a339a 35aa803 3ed1a7f 3ed8642 f96a8e f9ce6a 3eeedd4 3ef3e65 39c76c6 37f8b8c 4028924 403005f 40300da 4030f6c 4039696 751ef62,Unhandled Exception: EXCEPTION_ACCESS_VIOLATION reading address 0x0000000000000000,5.4.3-0+UE5,
UECC-Windows-10E228F340143D108670C5888646E7F8_0000,1783582937.5204005,53,Assert,41568,0x7FF6B54F0000,SUPERVIVE-Win64-Shipping,0x7FF6B93D9CF5,11,3ee9cf5 3ec5faf 3efb466 37f8b73 4028924 403005f 40300da 4030f6c 4039696 751ef62,Fatal error: [File:C:\TheoryCraft\build-staging\Engine\Source\Runtime\Engine\Private\UnrealEngine.cpp] [Line: 15551] Couldn&apos;t spawn player: ALokiGameMode::Login failed to Login,5.4.3-0+UE5,
UECC-Windows-13493884432CD3BCDC7D758C7D29555E_0000,1782886479.328982,29,Crash,60012,0x7FF682A80000,SUPERVIVE-Win64-Shipping,0x7FF6853EF591,13,296f591 296f247 2973685 29c99ee 2aef879 2af41ca 2aefd3f f8aba3 f96a8e 2b91aab 115ed67 115c4b1,Unhandled Exception: EXCEPTION_ACCESS_VIOLATION reading address 0x0000000000000028,5.4.3-0+UE5,
UECC-Windows-154E12A544CB32178D5064BDC41CC296_0000,1785057275.4689586,194,Crash,19836,0x0,,,0,,Unhandled Exception: EXCEPTION_ACCESS_VIOLATION 0x0000000000000000,5.4.3-0+UE5,
UECC-Windows-166396E24F5A36C5727032B196D739EA_0000,1785815361.9658203,2550,Crash,38832,0x7FF6EAA10000,mdnsNSP,0x1A4A469C1A3,31,feca12 1225fd6 13453a5 341721b 36a1aa3 36a1bdc 36a412b 36a339a 35aa803 3ed1a7f 3ed8642 f96a8e f9ce6a 3eeedd4 3ef3e65 39c76c6 37f8b8c 4028924 403005f 40300da 4030f6c 4039696 751ef62,Unhandled Exception: 0x80000004,5.4.3-0+UE5,
UECC-Windows-1F6F4DA742F90DD51B5992BCF210678F_0000,1783806104.1542475,13,Assert,35296,0x7FF6B54F0000,SUPERVIVE-Win64-Shipping,0x7FF6B93D9CF5,11,3ee9cf5 3ec5faf 3efb466 37f8b73 4028924 403005f 40300da 4030f6c 4039696 751ef62,Fatal error: [File:C:\TheoryCraft\build-staging\Engine\Source\Runtime\Engine\Private\UnrealEngine.cpp] [Line: 15551] Couldn&apos;t spawn player: ALokiGameMode::Login failed to Login,5.4.3-0+UE5,
UECC-Windows-20FE42F74AB3D0DC5287449475383D47_0000,1782883219.9029944,45,Crash,74480,0x7FF682A80000,SUPERVIVE-Win64-Shipping,0x7FF683A61746,27,fe1746 2b8e7c5 2b8ebe8 2b8e17e 2b804b9 12158f2 120c6d9 120bf7e 120c6c3 120bf7e 120c6c3 120bf7e 120c6c3 120bf7e 120c6c3 120bf7e 120c6c3 120bf7e 120c6c3 120bf7e 120c6c3 120bf7e 1204e25 12143e3 115ed67 115c4b1,Unhandled Exception: EXCEPTION_ACCESS_VIOLATION reading address 0x00000001e3010020,5.4.3-0+UE5,
UECC-Windows-214ABC67441210DC6126BFAB2962EF27_0000,1782870902.1686413,18,Crash,41824,0x7FF682A80000,SUPERVIVE-Win64-Shipping,0x7FF684AFD11D,12,207d11d 29d7a26 2aef45d 2af4de2 2af41ca 2aefd3f f8aba3 f96a8e 2b91aab 115ed67 115c4b1,Unhandled Exception: EXCEPTION_ACCESS_VIOLATION writing address 0x00007ff68a21c9e8,5.4.3-0+UE5,
UECC-Windows-280CF4C147EC7A94D06748880B4FDBCA_0000,1783584618.7914016,810,Assert,98456,0x7FF6B54F0000,SUPERVIVE-Win64-Shipping,0x7FF6B93D9CF5,11,3ee9cf5 3ec5faf 3efb466 37f8b73 4028924 403005f 40300da 4030f6c 4039696 751ef62,Fatal error: [File:C:\TheoryCraft\build-staging\Engine\Source\Runtime\Engine\Private\UnrealEngine.cpp] [Line: 15551] Couldn&apos;t spawn player: ALokiGameMode::Login failed to Login,5.4.3-0+UE5,
UECC-Windows-298DDD37462D8C151F826FA5E4180E3B_0000,1784513150.1604874,0,Crash,30700,0x0,mdnsNSP,0x1C9C9A0205D,2,,Unhandled Exception: EXCEPTION_ACCESS_VIOLATION reading address 0x000001c9a0561000,5.4.3-0+UE5,
UECC-Windows-2E23C60344354678623A14923481A769_0000,1782783879.9083216,28,Assert,41292,0x7FF682A80000,SUPERVIVE-Win64-Shipping,0x7FF683A60148,13,fe0148 ff933e 32bcbee 3ec6312 3efb466 37f8b73 4028924 403005f 40300da 4030f6c 4039696 751ef62,Fatal error: [File:C:\TheoryCraft\build-staging\Engine\Source\Runtime\Core\Private\HAL\MallocBinned2.cpp] [Line: 1322] FMallocBinned2 Attempt to realloc an unrecognized block 0000024462770000 canary == 0x0 != 0xe3,5.4.3-0+UE5,
UECC-Windows-3051E59B471D6183439DC4A9BC95C4A0_0000,1783797934.550101,240,Crash,34112,0x7FF6B54F0000,SUPERVIVE-Win64-Shipping,0x7FF6BD575EE0,17,8085ee0 12c3879 129d281 1239996 1243d97 3efc722 3ee8edb 3ec5faf 3efb466 37f8b73 4028924 403005f 40300da 4030f6c 4039696 751ef62,Unhandled Exception: EXCEPTION_ACCESS_VIOLATION 0x00007ff6bd575ee0,5.4.3-0+UE5,
UECC-Windows-3C91DC0849A3BA12E2CEF085672B01B1_0000,1783405936.9558835,41,Crash,64796,0x7FF6B54F0000,SUPERVIVE-Win64-Shipping,0x7FF6BAC72F29,18,5782f29 57a6145 1770c08 177f885 177b5ba 178cc22 fa8275 fb2123 fa4cdc fa822f fb2123 40292dc 403005f 40300da 4030f6c 4039696 751ef62,Unhandled Exception: EXCEPTION_ACCESS_VIOLATION reading address 0x0000000000000000,5.4.3-0+UE5,
UECC-Windows-3EF4049A4F1DDA192FFCF39B9D4E0000_0000,1783749322.6430788,8403,Crash,49816,0x7FF6B54F0000,SUPERVIVE-Win64-Shipping,0x7FF6B656D500,21,107d500 122642f 12204d5 1205748 511fe12 511fc0f 511f6bb 511faa0 510b257 51011de 5100518 352a0d2 108834d 106c57f f8b2be f9d9bc f87040 100c334 115ed67 115c4b1,Unhandled Exception: EXCEPTION_ACCESS_VIOLATION reading address 0x0000000000000000,5.4.3-0+UE5,
UECC-Windows-45B3486E4DD3481E45B93FBDD60DB784_0000,1782799555.0121157,25,Crash,61852,0x7FF682A80000,SUPERVIVE-Win64-Shipping,0x7FF683A61746,14,fe1746 296f4c1 296f247 2973685 29c99ee 2aef879 2af41ca 2aefd3f f8aba3 f96a8e 2b91aab 115ed67 115c4b1,Unhandled Exception: EXCEPTION_ACCESS_VIOLATION reading address 0x0000000900000000,5.4.3-0+UE5,
UECC-Windows-45C234614370814266F9EFB620065AFF_0000,1784448527.0352092,3216,Crash,22672,0x7FF6AF000000,SUPERVIVE-Win64-Shipping,0x7FF6B007D500,21,107d500 122642f 12204d5 1205748 511fe12 511fc0f 511f6bb 511faa0 510b257 51011de 5100518 352a0d2 108834d 106c57f f8b2be f9d9bc f87040 100c334 115ed67 115c4b1,Unhandled Exception: EXCEPTION_ACCESS_VIOLATION reading address 0x0000000000000000,5.4.3-0+UE5,
UECC-Windows-471B48854CEC956E332B40B06F47FF5E_0000,1783877977.3560312,60,Crash,84808,0x7FF6B54F0000,SUPERVIVE-Win64-Shipping,0x7FF6BAAFF8AE,33,560f8ae 5609210 560127c 5457270 feca12 1225fd6 13453a5 341721b 36a1aa3 36a1bdc 36a412b 36a339a 35aa803 3ed1a7f 3ed8642 f96a8e f9ce6a 3eeedd4 3ef3e65 39c76c6 37f8b8c 4028924 403005f 40300da 4030f6c 4039696 751ef62,Unhandled Exception: EXCEPTION_ACCESS_VIOLATION reading address 0x0000000000000000,5.4.3-0+UE5,
UECC-Windows-49BFA2A9450C1B4904530E9EF913F842_0000,1783735868.0861115,107,Assert,34256,0x7FF6B54F0000,SUPERVIVE-Win64-Shipping,0x7FF6B93D9CF5,11,3ee9cf5 3ec5faf 3efb466 37f8b73 4028924 403005f 40300da 4030f6c 4039696 751ef62,Fatal error: [File:C:\TheoryCraft\build-staging\Engine\Source\Runtime\Engine\Private\UnrealEngine.cpp] [Line: 15551] Couldn&apos;t spawn player: ALokiGameMode::Login failed to Login,5.4.3-0+UE5,
UECC-Windows-558FB74841F0592E6A618E8999BF420D_0000,1782870747.2416577,25,Crash,52048,0x7FF682A80000,SUPERVIVE-Win64-Shipping,0x7FF68694456A,81,3ec456a 3eee906 35be574 35b817c 35b80b5 338cb01 35b8403 51792c6 517f2b2 51a0b5f 516581e 1225fd6 13433b2 1344822 1345608 13429e8 13495b0 1345608 1345511 1225fd6 13453a5 4c4878f 4c48045 4c4fbaa 3123f95 3123ab9 315bffd 3123bee 3123ab9 3143b52 4c56a88 3123bee 30debb5 310237d 3123bee 3123ab9 315bffd 3123bee 3101e61 3123bee 30df46f 310440b 3123bee 30deef2 31037dd 3123bee 3123ab9 315bffd 3123bee 3123ab9 30623df 309426c 3123bee 3123ab9 315bffd 4c55b76 3123bee 3123ab9 30609b6 3060cbf 314342c 3169943 1225fd6 13433b2 1344822 1345608 1345511 1225fd6 13453a5 33962f2 39c818d 39bb51e 39c77cc 37f8b8c 4028924 403005f 40300da 4030f6c 4039696 751ef62,Unhandled Exception: EXCEPTION_ACCESS_VIOLATION reading address 0x0000000000000160,5.4.3-0+UE5,
UECC-Windows-5CAD7A204B2BFFDB3CAA7785515EC4A1_0000,1782550752.639074,259,Crash,9684,0x7FF73DBF0000,SUPERVIVE-Win64-Shipping,0x7FF73EC6D500,21,107d500 122642f 12204d5 1205748 511fe12 511fc0f 511f6bb 511faa0 510b257 51011de 5100518 352a0d2 108834d 106c57f f8b2be f9d9bc f87040 100c334 115ed67 115c4b1,Unhandled Exception: EXCEPTION_ACCESS_VIOLATION reading address 0x0000000000000000,5.4.3-0+UE5,
UECC-Windows-61C555514049B0CFBA3880B3C71D3A41_0000,1783718893.3951297,0,Crash,82148,0x0,ntdll,0x7FF8F0400001,2,,Unhandled Exception: EXCEPTION_ACCESS_VIOLATION 0x00007ff8f0400001,5.4.3-0+UE5,
UECC-Windows-62C094F1420AFB08EF158DA9B85398C1_0000,1783580450.5467446,0,Crash,26940,0x0,ntdll,0x7FF8F0400001,2,,Unhandled Exception: EXCEPTION_ACCESS_VIOLATION 0x00007ff8f0400001,5.4.3-0+UE5,
UECC-Windows-63AD699C495EAB218AE2ED8B650BD10F_0000,1783566326.8213773,0,Crash,21892,0x0,ntdll,0x7FF8F0400001,2,,Unhandled Exception: EXCEPTION_ACCESS_VIOLATION 0x00007ff8f0400001,5.4.3-0+UE5,
UECC-Windows-64A6BCAC4D1304033682A0814F93FD83_0000,1782463359.6992495,251,Crash,36152,0x7FF73DBF0000,SUPERVIVE-Win64-Shipping,0x7FF73EC6D500,21,107d500 122642f 12204d5 1205748 511fe12 511fc0f 511f6bb 511faa0 510b257 51011de 5100518 352a0d2 108834d 106c57f f8b2be f9d9bc f87040 100c334 115ed67 115c4b1,Unhandled Exception: EXCEPTION_ACCESS_VIOLATION reading address 0x0000000000000000,5.4.3-0+UE5,
UECC-Windows-6557E96C43872D11E3629A81EFBFDC37_0000,1783798823.4601111,55,Assert,46300,0x7FF6B54F0000,SUPERVIVE-Win64-Shipping,0x7FF6B93D9CF5,11,3ee9cf5 3ec5faf 3efb466 37f8b73 4028924 403005f 40300da 4030f6c 4039696 751ef62,Fatal error: [File:C:\TheoryCraft\build-staging\Engine\Source\Runtime\Engine\Private\UnrealEngine.cpp] [Line: 15551] Couldn&apos;t spawn player: PlayerState is null,5.4.3-0+UE5,
UECC-Windows-65F4745A40DE395C1821E4BF1AF37610_0000,1784279826.1873047,278,Assert,29544,0x7FF6AF000000,SUPERVIVE-Win64-Shipping,0x7FF6AFFE0148,17,fe0148 ff933e 269ddae 269ffc1 26ae954 3d27157 252f9a4 2c54ecf 2c570b0 2b71444 2b81812 f96a8e 2b914a1 2b91b07 115ed67 115c4b1,Fatal error: [File:C:\TheoryCraft\build-staging\Engine\Source\Runtime\Core\Private\HAL\MallocBinned2.cpp] [Line: 1322] FMallocBinned2 Attempt to realloc an unrecognized block 00007FF6B6EC0000 canary == 0xb2 != 0xe3,5.4.3-0+UE5,
UECC-Windows-6845C7514B0BDF2E2BE681B2FC4B38AD_0000,1782701719.712508,3983,Crash,39100,0x7FF65F6D0000,SUPERVIVE-Win64-Shipping,0x7FF662BA693D,25,34d693d 1758d46 175c0e0 175bb3f 5796e09 1ea7e2c 3efa127 39c77ec 37f8b8c 4028924 403005f 40300da 4030f6c 4039696 751ef62,Unhandled Exception: EXCEPTION_ACCESS_VIOLATION reading address 0x0000000000000008,5.4.3-0+UE5,
UECC-Windows-694D1F2141A0FD81D3FD0799752BF81F_0000,1782873191.1272132,30,Crash,64888,0x7FF682A80000,SUPERVIVE-Win64-Shipping,0x7FF683A61746,27,fe1746 2b8e7c5 2b8ebe8 2b8e17e 2b804b9 12158f2 120c6d9 120bf7e 120c6c3 120bf7e 120c6c3 120bf7e 120c6c3 120bf7e 120c6c3 120bf7e 120c6c3 120bf7e 120c6c3 120bf7e 120c6c3 120bf7e 1204e25 12143e3 115ed67 115c4b1,Unhandled Exception: EXCEPTION_ACCESS_VIOLATION reading address 0x00000001e3010020,5.4.3-0+UE5,
UECC-Windows-6AA0F21742DAA9B51911F986D410C6F4_0000,1782548586.1932678,42387,Crash,2860,0x7FF73DBF0000,SUPERVIVE-Win64-Shipping,0x7FF73EC6D500,21,107d500 122642f 12204d5 1205748 511fe12 511fc0f 511f6bb 511faa0 510b257 51011de 5100518 352a0d2 108834d 106c57f f8b2be f9d9bc f87040 100c334 115ed67 115c4b1,Unhandled Exception: EXCEPTION_ACCESS_VIOLATION reading address 0x0000000000000000,5.4.3-0+UE5,
UECC-Windows-6C2B7E2842EAD7E692BB2CB1C577CEE1_0000,1783739727.9691944,33,Assert,27024,0x7FF6B54F0000,SUPERVIVE-Win64-Shipping,0x7FF6B93D9CF5,11,3ee9cf5 3ec5faf 3efb466 37f8b73 4028924 403005f 40300da 4030f6c 4039696 751ef62,Fatal error: [File:C:\TheoryCraft\build-staging\Engine\Source\Runtime\Engine\Private\UnrealEngine.cpp] [Line: 15551] Couldn&apos;t spawn player: PlayerState is null,5.4.3-0+UE5,
UECC-Windows-74AFD44244BBD09E981690A396DCE73C_0000,1782870404.4579408,33,Crash,65172,0x7FF682A80000,SUPERVIVE-Win64-Shipping,0x7FF684AFD11D,12,207d11d 29d7a26 2aef45d 2af4de2 2af41ca 2aefd3f f8aba3 f96a8e 2b91aab 115ed67 115c4b1,Unhandled Exception: EXCEPTION_ACCESS_VIOLATION writing address 0x00007ff68a21c9e8,5.4.3-0+UE5,
UECC-Windows-75ACE427490B7C7517B048A21E162E66_0000,1782785814.7077556,14,Assert,40324,0x7FF682A80000,SUPERVIVE-Win64-Shipping,0x7FF683A60148,13,fe0148 ff933e 32bcbee 3ec6312 3efb466 37f8b73 4028924 403005f 40300da 4030f6c 4039696 751ef62,Fatal error: [File:C:\TheoryCraft\build-staging\Engine\Source\Runtime\Core\Private\HAL\MallocBinned2.cpp] [Line: 1322] FMallocBinned2 Attempt to realloc an unrecognized block 000001B063AB0000 canary == 0x0 != 0xe3,5.4.3-0+UE5,
UECC-Windows-7AE9830F497A53DAC0CFF48F528FAE09_0000,1783001832.9162617,31,Crash,46388,0x7FF682A80000,SUPERVIVE-Win64-Shipping,0x7FF6853EF591,13,296f591 296f247 2973685 29c99ee 2aef879 2af41ca 2aefd3f f8aba3 f96a8e 2b91aab 115ed67 115c4b1,Unhandled Exception: EXCEPTION_ACCESS_VIOLATION reading address 0x0000000000000028,5.4.3-0+UE5,
UECC-Windows-7C51644F4CDD6B0F14B78D9153539BEA_0000,1782849834.5191934,22,Crash,56524,0x7FF682A80000,SUPERVIVE-Win64-Shipping,0x7FF688204619,18,5784619 57a64c5 1770c08 177f885 177b5ba 178cc22 fa8275 fb2123 fa4cdc fa822f fb2123 40292dc 403005f 40300da 4030f6c 4039696 751ef62,Unhandled Exception: EXCEPTION_ACCESS_VIOLATION reading address 0x0000000000000000,5.4.3-0+UE5,
UECC-Windows-7CA4222D402D8CEFE327799B410574B4_0000,1783581254.4049194,277,Assert,68556,0x7FF6B54F0000,SUPERVIVE-Win64-Shipping,0x7FF6B93D9CF5,11,3ee9cf5 3ec5faf 3efb466 37f8b73 4028924 403005f 40300da 4030f6c 4039696 751ef62,Fatal error: [File:C:\TheoryCraft\build-staging\Engine\Source\Runtime\Engine\Private\UnrealEngine.cpp] [Line: 15551] Couldn&apos;t spawn player: ALokiGameMode::Login failed to Login,5.4.3-0+UE5,
UECC-Windows-7E6FDF974F655E383E5FAD99500869C5_0000,1785058765.0468152,173,Crash,22832,0x7FF6E7D30000,SUPERVIVE-Win64-Shipping,0x7FF6EB98DC52,13,3c5dc52 3c5d255 3c34b22 3c596b3 39c7884 37f8b8c 4028924 403005f 40300da 4030f6c 4039696 751ef62,Unhandled Exception: EXCEPTION_ACCESS_VIOLATION reading address 0x0000000000000700,5.4.3-0+UE5,
UECC-Windows-838C7D984314FC29C224F0AE1DE1ABFA_0000,1783839390.0926898,259,Crash,16740,0x7FF6B54F0000,SUPERVIVE-Win64-Shipping,0x7FF6B6835FF8,31,1345ff8 534c16e feca12 1225fd6 13453a5 341721b 36a1aa3 36a1bdc 36a412b 36a339a 35aa803 3ed1a7f 3ed8642 f96a8e f9ce6a 3eeedd4 3ef3e65 39c76c6 37f8b8c 4028924 403005f 40300da 4030f6c 4039696 751ef62,Unhandled Exception: EXCEPTION_ACCESS_VIOLATION reading address 0x0000000000000000,5.4.3-0+UE5,
UECC-Windows-83E3410A4E6EA6C10784CC8A1C54D985_0000,1783715049.460338,0,Crash,108204,0x0,mdnsNSP,0x27E490E205D,2,,Unhandled Exception: EXCEPTION_ACCESS_VIOLATION reading address 0x0000027e8de40000,5.4.3-0+UE5,
UECC-Windows-844A28464EBA92F39C30048162EDA529_0000,1783798363.2173123,288,Assert,80916,0x7FF6B54F0000,SUPERVIVE-Win64-Shipping,0x7FF6B93D9CF5,11,3ee9cf5 3ec5faf 3efb466 37f8b73 4028924 403005f 40300da 4030f6c 4039696 751ef62,Fatal error: [File:C:\TheoryCraft\build-staging\Engine\Source\Runtime\Engine\Private\UnrealEngine.cpp] [Line: 15551] Couldn&apos;t spawn player: PlayerState is null,5.4.3-0+UE5,
UECC-Windows-858B6F07479DB1B45F1B07B72F98427B_0000,1783719703.596492,0,Crash,59220,0x0,mdnsNSP,0x22C761D205D,2,,Unhandled Exception: EXCEPTION_ACCESS_VIOLATION reading address 0x0000022c26245000,5.4.3-0+UE5,
UECC-Windows-8C3ECC714EBF9A48B589F2B498B3827A_0000,1783563580.6223142,0,Crash,98380,0x0,mdnsNSP,0x1856CA8205D,2,,Unhandled Exception: EXCEPTION_ACCESS_VIOLATION reading address 0x00000185232a2000,5.4.3-0+UE5,
UECC-Windows-8F0E05BF44D2C173BF310D8C0E780153_0000,1785049906.9723122,196,Crash,34144,0x7FF6E7D30000,SUPERVIVE-Win64-Shipping,0x7FF6EB1A13AA,16,34713aa 3496da2 34178ba 3405efc 3691a72 3691704 367b462 f84697 f873b3 f8b2be f9d9bc f87040 100c334 115ed67 115c4b1,Unhandled Exception: EXCEPTION_ACCESS_VIOLATION reading address 0x0000000000000044,5.4.3-0+UE5,
UECC-Windows-904ED124429008C01E3C64B0128C22C9_0000,1782783921.6924725,15,Assert,66364,0x7FF682A80000,SUPERVIVE-Win64-Shipping,0x7FF683A60148,13,fe0148 ff933e 32bcbee 3ec6312 3efb466 37f8b73 4028924 403005f 40300da 4030f6c 4039696 751ef62,Fatal error: [File:C:\TheoryCraft\build-staging\Engine\Source\Runtime\Core\Private\HAL\MallocBinned2.cpp] [Line: 1322] FMallocBinned2 Attempt to realloc an unrecognized block 000001D737920000 canary == 0x0 != 0xe3,5.4.3-0+UE5,
UECC-Windows-9273A8144DCC5E6BD0A6C69274682E66_0000,1783738063.1597693,30,Assert,75088,0x7FF6B54F0000,SUPERVIVE-Win64-Shipping,0x7FF6B93D9CF5,11,3ee9cf5 3ec5faf 3efb466 37f8b73 4028924 403005f 40300da 4030f6c 4039696 751ef62,Fatal error: [File:C:\TheoryCraft\build-staging\Engine\Source\Runtime\Engine\Private\UnrealEngine.cpp] [Line: 15551] Couldn&apos;t spawn player: ALokiGameMode::Login failed to Login,5.4.3-0+UE5,
UECC-Windows-9605A1664EA5B524E5DFDD93F82E1411_0000,1782883372.411579,43,Crash,26544,0x7FF682A80000,SUPERVIVE-Win64-Shipping,0x7FF683A624EE,17,fe24ee faf9e8 f99359 2ba5155 2b9c549 2576a72 2590a59 2b47821 108834d 106c57f f8b2be f9d9bc f87040 100c334 115ed67 115c4b1,Unhandled Exception: EXCEPTION_ACCESS_VIOLATION reading address 0x0000000900000000,5.4.3-0+UE5,
UECC-Windows-980F69E94DCDC0D315C37398BE501B00_0000,1783740488.425968,264,Assert,47700,0x7FF6B54F0000,SUPERVIVE-Win64-Shipping,0x7FF6B93D9CF5,11,3ee9cf5 3ec5faf 3efb466 37f8b73 4028924 403005f 40300da 4030f6c 4039696 751ef62,Fatal error: [File:C:\TheoryCraft\build-staging\Engine\Source\Runtime\Engine\Private\UnrealEngine.cpp] [Line: 15551] Couldn&apos;t spawn player: PlayerState is null,5.4.3-0+UE5,
UECC-Windows-98C5085946BE678E21D80AA0CB3B6FC8_0000,1783739518.5256674,654,Assert,35100,0x7FF6B54F0000,SUPERVIVE-Win64-Shipping,0x7FF6B93D9CF5,11,3ee9cf5 3ec5faf 3efb466 37f8b73 4028924 403005f 40300da 4030f6c 4039696 751ef62,Fatal error: [File:C:\TheoryCraft\build-staging\Engine\Source\Runtime\Engine\Private\UnrealEngine.cpp] [Line: 15551] Couldn&apos;t spawn player: PlayerState is null,5.4.3-0+UE5,
UECC-Windows-9B00C58844AD45B5CE9A0FB09C146ECA_0000,1782890706.0436275,30,Crash,45664,0x7FF682A80000,SUPERVIVE-Win64-Shipping,0x7FF683A61746,27,fe1746 2b8e7c5 2b8ebe8 2b8e17e 2b804b9 12158f2 120c6d9 120bf7e 120c6c3 120bf7e 120c6c3 120bf7e 120c6c3 120bf7e 120c6c3 120bf7e 120c6c3 120bf7e 120c6c3 120bf7e 120c6c3 120bf7e 1204e25 12143e3 115ed67 115c4b1,Unhandled Exception: EXCEPTION_ACCESS_VIOLATION reading address 0x00000001e3010020,5.4.3-0+UE5,
UECC-Windows-9B9F374C4FD2AAFB6943549E3192B74F_0000,1783738443.1239834,33,Assert,96888,0x7FF6B54F0000,SUPERVIVE-Win64-Shipping,0x7FF6B93D9CF5,11,3ee9cf5 3ec5faf 3efb466 37f8b73 4028924 403005f 40300da 4030f6c 4039696 751ef62,Fatal error: [File:C:\TheoryCraft\build-staging\Engine\Source\Runtime\Engine\Private\UnrealEngine.cpp] [Line: 15551] Couldn&apos;t spawn player: ALokiGameMode::Login failed to Login,5.4.3-0+UE5,
UECC-Windows-A15041E942D2549748BE729C6EA2F272_0000,1783809550.2646656,3334,Crash,62600,0x7FF6B54F0000,SUPERVIVE-Win64-Shipping,0x7FF6B68355D0,31,13455d0 1345511 feca12 1225fd6 13453a5 341721b 36a1aa3 36a1bdc 36a412b 36a339a 35aa803 3ed1a7f 3ed8642 f96a8e f9ce6a 3eeedd4 3ef3e65 39c76c6 37f8b8c 4028924 403005f 40300da 4030f6c 4039696 751ef62,Unhandled Exception: EXCEPTION_ACCESS_VIOLATION reading address 0x0000000000000000,5.4.3-0+UE5,
UECC-Windows-A55704B34C1FEC44B24CEF914DB86146_0000,1784450410.5894258,0,Crash,29724,0x0,ntdll,0x7FF90E000001,2,,Unhandled Exception: EXCEPTION_ACCESS_VIOLATION 0x00007ff90e000001,5.4.3-0+UE5,
UECC-Windows-A84A3CA048FE5A48E3A7ECAE8F3AD18F_0000,1782936270.2830336,32,Crash,33676,0x7FF682A80000,SUPERVIVE-Win64-Shipping,0x7FF683A51754,22,fd1754 3a8df10 12c38b9 1256ac4 1257292 12399ac 1243d97 3efc722 3ee8edb 3ec643a fafbca 3efb466 37f8b73 4028924 403005f 40300da 4030f6c 4039696 751ef62,Unhandled Exception: EXCEPTION_ACCESS_VIOLATION reading address 0x00000001e3010020,5.4.3-0+UE5,
UECC-Windows-AABE886D4D98F9C7C5134FBE549F185B_0000,1785048294.772465,185,Crash,9620,0x7FF6E7D30000,SUPERVIVE-Win64-Shipping,0x7FF6E8FF7E2D,13,12c7e2d 3c2adb9 3c34b0c 3c596b3 39c7884 37f8b8c 4028924 403005f 40300da 4030f6c 4039696 751ef62,Unhandled Exception: EXCEPTION_ACCESS_VIOLATION reading address 0xffffffffffffffff,5.4.3-0+UE5,
UECC-Windows-AFFB7A1441EEA979D3D46DAE1A3E032E_0000,1782872470.336723,24,Crash,52188,0x7FF682A80000,SUPERVIVE-Win64-Shipping,0x7FF684AFD11D,12,207d11d 29d7a26 2aef45d 2af4de2 2af41ca 2aefd3f f8aba3 f96a8e 2b91aab 115ed67 115c4b1,Unhandled Exception: EXCEPTION_ACCESS_VIOLATION writing address 0x0000000900000008,5.4.3-0+UE5,
UECC-Windows-B61ED1A7433CAB7A7DA757A08D9D18A3_0000,1784922335.1409013,194,Crash,39808,0x7FF6E7D30000,SUPERVIVE-Win64-Shipping,0x7FF6E8FF7E2D,13,12c7e2d 3c2adb9 3c34b0c 3c596b3 39c7884 37f8b8c 4028924 403005f 40300da 4030f6c 4039696 751ef62,Unhandled Exception: EXCEPTION_ACCESS_VIOLATION reading address 0x0000000001000040,5.4.3-0+UE5,
UECC-Windows-B84A06614599445E764A7797D051EB21_0000,1783712923.3766444,0,Crash,45068,0x0,mdnsNSP,0x267E7A9205D,2,,Unhandled Exception: EXCEPTION_ACCESS_VIOLATION reading address 0x000002680b350000,5.4.3-0+UE5,
UECC-Windows-B859EEE94828B61F3AE38DAD959EF2EA_0000,1783127906.5000794,15,Crash,72276,0x7FF682A80000,SUPERVIVE-Win64-Shipping,0x7FF706BF0000,99,84170000 562ea56 52aa668 13491bc 1345608 13429e8 13497bc 1344822 1345608 13429e8 13495b0 1345608 13429e8 13497bc 1345608 13429e8 13495b0 1345608 1345511 1225fd6 13453a5 314fb10 4c4fbaa 3123f95 30dfd77 31064d5 3123bee 30df46f 310440b 3123bee 30debb5 310237d 3123bee 3123ab9 30623df 309426c 3123bee 3123ab9 315bffd 3123bee 3123ab9 3143b52 4c56a88 3123bee 30debb5 310237d 3123bee 30dfd77 31064d5 3123bee 30debb5 310237d 3123bee 3123ab9 315bffd 4c55b76 3123bee 3123ab9 3143b52 4c56a88 3123bee 3123ab9 3143b52 4c56a88 3123bee 3123ab9 30623df 309426c 3123bee 3123ab9 315bffd 4c55b76 3123bee 3123ab9 3143b52 4c56a88 3123bee 3123ab9 315bffd 4c55b76 3123bee 3123ab9 3143b52 4c56a88 3123bee 3123ab9 30623df 309426c 3123bee 3123ab9 315bffd 3123bee 30debb5 310237d 3123bee 3123ab9 30623df 309426c 3123bee,Unhandled Exception: EXCEPTION_ACCESS_VIOLATION 0x00007ff706bf0000,5.4.3-0+UE5,
UECC-Windows-BE345EC241F29F24108182B2730F8A7C_0000,1785058151.6260278,175,Crash,41712,0x7FF6E7D30000,SUPERVIVE-Win64-Shipping,0x7FF6EB98DC52,13,3c5dc52 3c5d255 3c34b22 3c596b3 39c7884 37f8b8c 4028924 403005f 40300da 4030f6c 4039696 751ef62,Unhandled Exception: EXCEPTION_ACCESS_VIOLATION reading address 0x0000000000000700,5.4.3-0+UE5,
UECC-Windows-BFA9A28841B4F5603A179388FBB6FBE0_0000,1782852131.1150959,17,Crash,64832,0x7FF682A80000,SUPERVIVE-Win64-Shipping,0x7FF683A624EE,15,fe24ee faf9e8 f9894d 2977e40 2af49d2 2af41ca 2aefca8 2af41ca 2aefd3f f8aba3 f96a8e 2b91aab 115ed67 115c4b1,Unhandled Exception: EXCEPTION_ACCESS_VIOLATION reading address 0x0000000900000000,5.4.3-0+UE5,
UECC-Windows-C82D616945ADA2E59A3DA399CE1B8BCE_0000,1783797358.895481,184,Assert,82452,0x7FF6B54F0000,SUPERVIVE-Win64-Shipping,0x7FF6B93D9CF5,11,3ee9cf5 3ec5faf 3efb466 37f8b73 4028924 403005f 40300da 4030f6c 4039696 751ef62,Fatal error: [File:C:\TheoryCraft\build-staging\Engine\Source\Runtime\Engine\Private\UnrealEngine.cpp] [Line: 15551] Couldn&apos;t spawn player: PlayerState is null,5.4.3-0+UE5,
UECC-Windows-C949E23F469873E8F70406AC11F29D6E_0000,1783735525.7914515,90,Assert,86968,0x7FF6B54F0000,SUPERVIVE-Win64-Shipping,0x7FF6B93D9CF5,11,3ee9cf5 3ec5faf 3efb466 37f8b73 4028924 403005f 40300da 4030f6c 4039696 751ef62,Fatal error: [File:C:\TheoryCraft\build-staging\Engine\Source\Runtime\Engine\Private\UnrealEngine.cpp] [Line: 15551] Couldn&apos;t spawn player: ALokiGameMode::Login failed to Login,5.4.3-0+UE5,
UECC-Windows-CD25F03548DDDB07DF4EDDB77F005D2D_0000,1782965257.273978,46,Crash,72256,0x7FF682A80000,SUPERVIVE-Win64-Shipping,0x7FF684AFD11D,12,207d11d 29d7a26 2aef45d 2af4de2 2af41ca 2aefd3f f8aba3 f96a8e 2b91aab 115ed67 115c4b1,Unhandled Exception: EXCEPTION_ACCESS_VIOLATION writing address 0x00007ff68a1258d0,5.4.3-0+UE5,
UECC-Windows-CF785C424F9434774148F9AF7C6F122C_0000,1782788361.8294756,16,Assert,45304,0x7FF682A80000,SUPERVIVE-Win64-Shipping,0x7FF683A60148,16,fe0148 ff933e 32bcbee 3ec6312 fafbca 3efb466 37f8b73 4028924 403005f 40300da 4030f6c 4039696 751ef62,Fatal error: [File:C:\TheoryCraft\build-staging\Engine\Source\Runtime\Core\Private\HAL\MallocBinned2.cpp] [Line: 1322] FMallocBinned2 Attempt to realloc an unrecognized block 000002B1B8AA0000 canary == 0x0 != 0xe3,5.4.3-0+UE5,
UECC-Windows-D06CC55E4D5F89435DB8F6BFC05647E4_0000,1782936611.0235374,30,Crash,71232,0x7FF682A80000,SUPERVIVE-Win64-Shipping,0x7FF6853F6FF0,19,2976ff0 2984f45 2983c27 29838be 29ccd3e 2980f07 2981434 297795d 21bdcfe 2af41ca 2aefca8 2af41ca 2aefd3f f8aba3 f96a8e 2b91aab 115ed67 115c4b1,Unhandled Exception: EXCEPTION_ACCESS_VIOLATION writing address 0x00007ff68a55b368,5.4.3-0+UE5,
UECC-Windows-DC4A30AB45E2DCF9010F6BB1820B64C6_0000,1783811324.897772,659,Crash,86712,0x7FF6B54F0000,SUPERVIVE-Win64-Shipping,0x7FF6B6835FF8,31,1345ff8 37fefe3 feca12 1225fd6 13453a5 341721b 36a1aa3 36a1bdc 36a412b 36a339a 35aa803 3ed1a7f 3ed8642 f96a8e f9ce6a 3eeedd4 3ef3e65 39c76c6 37f8b8c 4028924 403005f 40300da 4030f6c 4039696 751ef62,Unhandled Exception: EXCEPTION_ACCESS_VIOLATION reading address 0x0000000000000000,5.4.3-0+UE5,
UECC-Windows-DE11FBBB430F8DFBB6B882814B05F397_0000,1783737142.9897053,834,Assert,80792,0x7FF6B54F0000,SUPERVIVE-Win64-Shipping,0x7FF6B93D9CF5,11,3ee9cf5 3ec5faf 3efb466 37f8b73 4028924 403005f 40300da 4030f6c 4039696 751ef62,Fatal error: [File:C:\TheoryCraft\build-staging\Engine\Source\Runtime\Engine\Private\UnrealEngine.cpp] [Line: 15551] Couldn&apos;t spawn player: ALokiGameMode::Login failed to Login,5.4.3-0+UE5,
UECC-Windows-DE62E243476030767E1AF5B1F8660B20_0000,1782593337.1335578,663,Crash,41100,0x7FF73DBF0000,SUPERVIVE-Win64-Shipping,0x7FF73EC6D500,21,107d500 122642f 12204d5 1205748 511fe12 511fc0f 511f6bb 511faa0 510b257 51011de 5100518 352a0d2 108834d 106c57f f8b2be f9d9bc f87040 100c334 115ed67 115c4b1,Unhandled Exception: EXCEPTION_ACCESS_VIOLATION reading address 0x0000000000000000,5.4.3-0+UE5,
UECC-Windows-E7323D144A436F0CFA24068659F9B0EA_0000,1783838761.6395621,677,Crash,57360,0x7FF6B54F0000,SUPERVIVE-Win64-Shipping,0x7FF6BAAFF8AE,33,560f8ae 5609210 560127c 5457270 feca12 1225fd6 13453a5 341721b 36a1aa3 36a1bdc 36a412b 36a339a 35aa803 3ed1a7f 3ed8642 f96a8e f9ce6a 3eeedd4 3ef3e65 39c76c6 37f8b8c 4028924 403005f 40300da 4030f6c 4039696 751ef62,Unhandled Exception: EXCEPTION_ACCESS_VIOLATION reading address 0x0000000000000000,5.4.3-0+UE5,
UECC-Windows-E754B50E414F64FE7D876E9723E69CA3_0000,1782851073.6222847,21,Crash,55800,0x7FF682A80000,SUPERVIVE-Win64-Shipping,0x7FF683A22D31,8,fa2d31 fb1fe6 17826c5 1783780 178747f 115ed67 115c4b1,Unhandled Exception: EXCEPTION_ACCESS_VIOLATION reading address 0x0000000000000020,5.4.3-0+UE5,
UECC-Windows-E88547884A587C7449A41B941DC9F017_0000,1782856658.4725468,45,Crash,16824,0x7FF682A80000,SUPERVIVE-Win64-Shipping,0x7FF6840F67A3,99,16767a3 174cd22 171b724 174c7c4 171c28e 14f3a7a 1500f51 1500dd1 1500f19 1503e55 16ec840 1500ee5 1500dd1 1500f19 1500dd1 1500f19 1500dd1 1500f19 1500dd1 1500f19 1500dd1 1500f19 1500dd1 1500f19 1500dd1 1500f19 1500dd1 1500f19 1500dd1 1500f19 1500dd1 1500f19 1500dd1 1500f19 1500dd1 1500f19 1500dd1 1500f19 1500dd1 1500f19 1500dd1 1500f19 1500dd1 1500f19 1500dd1 1500f19 1500dd1 1500f19 1500dd1 1500f19 1500dd1 1500f19 1500dd1 1500f19 1500dd1 1500f19 1500dd1 1500f19 1500dd1 1500f19 1503e55 16ec840 1500ee5 1500dd1 1500f19 1500dd1 1500f19 1500dd1 1500f19 1500dd1 1500f19 1500dd1 1500f19 1500dd1 1500f19 1500dd1 1500f19 1500dd1 1500f19 1500dc1 1500f19 1500dd1 1500f19 1500dd1 1500f19 1500dd1 1500f19 1500dd1 1500f19 1500dd1 1500f19 1503e55 15b1170 15a10ec 15b1625 15c2262 15c2066 4028d08 403005f,Unhandled Exception: EXCEPTION_ACCESS_VIOLATION writing address 0x00007ff683a75318,5.4.3-0+UE5,
UECC-Windows-EBFECFE74D1F5009F2BE7BB40A163C79_0000,1783718923.5782156,0,Crash,98624,0x0,mdnsNSP,0x20A9632205D,2,,Unhandled Exception: EXCEPTION_ACCESS_VIOLATION reading address 0x0000020ac365b000,5.4.3-0+UE5,
UECC-Windows-ED23376540E7F45D2D20DBB6F88A07C0_0000,1782785753.7684531,14,Assert,52260,0x7FF682A80000,SUPERVIVE-Win64-Shipping,0x7FF683A60148,13,fe0148 ff933e 32bcbee 3ec6312 3efb466 37f8b73 4028924 403005f 40300da 4030f6c 4039696 751ef62,Fatal error: [File:C:\TheoryCraft\build-staging\Engine\Source\Runtime\Core\Private\HAL\MallocBinned2.cpp] [Line: 1322] FMallocBinned2 Attempt to realloc an unrecognized block 000002B775360000 canary == 0x0 != 0xe3,5.4.3-0+UE5,
UECC-Windows-EE95146A4D0F6CACEF54F3B8FD6A3F17_0000,1785056967.44667,195,Crash,32264,0x7FF6E7D30000,mdnsNSP,0x245775FB200,15,3495973 3405f13 3691a72 3691704 367b462 f84697 f873b3 f8b2be f9d9bc f87040 100c334 115ed67 115c4b1,Unhandled Exception: EXCEPTION_ACCESS_VIOLATION 0x00000245775fb200,5.4.3-0+UE5,
UECC-Windows-EF11C5B343B7E4CEED0E82AB07D74BD7_0000,1783735975.2734034,45,Assert,65008,0x7FF6B54F0000,SUPERVIVE-Win64-Shipping,0x7FF6B93D9CF5,11,3ee9cf5 3ec5faf 3efb466 37f8b73 4028924 403005f 40300da 4030f6c 4039696 751ef62,Fatal error: [File:C:\TheoryCraft\build-staging\Engine\Source\Runtime\Engine\Private\UnrealEngine.cpp] [Line: 15551] Couldn&apos;t spawn player: ALokiGameMode::Login failed to Login,5.4.3-0+UE5,
UECC-Windows-F42EF3224A443DA2FE00F390477DC4F4_0000,1782872143.0191207,30,Crash,29644,0x7FF682A80000,SUPERVIVE-Win64-Shipping,0x7FF683A61746,27,fe1746 2b8e7c5 2b8ebe8 2b8e17e 2b804b9 12158f2 120c6d9 120bf7e 120c6c3 120bf7e 120c6c3 120bf7e 120c6c3 120bf7e 120c6c3 120bf7e 120c6c3 120bf7e 120c6c3 120bf7e 120c6c3 120bf7e 1204e25 12143e3 115ed67 115c4b1,Unhandled Exception: EXCEPTION_ACCESS_VIOLATION reading address 0x00000001e3010020,5.4.3-0+UE5,
UECC-Windows-F59A2A2D4C0311E55AA2C0B70EDF6B9E_0000,1782778569.9710774,15,Assert,55052,0x7FF67E4A0000,SUPERVIVE-Win64-Shipping,0x7FF67F480148,13,fe0148 ff933e 32bcbee 3ec6312 3efb466 37f8b73 4028924 403005f 40300da 4030f6c 4039696 751ef62,Fatal error: [File:C:\TheoryCraft\build-staging\Engine\Source\Runtime\Core\Private\HAL\MallocBinned2.cpp] [Line: 1322] FMallocBinned2 Attempt to realloc an unrecognized block 0000015D9E220000 canary == 0x0 != 0xe3,5.4.3-0+UE5,
UECC-Windows-F86B2A5B40089D21DFF70FA7847EBB4E_0000,1782445327.3466113,952,Crash,30700,0x7FF73DBF0000,SUPERVIVE-Win64-Shipping,0x7FF73EC6D500,21,107d500 122642f 12204d5 1205748 511fe12 511fc0f 511f6bb 511faa0 510b257 51011de 5100518 352a0d2 108834d 106c57f f8b2be f9d9bc f87040 100c334 115ed67 115c4b1,Unhandled Exception: EXCEPTION_ACCESS_VIOLATION reading address 0x0000000000000000,5.4.3-0+UE5,
UECC-Windows-FE95FB0A4D579B8F464CDBB239B1D541_0000,1782688315.23262,80,Crash,17608,0x7FF65F6D0000,SUPERVIVE-Win64-Shipping,0x7FF66170656A,99,203656a 2040696 2048a8e 203cbdb 2058c9c 2053b69 fe22ed fe2f86 10f9a39 142eeee 1426aba 142e5cf 143fcd3 1440916 1444ec3 1444de1 164001c 165a2c4 1665e95 16a7cac 1698dbe 169b034 169ef6d 16c0742 16c0654 171b7b8 174c7c4 171c28e 14f3a7a 1500f51 1500dd1 1500f19 1500dd1 1500f19 1500dd1 1500f19 1500dd1 1500f19 1500dd1 1500f19 1500dd1 1500f19 1500dd1 1500f19 1500dd1 1500f19 1500dd1 1500f19 1500dd1 1500f19 1500dd1 1500f19 1500dd1 1500f19 1500dd1 1500f19 1500dd1 1500f19 1500dd1 1500f19 1500dd1 1500f19 1500dd1 1500f19 1500dd1 1500f19 1500dd1 1500f19 1500dd1 1500f19 1500dd1 1500f19 1500dd1 1500f19 1500dd1 1500f19 1500dd1 1500f19 1500dd1 1500f19 1500dd1 1500f19 1500dd1 1500f19 1500dd1 1500f19 1500dd1 1500f19 1500dd1 1500f19 1500dd1 1500f19 1503e55 16ec840 1500ee5 1500dd1 1500f19 1500dd1 1500f19,Unhandled Exception: EXCEPTION_ACCESS_VIOLATION reading address 0x0000000000000701,5.4.3-0+UE5,
UECC-Windows-FF9CF62342E3891A63CDC5BC4ED8786E_0000,1785048653.8637393,195,Crash,17220,0x7FF6E7D30000,mdnsNSP,0x1CBE83CD400,15,3495973 3405f13 3691a72 3691704 367b462 f84697 f873b3 f8b2be f9d9bc f87040 100c334 115ed67 115c4b1,Unhandled Exception: EXCEPTION_ACCESS_VIOLATION 0x000001cbe83cd400,5.4.3-0+UE5,
_0000,1782776755.6838832,0,Crash,0,0x0,Unknown,0x2C5D0641C47,2,,Unhandled Exception: EXCEPTION_ACCESS_VIOLATION reading address 0x00007ff6823657d0,,
