path,file_size,streams,nmodules,game_base,game_size,nthreads,n_mem,n_mem64,n_ranges,bytes_captured,bytes_in_stacks,bytes_in_image,ranges_in_image,n_meminfo,meminfo_bytes,residual,max_range_end_rva,C1,C2,C4
dumps\crashpad-20260804-151455-s109-positive-control\reports\41cdafa3-ceff-4d83-8d11-69fa9b75b54a.dmp,43804912,3 4 5 6 7 12 14 15 16 24 1129316353,221,0x7ff6eaa10000,0xa9e1000,136,723,0,723,40902594,40009728,0,0,44804,2150608,2902318,43804912,1,1,1
dumps\crashpad-20260804-163837\reports\41cdafa3-ceff-4d83-8d11-69fa9b75b54a.dmp,43804912,3 4 5 6 7 12 14 15 16 24 1129316353,221,0x7ff6eaa10000,0xa9e1000,136,723,0,723,40902594,40009728,0,0,44804,2150608,2902318,43804912,1,1,1
dumps\crashpad-20260804-163838-postexit\reports\41cdafa3-ceff-4d83-8d11-69fa9b75b54a.dmp,43804912,3 4 5 6 7 12 14 15 16 24 1129316353,221,0x7ff6eaa10000,0xa9e1000,136,723,0,723,40902594,40009728,0,0,44804,2150608,2902318,43804912,1,1,1
dumps\crashpad-20260804-181909-shimrun2-DEATH\reports\3e17e732-dd9f-4174-a291-66e9c3f036fc.dmp,5420624,3 4 5 6 7 12 14 15 16 24 1129316353,185,0x7ff6a6ef0000,0xa9e1000,127,633,0,633,4350556,3526656,0,0,14929,716608,1070068,5420624,1,1,1
dumps\crashpad-20260804-181915\reports\3e17e732-dd9f-4174-a291-66e9c3f036fc.dmp,5420624,3 4 5 6 7 12 14 15 16 24 1129316353,185,0x7ff6a6ef0000,0xa9e1000,127,633,0,633,4350556,3526656,0,0,14929,716608,1070068,5420624,1,1,1
dumps\crashpad-20260804-182004-shimrun3-DEATH\reports\3e17e732-dd9f-4174-a291-66e9c3f036fc.dmp,5420624,3 4 5 6 7 12 14 15 16 24 1129316353,185,0x7ff6a6ef0000,0xa9e1000,127,633,0,633,4350556,3526656,0,0,14929,716608,1070068,5420624,1,1,1
dumps\crashpad-20260804-182004-shimrun3-DEATH\reports\590cfd83-b140-479b-8bbb-6b77c1cf7efb.dmp,43740912,3 4 5 6 7 12 14 15 16 24 1129316353,220,0x7ff6a6ef0000,0xa9e1000,151,751,0,751,41074680,40091648,0,0,40680,1952656,2666232,43740912,1,1,1
dumps\crashpad-20260804-185216\reports\3e17e732-dd9f-4174-a291-66e9c3f036fc.dmp,5420624,3 4 5 6 7 12 14 15 16 24 1129316353,185,0x7ff6a6ef0000,0xa9e1000,127,633,0,633,4350556,3526656,0,0,14929,716608,1070068,5420624,1,1,1
dumps\crashpad-20260804-185216\reports\590cfd83-b140-479b-8bbb-6b77c1cf7efb.dmp,43740912,3 4 5 6 7 12 14 15 16 24 1129316353,220,0x7ff6a6ef0000,0xa9e1000,151,751,0,751,41074680,40091648,0,0,40680,1952656,2666232,43740912,1,1,1
dumps\crashpad-20260804-210459-pi1run3-DEATH\reports\673de738-afc8-49e1-99d0-7ce0bda6f536.dmp,43385024,3 4 5 6 7 12 14 15 16 24 1129316353,220,0x7ff7e3cb0000,0xa9e1000,153,755,0,755,41127688,40132608,0,0,31370,1505776,2257336,43385024,1,1,1
dumps\crashpad-20260804-211019\reports\673de738-afc8-49e1-99d0-7ce0bda6f536.dmp,43385024,3 4 5 6 7 12 14 15 16 24 1129316353,220,0x7ff7e3cb0000,0xa9e1000,153,755,0,755,41127688,40132608,0,0,31370,1505776,2257336,43385024,1,1,1
dumps\crashpad-20260804-230329-sub-NoMissions-1-DEATH\reports\e7d14df5-ddfb-4f74-902c-29acae9bb0ab.dmp,43312080,3 4 5 6 7 12 14 15 16 24 1129316353,220,0x7ff7e3cb0000,0xa9e1000,151,751,0,751,41091064,40108032,0,0,31460,1510096,2221016,43312080,1,1,1
dumps\crashpad-20260804-230334\reports\e7d14df5-ddfb-4f74-902c-29acae9bb0ab.dmp,43312080,3 4 5 6 7 12 14 15 16 24 1129316353,220,0x7ff7e3cb0000,0xa9e1000,151,751,0,751,41091064,40108032,0,0,31460,1510096,2221016,43312080,1,1,1
dumps\crashpad-20260804-230408-sub-NoMissions-2-DEATH\reports\5e4cce11-0836-4b55-96ed-a5aef4d21aae.dmp,43450944,3 4 5 6 7 12 14 15 16 24 1129316353,220,0x7ff7e3cb0000,0xa9e1000,148,745,0,745,41023840,40058880,0,0,34356,1649104,2427104,43450944,1,1,1
dumps\crashpad-20260804-230413\reports\5e4cce11-0836-4b55-96ed-a5aef4d21aae.dmp,43450944,3 4 5 6 7 12 14 15 16 24 1129316353,220,0x7ff7e3cb0000,0xa9e1000,148,745,0,745,41023840,40058880,0,0,34356,1649104,2427104,43450944,1,1,1
dumps\crashpad-20260804-230452-sub-NoMissions-3-DEATH\reports\d9a2e984-8d4e-46f1-9177-90a668fa926e.dmp,42958384,3 4 5 6 7 12 14 15 16 24 1129316353,210,0x7ff7e3cb0000,0xa9e1000,158,745,0,745,41138270,40120320,0,0,25118,1205680,1820114,42958384,1,1,1
dumps\crashpad-20260804-230458\reports\d9a2e984-8d4e-46f1-9177-90a668fa926e.dmp,42958384,3 4 5 6 7 12 14 15 16 24 1129316353,210,0x7ff7e3cb0000,0xa9e1000,158,745,0,745,41138270,40120320,0,0,25118,1205680,1820114,42958384,1,1,1
dumps\crashpad-20260804-231015\reports\d9a2e984-8d4e-46f1-9177-90a668fa926e.dmp,42958384,3 4 5 6 7 12 14 15 16 24 1129316353,210,0x7ff7e3cb0000,0xa9e1000,158,745,0,745,41138270,40120320,0,0,25118,1205680,1820114,42958384,1,1,1
dumps\crashpad-20260804-231115-sub-NoPasses-2-DEATH\reports\2b109408-47f6-4626-8f10-dea53209e8dd.dmp,41424784,3 4 5 6 7 12 14 15 16 24 1129316353,220,0x7ff7e3cb0000,0xa9e1000,130,709,0,709,38781392,37924864,0,0,40754,1956208,2643392,41424784,1,1,1
dumps\crashpad-20260804-231120\reports\2b109408-47f6-4626-8f10-dea53209e8dd.dmp,41424784,3 4 5 6 7 12 14 15 16 24 1129316353,220,0x7ff7e3cb0000,0xa9e1000,130,709,0,709,38781392,37924864,0,0,40754,1956208,2643392,41424784,1,1,1
dumps\crashpad-20260805-010927-knee-g30-2-DEATH\reports\3fa0b7d3-0b5b-4867-a766-650f55db596b.dmp,40901888,3 4 5 6 7 12 14 15 16 24 1129316353,220,0x7ff7e3cb0000,0xa9e1000,131,711,0,711,38676824,37814272,0,0,31260,1500496,2225064,40901888,1,1,1
dumps\crashpad-20260805-010934\reports\3fa0b7d3-0b5b-4867-a766-650f55db596b.dmp,40901888,3 4 5 6 7 12 14 15 16 24 1129316353,220,0x7ff7e3cb0000,0xa9e1000,131,711,0,711,38676824,37814272,0,0,31260,1500496,2225064,40901888,1,1,1
dumps\crashpad-20260805-011023-knee-g30-3-DEATH\reports\40d6100a-b98a-4cd7-a3d0-d729ef326f3c.dmp,43250128,3 4 5 6 7 12 14 15 16 24 1129316353,220,0x7ff7e3cb0000,0xa9e1000,151,751,0,751,41033720,40050688,0,0,31444,1509328,2216408,43250128,1,1,1
dumps\crashpad-20260805-011028\reports\40d6100a-b98a-4cd7-a3d0-d729ef326f3c.dmp,43250128,3 4 5 6 7 12 14 15 16 24 1129316353,220,0x7ff7e3cb0000,0xa9e1000,151,751,0,751,41033720,40050688,0,0,31444,1509328,2216408,43250128,1,1,1
dumps\crashpad-20260805-014523-tut1-DEATH\reports\89a0d1aa-2c67-45ef-8acd-55e9142634e4.dmp,43683536,3 4 5 6 7 12 14 15 16 24 1129316353,221,0x7ff7e3cb0000,0xa9e1000,138,727,0,727,40877778,39972864,0,0,44669,2144128,2805758,43683536,1,1,1
dumps\crashpad-20260805-014535\reports\89a0d1aa-2c67-45ef-8acd-55e9142634e4.dmp,43683536,3 4 5 6 7 12 14 15 16 24 1129316353,221,0x7ff7e3cb0000,0xa9e1000,138,727,0,727,40877778,39972864,0,0,44669,2144128,2805758,43683536,1,1,1
dumps\crashpad-20260805-020141-tut3-NOSTAGE\reports\85f158bd-ad51-433d-9727-1c672418e735.dmp,44346416,3 4 5 6 7 12 14 15 16 24 1129316353,220,0x7ff681610000,0xa9e1000,143,735,0,735,40870840,39936000,0,0,59233,2843200,3475576,44346416,1,1,1
dumps\crashpad-20260805-020152\reports\85f158bd-ad51-433d-9727-1c672418e735.dmp,44346416,3 4 5 6 7 12 14 15 16 24 1129316353,220,0x7ff681610000,0xa9e1000,143,735,0,735,40870840,39936000,0,0,59233,2843200,3475576,44346416,1,1,1
dumps\crashpad-20260805-020627-tut4-DEATH\reports\e744eeea-ecca-461f-b5a4-2db8ff45a3df.dmp,43780736,3 4 5 6 7 12 14 15 16 24 1129316353,221,0x7ff681610000,0xa9e1000,141,733,0,733,40973674,40050688,0,0,44287,2125792,2807062,43780736,1,1,1
dumps\crashpad-20260805-021852\reports\e744eeea-ecca-461f-b5a4-2db8ff45a3df.dmp,43780736,3 4 5 6 7 12 14 15 16 24 1129316353,221,0x7ff681610000,0xa9e1000,141,733,0,733,40973674,40050688,0,0,44287,2125792,2807062,43780736,1,1,1
dumps\crashpad-20260805-022400-tuta1-DEATH\reports\f6b5e184-a62a-4965-9f65-12bb7b232809.dmp,43693344,3 4 5 6 7 12 14 15 16 24 1129316353,221,0x7ff681610000,0xa9e1000,141,731,0,731,40832482,39915520,0,0,44122,2117872,2860862,43693344,1,1,1
dumps\crashpad-20260805-022406\reports\f6b5e184-a62a-4965-9f65-12bb7b232809.dmp,43693344,3 4 5 6 7 12 14 15 16 24 1129316353,221,0x7ff681610000,0xa9e1000,141,731,0,731,40832482,39915520,0,0,44122,2117872,2860862,43693344,1,1,1
dumps\crashpad-20260805-023322-tuta3-DEATH\reports\1fa9d51c-5eef-447e-9753-a0939f3392a1.dmp,43776016,3 4 5 6 7 12 14 15 16 24 1129316353,221,0x7ff681610000,0xa9e1000,137,725,0,725,40900426,40001536,0,0,44513,2136640,2875590,43776016,1,1,1
dumps\crashpad-20260805-025025\reports\1fa9d51c-5eef-447e-9753-a0939f3392a1.dmp,43776016,3 4 5 6 7 12 14 15 16 24 1129316353,221,0x7ff681610000,0xa9e1000,137,725,0,725,40900426,40001536,0,0,44513,2136640,2875590,43776016,1,1,1
dumps\crashpad-20260805-025508-tutr1-DEATH\reports\b726dea8-4bbe-4f54-8a79-3bc6bf111496.dmp,43752112,3 4 5 6 7 12 14 15 16 24 1129316353,221,0x7ff681610000,0xa9e1000,139,729,0,729,40851034,39940096,0,0,44753,2148160,2901078,43752112,1,1,1
dumps\crashpad-20260805-025514\reports\b726dea8-4bbe-4f54-8a79-3bc6bf111496.dmp,43752112,3 4 5 6 7 12 14 15 16 24 1129316353,221,0x7ff681610000,0xa9e1000,139,729,0,729,40851034,39940096,0,0,44753,2148160,2901078,43752112,1,1,1
dumps\crashpad-20260805-030027\reports\45b740e8-67a3-401c-b530-21ce9760ee3e.dmp,43609888,3 4 5 6 7 12 14 15 16 24 1129316353,220,0x7ff681610000,0xa9e1000,142,731,0,731,40842408,39919616,0,0,42708,2050000,2767480,43609888,1,1,1
dumps\crashpad-20260805-030527-tutr3-DEATH\reports\c9a85003-95c5-4ae8-86b4-918e2d6c66c2.dmp,43810800,3 4 5 6 7 12 14 15 16 24 1129316353,221,0x7ff681610000,0xa9e1000,137,725,0,725,40929098,40030208,0,0,44883,2154400,2881702,43810800,1,1,1
dumps\crashpad-20260805-031232\reports\c9a85003-95c5-4ae8-86b4-918e2d6c66c2.dmp,43810800,3 4 5 6 7 12 14 15 16 24 1129316353,221,0x7ff681610000,0xa9e1000,137,725,0,725,40929098,40030208,0,0,44883,2154400,2881702,43810800,1,1,1
dumps\crashpad-20260805-143222-s110itemwatch\reports\b869ecda-0839-49e3-afad-da4159dcc675.dmp,41642480,3 4 5 6 7 12 14 15 16 24 1129316353,221,0x7ff681610000,0xa9e1000,123,696,0,696,38766162,37957632,0,0,45039,2161888,2876318,41642480,1,1,1
dumps\crashpad-20260805-173230\reports\b869ecda-0839-49e3-afad-da4159dcc675.dmp,41642480,3 4 5 6 7 12 14 15 16 24 1129316353,221,0x7ff681610000,0xa9e1000,123,696,0,696,38766162,37957632,0,0,45039,2161888,2876318,41642480,1,1,1
dumps\crashpad-20260805-173814-phase2-nostage\reports\e0d14d37-b8b6-4612-baa4-fc75d36f9113.dmp,41497664,3 4 5 6 7 12 14 15 16 24 1129316353,220,0x7ff681610000,0xa9e1000,128,705,0,705,38769338,37924864,0,0,43304,2078608,2728326,41497664,1,1,1
dumps\crashpad-20260805-173820\reports\e0d14d37-b8b6-4612-baa4-fc75d36f9113.dmp,41497664,3 4 5 6 7 12 14 15 16 24 1129316353,220,0x7ff681610000,0xa9e1000,128,705,0,705,38769338,37924864,0,0,43304,2078608,2728326,41497664,1,1,1
dumps\crashpad-20260805-174425-phase2b-void\reports\f350db65-12ce-4ce1-b8be-a7565eb59828.dmp,41569744,3 4 5 6 7 12 14 15 16 24 1129316353,220,0x7ff681610000,0xa9e1000,121,691,0,691,38686210,37883904,0,0,44567,2139232,2883534,41569744,1,1,1
dumps\crashpad-20260805-174431\reports\f350db65-12ce-4ce1-b8be-a7565eb59828.dmp,41569744,3 4 5 6 7 12 14 15 16 24 1129316353,220,0x7ff681610000,0xa9e1000,121,691,0,691,38686210,37883904,0,0,44567,2139232,2883534,41569744,1,1,1
dumps\crashpad-20260805-182113-animref-SUCCESS\reports\2432183f-4889-49ae-a673-da14cb8f617c.dmp,43740464,3 4 5 6 7 12 14 15 16 24 1129316353,221,0x7ff681610000,0xa9e1000,137,725,0,725,40884036,39985152,0,0,44543,2138080,2856428,43740464,1,1,1
dumps\crashpad-20260805-184433\reports\2432183f-4889-49ae-a673-da14cb8f617c.dmp,43740464,3 4 5 6 7 12 14 15 16 24 1129316353,221,0x7ff681610000,0xa9e1000,137,725,0,725,40884036,39985152,0,0,44543,2138080,2856428,43740464,1,1,1
dumps\crashpad-20260805-204616-s111-scanfix-run1\reports\4636381f-41f7-41f3-837f-9d95c5c58890.dmp,43578336,3 4 5 6 7 12 14 15 16 24 1129316353,221,0x7ff6505c0000,0xa9e1000,140,731,0,731,40898190,39981056,0,0,40835,1960096,2680146,43578336,1,1,1
dumps\crashpad-20260805-205350\reports\4636381f-41f7-41f3-837f-9d95c5c58890.dmp,43578336,3 4 5 6 7 12 14 15 16 24 1129316353,221,0x7ff6505c0000,0xa9e1000,140,731,0,731,40898190,39981056,0,0,40835,1960096,2680146,43578336,1,1,1
dumps\crashpad-20260805-205357-s111-scanfix-run2\reports\4636381f-41f7-41f3-837f-9d95c5c58890.dmp,43578336,3 4 5 6 7 12 14 15 16 24 1129316353,221,0x7ff6505c0000,0xa9e1000,140,731,0,731,40898190,39981056,0,0,40835,1960096,2680146,43578336,1,1,1
dumps\crashpad-20260805-205659-s111-VOID-concurrent\reports\4fb67c1c-0798-42b9-a8b2-0d4f1d1b669e.dmp,40874144,3 4 5 6 7 12 14 15 16 24 1129316353,220,0x7ff6505c0000,0xa9e1000,129,706,0,706,38691692,37847040,0,0,31640,1518736,2182452,40874144,1,1,1
dumps\crashpad-20260805-210129\reports\4fb67c1c-0798-42b9-a8b2-0d4f1d1b669e.dmp,40874144,3 4 5 6 7 12 14 15 16 24 1129316353,220,0x7ff6505c0000,0xa9e1000,129,706,0,706,38691692,37847040,0,0,31640,1518736,2182452,40874144,1,1,1
dumps\crashpad-20260805-230519-s111-oldNM3\reports\27b26cae-f366-463f-8d39-0a27ccc5fe0f.dmp,40898320,3 4 5 6 7 12 14 15 16 24 1129316353,220,0x7ff6505c0000,0xa9e1000,141,731,0,731,38950050,38027264,0,0,27247,1307872,1948270,40898320,1,1,1
dumps\crashpad-20260805-230636\reports\27b26cae-f366-463f-8d39-0a27ccc5fe0f.dmp,40898320,3 4 5 6 7 12 14 15 16 24 1129316353,220,0x7ff6505c0000,0xa9e1000,141,731,0,731,38950050,38027264,0,0,27247,1307872,1948270,40898320,1,1,1
dumps\crashpad-20260805-230951-s111-newNM2\reports\975f7bc9-ec69-4714-86f0-c5a9415cfb54.dmp,43680432,3 4 5 6 7 12 14 15 16 24 1129316353,220,0x7ff6505c0000,0xa9e1000,151,751,0,751,41046002,40062976,0,0,40795,1958176,2634430,43680432,1,1,1
dumps\crashpad-20260805-230959\reports\975f7bc9-ec69-4714-86f0-c5a9415cfb54.dmp,43680432,3 4 5 6 7 12 14 15 16 24 1129316353,220,0x7ff6505c0000,0xa9e1000,151,751,0,751,41046002,40062976,0,0,40795,1958176,2634430,43680432,1,1,1
dumps\crashpad-20260805-231646-s111-oldNM5\reports\9153ee65-9706-4f79-b653-2fb1b2fe8b50.dmp,42846432,3 4 5 6 7 12 14 15 16 24 1129316353,220,0x7ff6505c0000,0xa9e1000,153,755,0,755,40619778,39624704,0,0,31397,1507072,2226654,42846432,1,1,1
dumps\crashpad-20260805-231653\reports\9153ee65-9706-4f79-b653-2fb1b2fe8b50.dmp,42846432,3 4 5 6 7 12 14 15 16 24 1129316353,220,0x7ff6505c0000,0xa9e1000,153,755,0,755,40619778,39624704,0,0,31397,1507072,2226654,42846432,1,1,1
dumps\crashpad-20260805-233911-s111ab-A1r1\reports\cfdd0096-f4a8-4c5d-850f-f551e7d83634.dmp,43731120,3 4 5 6 7 12 14 15 16 24 1129316353,220,0x7ff6505c0000,0xa9e1000,151,751,0,751,41054194,40071168,0,0,40851,1960864,2676926,43731120,1,1,1
dumps\crashpad-20260805-233918\reports\cfdd0096-f4a8-4c5d-850f-f551e7d83634.dmp,43731120,3 4 5 6 7 12 14 15 16 24 1129316353,220,0x7ff6505c0000,0xa9e1000,151,751,0,751,41054194,40071168,0,0,40851,1960864,2676926,43731120,1,1,1
dumps\crashpad-20260805-233955-s111ab-A1r2\reports\6b62f3fa-224c-4579-9d45-5eeabfab6c53.dmp,43694304,3 4 5 6 7 12 14 15 16 24 1129316353,220,0x7ff6505c0000,0xa9e1000,152,753,0,753,41109370,40120320,0,0,39298,1886320,2584934,43694304,1,1,1
dumps\crashpad-20260805-234002\reports\6b62f3fa-224c-4579-9d45-5eeabfab6c53.dmp,43694304,3 4 5 6 7 12 14 15 16 24 1129316353,220,0x7ff6505c0000,0xa9e1000,152,753,0,753,41109370,40120320,0,0,39298,1886320,2584934,43694304,1,1,1
dumps\crashpad-20260805-234147-s111ab-A1r4\reports\59ca3de5-92d4-4767-bd5e-3a864c91412c.dmp,41488880,3 4 5 6 7 12 14 15 16 24 1129316353,220,0x7ff6505c0000,0xa9e1000,134,717,0,717,38850538,37969920,0,0,40854,1961008,2638342,41488880,1,1,1
dumps\crashpad-20260805-234154\reports\59ca3de5-92d4-4767-bd5e-3a864c91412c.dmp,41488880,3 4 5 6 7 12 14 15 16 24 1129316353,220,0x7ff6505c0000,0xa9e1000,134,717,0,717,38850538,37969920,0,0,40854,1961008,2638342,41488880,1,1,1
dumps\crashpad-20260805-234559-s111ab-B2r2\reports\c3b1b52c-7dd7-4b9c-9160-778908d1084a.dmp,41256144,3 4 5 6 7 12 14 15 16 24 1129316353,220,0x7ff6505c0000,0xa9e1000,144,737,0,737,39037754,38096896,0,0,31331,1503904,2218390,41256144,1,1,1
dumps\crashpad-20260805-234606\reports\c3b1b52c-7dd7-4b9c-9160-778908d1084a.dmp,41256144,3 4 5 6 7 12 14 15 16 24 1129316353,220,0x7ff6505c0000,0xa9e1000,144,737,0,737,39037754,38096896,0,0,31331,1503904,2218390,41256144,1,1,1
dumps\crashpad-20260805-234850-s111ab-B2r5\reports\702ee15a-63b7-42da-acbb-e72079e1d2e7.dmp,43408976,3 4 5 6 7 12 14 15 16 24 1129316353,220,0x7ff6505c0000,0xa9e1000,156,761,0,761,41137562,40124416,0,0,31351,1504864,2271414,43408976,1,1,1
dumps\crashpad-20260805-234857\reports\702ee15a-63b7-42da-acbb-e72079e1d2e7.dmp,43408976,3 4 5 6 7 12 14 15 16 24 1129316353,220,0x7ff6505c0000,0xa9e1000,156,761,0,761,41137562,40124416,0,0,31351,1504864,2271414,43408976,1,1,1
dumps\crashpad-20260805-235002-s111ab-B2r6\reports\702ee15a-63b7-42da-acbb-e72079e1d2e7.dmp,43408976,3 4 5 6 7 12 14 15 16 24 1129316353,220,0x7ff6505c0000,0xa9e1000,156,761,0,761,41137562,40124416,0,0,31351,1504864,2271414,43408976,1,1,1
dumps\crashpad-20260805-235017\reports\702ee15a-63b7-42da-acbb-e72079e1d2e7.dmp,43408976,3 4 5 6 7 12 14 15 16 24 1129316353,220,0x7ff6505c0000,0xa9e1000,156,761,0,761,41137562,40124416,0,0,31351,1504864,2271414,43408976,1,1,1
dumps\crashpad-20260805-235529-s111ab-A2r5\reports\0315cb47-de79-4396-a919-8fefe83ebebe.dmp,41497776,3 4 5 6 7 12 14 15 16 24 1129316353,220,0x7ff6505c0000,0xa9e1000,135,719,0,719,38799218,37912576,0,0,40925,1964416,2698558,41497776,1,1,1
dumps\crashpad-20260805-235536\reports\0315cb47-de79-4396-a919-8fefe83ebebe.dmp,41497776,3 4 5 6 7 12 14 15 16 24 1129316353,220,0x7ff6505c0000,0xa9e1000,135,719,0,719,38799218,37912576,0,0,40925,1964416,2698558,41497776,1,1,1
dumps\crashpad-20260805-235601-s111ab-A2r6\reports\443b9e94-f87e-4633-b8fc-94c83cc70012.dmp,43314432,3 4 5 6 7 12 14 15 16 24 1129316353,220,0x7ff6505c0000,0xa9e1000,157,763,0,763,41200930,40181760,0,0,28957,1389952,2113502,43314432,1,1,1
dumps\crashpad-20260805-235616\reports\443b9e94-f87e-4633-b8fc-94c83cc70012.dmp,43314432,3 4 5 6 7 12 14 15 16 24 1129316353,220,0x7ff6505c0000,0xa9e1000,157,763,0,763,41200930,40181760,0,0,28957,1389952,2113502,43314432,1,1,1
dumps\crashpad-20260805-235648-s111ab-B3r1\reports\06d4cd2c-fdce-4349-85ab-37a3b4335050.dmp,43861072,3 4 5 6 7 12 14 15 16 24 1129316353,220,0x7ff6505c0000,0xa9e1000,155,759,0,759,41156114,40148992,0,0,40683,1952800,2704958,43861072,1,1,1
dumps\crashpad-20260805-235654\reports\06d4cd2c-fdce-4349-85ab-37a3b4335050.dmp,43861072,3 4 5 6 7 12 14 15 16 24 1129316353,220,0x7ff6505c0000,0xa9e1000,155,759,0,759,41156114,40148992,0,0,40683,1952800,2704958,43861072,1,1,1
dumps\crashpad-20260805-235818-s111ab-B3r3\reports\cfedb35e-9eba-46d9-ace6-e0b32b9c98a8.dmp,8201408,3 4 5 6 7 12 14 15 16 24 1129316353,204,0x7ff6505c0000,0xa9e1000,149,715,0,715,6680552,5718016,0,0,20929,1004608,1520856,8201408,1,1,1
dumps\crashpad-20260805-235825\reports\cfedb35e-9eba-46d9-ace6-e0b32b9c98a8.dmp,8201408,3 4 5 6 7 12 14 15 16 24 1129316353,204,0x7ff6505c0000,0xa9e1000,149,715,0,715,6680552,5718016,0,0,20929,1004608,1520856,8201408,1,1,1
dumps\crashpad-20260805-235930-s111ab-B3r4\reports\cfedb35e-9eba-46d9-ace6-e0b32b9c98a8.dmp,8201408,3 4 5 6 7 12 14 15 16 24 1129316353,204,0x7ff6505c0000,0xa9e1000,149,715,0,715,6680552,5718016,0,0,20929,1004608,1520856,8201408,1,1,1
dumps\crashpad-20260805-235936\reports\cfedb35e-9eba-46d9-ace6-e0b32b9c98a8.dmp,8201408,3 4 5 6 7 12 14 15 16 24 1129316353,204,0x7ff6505c0000,0xa9e1000,149,715,0,715,6680552,5718016,0,0,20929,1004608,1520856,8201408,1,1,1
dumps\crashpad-20260806-000010-s111ab-B3r5\reports\a62a2996-353f-4a30-8f4c-1708fc4e3081.dmp,43432704,3 4 5 6 7 12 14 15 16 24 1129316353,220,0x7ff6505c0000,0xa9e1000,151,751,0,751,41123826,40140800,0,0,33050,1586416,2308878,43432704,1,1,1
dumps\crashpad-20260806-000010-s111ab-B3r5\reports\cfedb35e-9eba-46d9-ace6-e0b32b9c98a8.dmp,8201408,3 4 5 6 7 12 14 15 16 24 1129316353,204,0x7ff6505c0000,0xa9e1000,149,715,0,715,6680552,5718016,0,0,20929,1004608,1520856,8201408,1,1,1
dumps\crashpad-20260806-000017\reports\a62a2996-353f-4a30-8f4c-1708fc4e3081.dmp,43432704,3 4 5 6 7 12 14 15 16 24 1129316353,220,0x7ff6505c0000,0xa9e1000,151,751,0,751,41123826,40140800,0,0,33050,1586416,2308878,43432704,1,1,1
dumps\crashpad-20260806-000017\reports\cfedb35e-9eba-46d9-ace6-e0b32b9c98a8.dmp,8201408,3 4 5 6 7 12 14 15 16 24 1129316353,204,0x7ff6505c0000,0xa9e1000,149,715,0,715,6680552,5718016,0,0,20929,1004608,1520856,8201408,1,1,1
dumps\crashpad-20260806-000650-s111ab-A3r5\reports\7bc35585-e027-4681-8bae-c6ccb07fb01f.dmp,41582160,3 4 5 6 7 12 14 15 16 24 1129316353,220,0x7ff6505c0000,0xa9e1000,134,717,0,717,38895594,38014976,0,0,40864,1961488,2686566,41582160,1,1,1
dumps\crashpad-20260806-000656\reports\7bc35585-e027-4681-8bae-c6ccb07fb01f.dmp,41582160,3 4 5 6 7 12 14 15 16 24 1129316353,220,0x7ff6505c0000,0xa9e1000,134,717,0,717,38895594,38014976,0,0,40864,1961488,2686566,41582160,1,1,1
dumps\crashpad-20260806-000841-s111ab-B4r1\reports\74876872-1314-41d4-b5ba-8d62e7df8b35.dmp,40783568,3 4 5 6 7 12 14 15 16 24 1129316353,220,0x7ff6505c0000,0xa9e1000,143,735,0,735,38757298,37822464,0,0,28493,1367680,2026270,40783568,1,1,1
dumps\crashpad-20260806-000848\reports\74876872-1314-41d4-b5ba-8d62e7df8b35.dmp,40783568,3 4 5 6 7 12 14 15 16 24 1129316353,220,0x7ff6505c0000,0xa9e1000,143,735,0,735,38757298,37822464,0,0,28493,1367680,2026270,40783568,1,1,1
dumps\crashpad-20260806-001132-s111ab-B4r4\reports\105ad569-268e-4bd1-9d7f-2ed600330620.dmp,43448736,3 4 5 6 7 12 14 15 16 24 1129316353,220,0x7ff6505c0000,0xa9e1000,160,769,0,769,41235386,40198144,0,0,31385,1506496,2213350,43448736,1,1,1
dumps\crashpad-20260806-001139\reports\105ad569-268e-4bd1-9d7f-2ed600330620.dmp,43448736,3 4 5 6 7 12 14 15 16 24 1129316353,220,0x7ff6505c0000,0xa9e1000,160,769,0,769,41235386,40198144,0,0,31385,1506496,2213350,43448736,1,1,1
dumps\crashpad-20260806-001359-s111ab-B4r6\reports\f053db6e-082f-4628-9cb9-759f9240d7fe.dmp,41131872,3 4 5 6 7 12 14 15 16 24 1129316353,220,0x7ff6505c0000,0xa9e1000,135,719,0,719,38872946,37986304,0,0,31459,1510048,2258926,41131872,1,1,1
dumps\crashpad-20260806-001418\reports\f053db6e-082f-4628-9cb9-759f9240d7fe.dmp,41131872,3 4 5 6 7 12 14 15 16 24 1129316353,220,0x7ff6505c0000,0xa9e1000,135,719,0,719,38872946,37986304,0,0,31459,1510048,2258926,41131872,1,1,1
dumps\crashpad-20260806-001638-s111ab-A4r2\reports\b64c7089-b1d8-4ae3-bea0-d023ea6d2ecd.dmp,41404800,3 4 5 6 7 12 14 15 16 24 1129316353,220,0x7ff6505c0000,0xa9e1000,137,723,0,723,38876802,37978112,0,0,37073,1779520,2527998,41404800,1,1,1
dumps\crashpad-20260806-001646\reports\b64c7089-b1d8-4ae3-bea0-d023ea6d2ecd.dmp,41404800,3 4 5 6 7 12 14 15 16 24 1129316353,220,0x7ff6505c0000,0xa9e1000,137,723,0,723,38876802,37978112,0,0,37073,1779520,2527998,41404800,1,1,1
dumps\crashpad-20260806-002104-s111ab-A4r6\reports\15eb57cb-e6d7-4f64-ad52-a07fe308ae56.dmp,43273184,3 4 5 6 7 12 14 15 16 24 1129316353,214,0x7ff6505c0000,0xa9e1000,164,765,0,765,41221250,40161280,0,0,27725,1330816,2051934,43273184,1,1,1
dumps\crashpad-20260806-002125\reports\15eb57cb-e6d7-4f64-ad52-a07fe308ae56.dmp,43273184,3 4 5 6 7 12 14 15 16 24 1129316353,214,0x7ff6505c0000,0xa9e1000,164,765,0,765,41221250,40161280,0,0,27725,1330816,2051934,43273184,1,1,1
dumps\crashpad-20260806-002506-s111ab-B5r3\reports\d6af67a2-baa5-43c9-822a-63d42a508eea.dmp,43150960,3 4 5 6 7 12 14 15 16 24 1129316353,210,0x7ff6505c0000,0xa9e1000,157,743,0,743,41078998,40067072,0,0,27739,1331488,2071962,43150960,1,1,1
dumps\crashpad-20260806-002514\reports\d6af67a2-baa5-43c9-822a-63d42a508eea.dmp,43150960,3 4 5 6 7 12 14 15 16 24 1129316353,210,0x7ff6505c0000,0xa9e1000,157,743,0,743,41078998,40067072,0,0,27739,1331488,2071962,43150960,1,1,1
dumps\crashpad-20260806-002847-s111ab-B5r6\reports\dc056ebe-d854-4d87-b06e-ddb9be0aad15.dmp,41277408,3 4 5 6 7 12 14 15 16 24 1129316353,220,0x7ff6505c0000,0xa9e1000,132,713,0,713,38736090,37867520,0,0,36757,1764352,2541318,41277408,1,1,1
dumps\crashpad-20260806-002910\reports\dc056ebe-d854-4d87-b06e-ddb9be0aad15.dmp,41277408,3 4 5 6 7 12 14 15 16 24 1129316353,220,0x7ff6505c0000,0xa9e1000,132,713,0,713,38736090,37867520,0,0,36757,1764352,2541318,41277408,1,1,1
dumps\crashpad-20260806-003354-s111ab-A5r5\reports\fb683a78-0e83-4578-8ffb-e71219426461.dmp,43472832,3 4 5 6 7 12 14 15 16 24 1129316353,220,0x7ff6505c0000,0xa9e1000,157,763,0,763,41213218,40194048,0,0,31345,1504576,2259614,43472832,1,1,1
dumps\crashpad-20260806-003402\reports\fb683a78-0e83-4578-8ffb-e71219426461.dmp,43472832,3 4 5 6 7 12 14 15 16 24 1129316353,220,0x7ff6505c0000,0xa9e1000,157,763,0,763,41213218,40194048,0,0,31345,1504576,2259614,43472832,1,1,1
dumps\crashpad-20260806-003438-s111ab-A5r6\reports\c62fdc53-3456-46b3-b4fb-bb157363c055.dmp,40834976,3 4 5 6 7 12 14 15 16 24 1129316353,220,0x7ff6505c0000,0xa9e1000,139,727,0,727,38643090,37732352,0,0,31349,1504768,2191886,40834976,1,1,1
dumps\crashpad-20260806-134927\reports\c62fdc53-3456-46b3-b4fb-bb157363c055.dmp,40834976,3 4 5 6 7 12 14 15 16 24 1129316353,220,0x7ff6505c0000,0xa9e1000,139,727,0,727,38643090,37732352,0,0,31349,1504768,2191886,40834976,1,1,1
dumps\crashpad-20260806-135215-s111ab-C1r3\reports\3044e714-56fb-4253-ab5e-528e183a1e46.dmp,41277904,3 4 5 6 7 12 14 15 16 24 1129316353,219,0x7ff6505c0000,0xa9e1000,151,751,0,751,39161842,38178816,0,0,28571,1371424,2116062,41277904,1,1,1
dumps\crashpad-20260806-135222\reports\3044e714-56fb-4253-ab5e-528e183a1e46.dmp,41277904,3 4 5 6 7 12 14 15 16 24 1129316353,219,0x7ff6505c0000,0xa9e1000,151,751,0,751,39161842,38178816,0,0,28571,1371424,2116062,41277904,1,1,1
dumps\crashpad-20260806-135511-s111ab-C1r6\reports\42d05faa-f278-424e-86fb-a4409611b541.dmp,7847424,3 4 5 6 7 12 14 15 16 24 1129316353,196,0x7ff6505c0000,0xa9e1000,146,693,0,693,6590164,5648384,0,0,17098,820720,1257260,7847424,1,1,1
dumps\crashpad-20260806-135530\reports\42d05faa-f278-424e-86fb-a4409611b541.dmp,7847424,3 4 5 6 7 12 14 15 16 24 1129316353,196,0x7ff6505c0000,0xa9e1000,146,693,0,693,6590164,5648384,0,0,17098,820720,1257260,7847424,1,1,1
dumps\crashpad-20260806-135636-s111ab-C2r1\reports\42d05faa-f278-424e-86fb-a4409611b541.dmp,7847424,3 4 5 6 7 12 14 15 16 24 1129316353,196,0x7ff6505c0000,0xa9e1000,146,693,0,693,6590164,5648384,0,0,17098,820720,1257260,7847424,1,1,1
dumps\crashpad-20260806-135644\reports\42d05faa-f278-424e-86fb-a4409611b541.dmp,7847424,3 4 5 6 7 12 14 15 16 24 1129316353,196,0x7ff6505c0000,0xa9e1000,146,693,0,693,6590164,5648384,0,0,17098,820720,1257260,7847424,1,1,1
dumps\crashpad-20260806-135750-s111ab-C2r2\reports\42d05faa-f278-424e-86fb-a4409611b541.dmp,7847424,3 4 5 6 7 12 14 15 16 24 1129316353,196,0x7ff6505c0000,0xa9e1000,146,693,0,693,6590164,5648384,0,0,17098,820720,1257260,7847424,1,1,1
dumps\crashpad-20260806-135756\reports\42d05faa-f278-424e-86fb-a4409611b541.dmp,7847424,3 4 5 6 7 12 14 15 16 24 1129316353,196,0x7ff6505c0000,0xa9e1000,146,693,0,693,6590164,5648384,0,0,17098,820720,1257260,7847424,1,1,1
dumps\crashpad-20260806-135901-s111ab-C2r3\reports\42d05faa-f278-424e-86fb-a4409611b541.dmp,7847424,3 4 5 6 7 12 14 15 16 24 1129316353,196,0x7ff6505c0000,0xa9e1000,146,693,0,693,6590164,5648384,0,0,17098,820720,1257260,7847424,1,1,1
dumps\crashpad-20260806-135908\reports\42d05faa-f278-424e-86fb-a4409611b541.dmp,7847424,3 4 5 6 7 12 14 15 16 24 1129316353,196,0x7ff6505c0000,0xa9e1000,146,693,0,693,6590164,5648384,0,0,17098,820720,1257260,7847424,1,1,1
dumps\crashpad-20260806-140010-s111ab-C2r4\reports\42d05faa-f278-424e-86fb-a4409611b541.dmp,7847424,3 4 5 6 7 12 14 15 16 24 1129316353,196,0x7ff6505c0000,0xa9e1000,146,693,0,693,6590164,5648384,0,0,17098,820720,1257260,7847424,1,1,1
dumps\crashpad-20260806-140010-s111ab-C2r4\reports\8eece45c-185f-4b14-b05f-a543d4cc2ade.dmp,41400512,3 4 5 6 7 12 14 15 16 24 1129316353,221,0x7ff6505c0000,0xa9e1000,129,709,0,709,38714294,37863424,0,0,40910,1963696,2686218,41400512,1,1,1
dumps\crashpad-20260806-140018\reports\42d05faa-f278-424e-86fb-a4409611b541.dmp,7847424,3 4 5 6 7 12 14 15 16 24 1129316353,196,0x7ff6505c0000,0xa9e1000,146,693,0,693,6590164,5648384,0,0,17098,820720,1257260,7847424,1,1,1
dumps\crashpad-20260806-140018\reports\8eece45c-185f-4b14-b05f-a543d4cc2ade.dmp,41400512,3 4 5 6 7 12 14 15 16 24 1129316353,221,0x7ff6505c0000,0xa9e1000,129,709,0,709,38714294,37863424,0,0,40910,1963696,2686218,41400512,1,1,1
dumps\crashpad-20260806-140040-s111ab-C2r5\reports\42d05faa-f278-424e-86fb-a4409611b541.dmp,7847424,3 4 5 6 7 12 14 15 16 24 1129316353,196,0x7ff6505c0000,0xa9e1000,146,693,0,693,6590164,5648384,0,0,17098,820720,1257260,7847424,1,1,1
dumps\crashpad-20260806-140040-s111ab-C2r5\reports\8eece45c-185f-4b14-b05f-a543d4cc2ade.dmp,41400512,3 4 5 6 7 12 14 15 16 24 1129316353,221,0x7ff6505c0000,0xa9e1000,129,709,0,709,38714294,37863424,0,0,40910,1963696,2686218,41400512,1,1,1
dumps\crashpad-20260806-140048\reports\42d05faa-f278-424e-86fb-a4409611b541.dmp,7847424,3 4 5 6 7 12 14 15 16 24 1129316353,196,0x7ff6505c0000,0xa9e1000,146,693,0,693,6590164,5648384,0,0,17098,820720,1257260,7847424,1,1,1
dumps\crashpad-20260806-140048\reports\8eece45c-185f-4b14-b05f-a543d4cc2ade.dmp,41400512,3 4 5 6 7 12 14 15 16 24 1129316353,221,0x7ff6505c0000,0xa9e1000,129,709,0,709,38714294,37863424,0,0,40910,1963696,2686218,41400512,1,1,1
dumps\crashpad-20260806-141416-s111ab-C4r4\reports\112e217d-9ad1-4aaa-96a4-0989b941e169.dmp,43640416,3 4 5 6 7 12 14 15 16 24 1129316353,221,0x7ff6505c0000,0xa9e1000,146,743,0,743,40975294,40022016,0,0,41237,1979392,2665122,43640416,1,1,1
dumps\crashpad-20260806-141423\reports\112e217d-9ad1-4aaa-96a4-0989b941e169.dmp,43640416,3 4 5 6 7 12 14 15 16 24 1129316353,221,0x7ff6505c0000,0xa9e1000,146,743,0,743,40975294,40022016,0,0,41237,1979392,2665122,43640416,1,1,1
dumps\crashpad-20260806-141645-s111ab-C4r6\reports\9f46e3c5-b6bb-411a-b6e0-9449d5355f86.dmp,43598256,3 4 5 6 7 12 14 15 16 24 1129316353,221,0x7ff6505c0000,0xa9e1000,143,737,0,737,40932646,39997440,0,0,41029,1969408,2665610,43598256,1,1,1
dumps\crashpad-20260806-141700\reports\9f46e3c5-b6bb-411a-b6e0-9449d5355f86.dmp,43598256,3 4 5 6 7 12 14 15 16 24 1129316353,221,0x7ff6505c0000,0xa9e1000,143,737,0,737,40932646,39997440,0,0,41029,1969408,2665610,43598256,1,1,1
dumps\crashpad-20260806-142122-s111ab-C5r5\reports\9317ebe9-f77b-486b-b095-4c384b8b01d4.dmp,8368512,3 4 5 6 7 12 14 15 16 24 1129316353,204,0x7ff6505c0000,0xa9e1000,147,711,0,711,6693080,5742592,0,0,23524,1129168,1675432,8368512,1,1,1
dumps\crashpad-20260806-142129\reports\9317ebe9-f77b-486b-b095-4c384b8b01d4.dmp,8368512,3 4 5 6 7 12 14 15 16 24 1129316353,204,0x7ff6505c0000,0xa9e1000,147,711,0,711,6693080,5742592,0,0,23524,1129168,1675432,8368512,1,1,1
dumps\crashpad-20260806-142227-s111ab-C5r6\reports\194c0f93-625f-41ff-8902-a3ce1e98df92.dmp,43778416,3 4 5 6 7 12 14 15 16 24 1129316353,221,0x7ff6505c0000,0xa9e1000,148,747,0,747,41081550,40116224,0,0,40994,1967728,2696866,43778416,1,1,1
dumps\crashpad-20260806-142227-s111ab-C5r6\reports\9317ebe9-f77b-486b-b095-4c384b8b01d4.dmp,8368512,3 4 5 6 7 12 14 15 16 24 1129316353,204,0x7ff6505c0000,0xa9e1000,147,711,0,711,6693080,5742592,0,0,23524,1129168,1675432,8368512,1,1,1
dumps\crashpad-20260806-143754\reports\194c0f93-625f-41ff-8902-a3ce1e98df92.dmp,43778416,3 4 5 6 7 12 14 15 16 24 1129316353,221,0x7ff6505c0000,0xa9e1000,148,747,0,747,41081550,40116224,0,0,40994,1967728,2696866,43778416,1,1,1
dumps\crashpad-20260806-143754\reports\9317ebe9-f77b-486b-b095-4c384b8b01d4.dmp,8368512,3 4 5 6 7 12 14 15 16 24 1129316353,204,0x7ff6505c0000,0xa9e1000,147,711,0,711,6693080,5742592,0,0,23524,1129168,1675432,8368512,1,1,1
dumps\crashpad-20260806-170919-s111arme-E1_1\reports\e0f7e621-bc08-4829-a4fe-4fc52b65c7b1.dmp,43464160,3 4 5 6 7 12 14 15 16 24 1129316353,220,0x7ff6505c0000,0xa9e1000,141,731,0,731,40813730,39890944,0,0,40837,1960192,2650430,43464160,1,1,1
dumps\crashpad-20260806-170936\reports\e0f7e621-bc08-4829-a4fe-4fc52b65c7b1.dmp,43464160,3 4 5 6 7 12 14 15 16 24 1129316353,220,0x7ff6505c0000,0xa9e1000,141,731,0,731,40813730,39890944,0,0,40837,1960192,2650430,43464160,1,1,1
dumps\crashpad-20260806-171102-s111arme-E2_1\reports\9d8a2194-101e-4280-81a3-c91e21e1e53a.dmp,43516016,3 4 5 6 7 12 14 15 16 24 1129316353,220,0x7ff6505c0000,0xa9e1000,139,727,0,727,40822162,39911424,0,0,40952,1965712,2693854,43516016,1,1,1
dumps\crashpad-20260806-171117\reports\9d8a2194-101e-4280-81a3-c91e21e1e53a.dmp,43516016,3 4 5 6 7 12 14 15 16 24 1129316353,220,0x7ff6505c0000,0xa9e1000,139,727,0,727,40822162,39911424,0,0,40952,1965712,2693854,43516016,1,1,1
dumps\crashpad-20260806-171621-s111arme-E3_1\reports\ec3d0203-bdc6-48fe-95d3-41578562caae.dmp,43559760,3 4 5 6 7 12 14 15 16 24 1129316353,220,0x7ff6505c0000,0xa9e1000,136,721,0,721,40881914,39989248,0,0,41076,1971664,2677846,43559760,1,1,1
dumps\crashpad-20260806-171637\reports\ec3d0203-bdc6-48fe-95d3-41578562caae.dmp,43559760,3 4 5 6 7 12 14 15 16 24 1129316353,220,0x7ff6505c0000,0xa9e1000,136,721,0,721,40881914,39989248,0,0,41076,1971664,2677846,43559760,1,1,1
dumps\crashpad-20260806-171907-s111arme-E4_1\reports\19041be4-7657-4429-b80a-88aed57df6a1.dmp,43553408,3 4 5 6 7 12 14 15 16 24 1129316353,220,0x7ff6505c0000,0xa9e1000,137,723,0,723,40867458,39968768,0,0,41025,1969216,2685950,43553408,1,1,1
dumps\crashpad-20260806-171923\reports\19041be4-7657-4429-b80a-88aed57df6a1.dmp,43553408,3 4 5 6 7 12 14 15 16 24 1129316353,220,0x7ff6505c0000,0xa9e1000,137,723,0,723,40867458,39968768,0,0,41025,1969216,2685950,43553408,1,1,1
dumps\crashpad-20260806-172150-s111arme-E5_1\reports\d54eb8a3-6dcb-442a-9433-9b1f971e61fe.dmp,43552688,3 4 5 6 7 12 14 15 16 24 1129316353,220,0x7ff6505c0000,0xa9e1000,136,721,0,721,40832762,39940096,0,0,40885,1962496,2719926,43552688,1,1,1
dumps\crashpad-20260806-172207\reports\d54eb8a3-6dcb-442a-9433-9b1f971e61fe.dmp,43552688,3 4 5 6 7 12 14 15 16 24 1129316353,220,0x7ff6505c0000,0xa9e1000,136,721,0,721,40832762,39940096,0,0,40885,1962496,2719926,43552688,1,1,1
dumps\crashpad-20260806-173022-s111arme-E7_1\reports\855d2696-5599-49a9-b34e-2afe4e1a1186.dmp,43657136,3 4 5 6 7 12 14 15 16 24 1129316353,220,0x7ff6505c0000,0xa9e1000,141,731,0,731,40965282,40042496,0,0,40925,1964416,2691854,43657136,1,1,1
dumps\crashpad-20260806-173037\reports\855d2696-5599-49a9-b34e-2afe4e1a1186.dmp,43657136,3 4 5 6 7 12 14 15 16 24 1129316353,220,0x7ff6505c0000,0xa9e1000,141,731,0,731,40965282,40042496,0,0,40925,1964416,2691854,43657136,1,1,1
dumps\crashpad-20260806-173429-s111arme-E8b_1\reports\c2e68cd7-c0a7-44d4-830c-3afb2717818a.dmp,43653728,3 4 5 6 7 12 14 15 16 24 1129316353,220,0x7ff6505c0000,0xa9e1000,139,727,0,727,40953234,40042496,0,0,41044,1970128,2700494,43653728,1,1,1
dumps\crashpad-20260806-174003\reports\c2e68cd7-c0a7-44d4-830c-3afb2717818a.dmp,43653728,3 4 5 6 7 12 14 15 16 24 1129316353,220,0x7ff6505c0000,0xa9e1000,139,727,0,727,40953234,40042496,0,0,41044,1970128,2700494,43653728,1,1,1
dumps\crashpad-20260806-174123-s111bisect-E1a_1\reports\85a8fcb8-966c-4002-9907-bb7ceb25117c.dmp,43503536,3 4 5 6 7 12 14 15 16 24 1129316353,220,0x7ff6505c0000,0xa9e1000,137,723,0,723,40806018,39907328,0,0,40880,1962256,2697518,43503536,1,1,1
dumps\crashpad-20260806-174206\reports\85a8fcb8-966c-4002-9907-bb7ceb25117c.dmp,43503536,3 4 5 6 7 12 14 15 16 24 1129316353,220,0x7ff6505c0000,0xa9e1000,137,723,0,723,40806018,39907328,0,0,40880,1962256,2697518,43503536,1,1,1
dumps\crashpad-20260806-174546-s111bisect-E2a_1\reports\73149cae-07b9-4d5f-a87d-50bdf1577f97.dmp,43637040,3 4 5 6 7 12 14 15 16 24 1129316353,220,0x7ff6505c0000,0xa9e1000,138,725,0,725,40926730,40022016,0,0,40877,1962112,2710310,43637040,1,1,1
dumps\crashpad-20260806-174603\reports\73149cae-07b9-4d5f-a87d-50bdf1577f97.dmp,43637040,3 4 5 6 7 12 14 15 16 24 1129316353,220,0x7ff6505c0000,0xa9e1000,138,725,0,725,40926730,40022016,0,0,40877,1962112,2710310,43637040,1,1,1
dumps\crashpad-20260806-181618-s111bisect-E1b_1\reports\d58a6916-9a4b-402d-89bf-d4753e4eef6b.dmp,41301552,3 4 5 6 7 12 14 15 16 24 1129316353,220,0x7ff6505c0000,0xa9e1000,122,693,0,693,38626698,37818368,0,0,40907,1963552,2674854,41301552,1,1,1
dumps\crashpad-20260806-181635\reports\d58a6916-9a4b-402d-89bf-d4753e4eef6b.dmp,41301552,3 4 5 6 7 12 14 15 16 24 1129316353,220,0x7ff6505c0000,0xa9e1000,122,693,0,693,38626698,37818368,0,0,40907,1963552,2674854,41301552,1,1,1
dumps\crashpad-20260806-181710-s111bisect-E2b_1\reports\0ad880ed-d104-4f86-82b5-090eb4f999d0.dmp,42875328,3 4 5 6 7 12 14 15 16 24 1129316353,210,0x7ff6505c0000,0xa9e1000,158,745,0,745,41044062,40026112,0,0,25298,1214320,1831266,42875328,1,1,1
dumps\crashpad-20260806-214649\reports\0ad880ed-d104-4f86-82b5-090eb4f999d0.dmp,42875328,3 4 5 6 7 12 14 15 16 24 1129316353,210,0x7ff6505c0000,0xa9e1000,158,745,0,745,41044062,40026112,0,0,25298,1214320,1831266,42875328,1,1,1
dumps\crashpad-20260806-221813-s111ab-P2r2\reports\7576d9ff-6a99-4327-88e8-a703855ca4c1.dmp,42224192,3 4 5 6 7 12 14 15 16 24 1129316353,210,0x7ff6505c0000,0xa9e1000,161,751,0,751,40632054,39596032,0,0,22274,1069168,1592138,42224192,1,1,1
dumps\crashpad-20260806-221820\reports\7576d9ff-6a99-4327-88e8-a703855ca4c1.dmp,42224192,3 4 5 6 7 12 14 15 16 24 1129316353,210,0x7ff6505c0000,0xa9e1000,161,751,0,751,40632054,39596032,0,0,22274,1069168,1592138,42224192,1,1,1
dumps\crashpad-20260806-222109-s111ab-P2r5\reports\df6dbec2-8ca4-4021-b71c-18cff8be8ff5.dmp,7907536,3 4 5 6 7 12 14 15 16 24 1129316353,198,0x7ff6505c0000,0xa9e1000,146,699,0,699,6599380,5656576,0,0,18194,873328,1308156,7907536,1,1,1
dumps\crashpad-20260806-222116\reports\df6dbec2-8ca4-4021-b71c-18cff8be8ff5.dmp,7907536,3 4 5 6 7 12 14 15 16 24 1129316353,198,0x7ff6505c0000,0xa9e1000,146,699,0,699,6599380,5656576,0,0,18194,873328,1308156,7907536,1,1,1
dumps\crashpad-20260806-222222-s111ab-P2r6\reports\df6dbec2-8ca4-4021-b71c-18cff8be8ff5.dmp,7907536,3 4 5 6 7 12 14 15 16 24 1129316353,198,0x7ff6505c0000,0xa9e1000,146,699,0,699,6599380,5656576,0,0,18194,873328,1308156,7907536,1,1,1
dumps\crashpad-20260806-222239\reports\df6dbec2-8ca4-4021-b71c-18cff8be8ff5.dmp,7907536,3 4 5 6 7 12 14 15 16 24 1129316353,198,0x7ff6505c0000,0xa9e1000,146,699,0,699,6599380,5656576,0,0,18194,873328,1308156,7907536,1,1,1
dumps\crashpad-20260806-222345-s111ab-P3r1\reports\df6dbec2-8ca4-4021-b71c-18cff8be8ff5.dmp,7907536,3 4 5 6 7 12 14 15 16 24 1129316353,198,0x7ff6505c0000,0xa9e1000,146,699,0,699,6599380,5656576,0,0,18194,873328,1308156,7907536,1,1,1
dumps\crashpad-20260806-222352\reports\df6dbec2-8ca4-4021-b71c-18cff8be8ff5.dmp,7907536,3 4 5 6 7 12 14 15 16 24 1129316353,198,0x7ff6505c0000,0xa9e1000,146,699,0,699,6599380,5656576,0,0,18194,873328,1308156,7907536,1,1,1
dumps\crashpad-20260806-222457-s111ab-P3r2\reports\df6dbec2-8ca4-4021-b71c-18cff8be8ff5.dmp,7907536,3 4 5 6 7 12 14 15 16 24 1129316353,198,0x7ff6505c0000,0xa9e1000,146,699,0,699,6599380,5656576,0,0,18194,873328,1308156,7907536,1,1,1
dumps\crashpad-20260806-222503\reports\df6dbec2-8ca4-4021-b71c-18cff8be8ff5.dmp,7907536,3 4 5 6 7 12 14 15 16 24 1129316353,198,0x7ff6505c0000,0xa9e1000,146,699,0,699,6599380,5656576,0,0,18194,873328,1308156,7907536,1,1,1
dumps\crashpad-20260806-222608-s111ab-P3r3\reports\df6dbec2-8ca4-4021-b71c-18cff8be8ff5.dmp,7907536,3 4 5 6 7 12 14 15 16 24 1129316353,198,0x7ff6505c0000,0xa9e1000,146,699,0,699,6599380,5656576,0,0,18194,873328,1308156,7907536,1,1,1
dumps\crashpad-20260806-222615\reports\df6dbec2-8ca4-4021-b71c-18cff8be8ff5.dmp,7907536,3 4 5 6 7 12 14 15 16 24 1129316353,198,0x7ff6505c0000,0xa9e1000,146,699,0,699,6599380,5656576,0,0,18194,873328,1308156,7907536,1,1,1
dumps\crashpad-20260806-222720-s111ab-P3r4\reports\df6dbec2-8ca4-4021-b71c-18cff8be8ff5.dmp,7907536,3 4 5 6 7 12 14 15 16 24 1129316353,198,0x7ff6505c0000,0xa9e1000,146,699,0,699,6599380,5656576,0,0,18194,873328,1308156,7907536,1,1,1
dumps\crashpad-20260806-222727\reports\df6dbec2-8ca4-4021-b71c-18cff8be8ff5.dmp,7907536,3 4 5 6 7 12 14 15 16 24 1129316353,198,0x7ff6505c0000,0xa9e1000,146,699,0,699,6599380,5656576,0,0,18194,873328,1308156,7907536,1,1,1
dumps\crashpad-20260806-222832-s111ab-P3r5\reports\df6dbec2-8ca4-4021-b71c-18cff8be8ff5.dmp,7907536,3 4 5 6 7 12 14 15 16 24 1129316353,198,0x7ff6505c0000,0xa9e1000,146,699,0,699,6599380,5656576,0,0,18194,873328,1308156,7907536,1,1,1
dumps\crashpad-20260806-222838\reports\df6dbec2-8ca4-4021-b71c-18cff8be8ff5.dmp,7907536,3 4 5 6 7 12 14 15 16 24 1129316353,198,0x7ff6505c0000,0xa9e1000,146,699,0,699,6599380,5656576,0,0,18194,873328,1308156,7907536,1,1,1
dumps\crashpad-20260806-222943-s111ab-P3r6\reports\df6dbec2-8ca4-4021-b71c-18cff8be8ff5.dmp,7907536,3 4 5 6 7 12 14 15 16 24 1129316353,198,0x7ff6505c0000,0xa9e1000,146,699,0,699,6599380,5656576,0,0,18194,873328,1308156,7907536,1,1,1
dumps\crashpad-20260806-222959\reports\df6dbec2-8ca4-4021-b71c-18cff8be8ff5.dmp,7907536,3 4 5 6 7 12 14 15 16 24 1129316353,198,0x7ff6505c0000,0xa9e1000,146,699,0,699,6599380,5656576,0,0,18194,873328,1308156,7907536,1,1,1
dumps\crashpad-20260806-223104-s111ab-P4r1\reports\df6dbec2-8ca4-4021-b71c-18cff8be8ff5.dmp,7907536,3 4 5 6 7 12 14 15 16 24 1129316353,198,0x7ff6505c0000,0xa9e1000,146,699,0,699,6599380,5656576,0,0,18194,873328,1308156,7907536,1,1,1
dumps\crashpad-20260806-223110\reports\df6dbec2-8ca4-4021-b71c-18cff8be8ff5.dmp,7907536,3 4 5 6 7 12 14 15 16 24 1129316353,198,0x7ff6505c0000,0xa9e1000,146,699,0,699,6599380,5656576,0,0,18194,873328,1308156,7907536,1,1,1
dumps\crashpad-20260806-223139-s111ab-P4r2\reports\df6dbec2-8ca4-4021-b71c-18cff8be8ff5.dmp,7907536,3 4 5 6 7 12 14 15 16 24 1129316353,198,0x7ff6505c0000,0xa9e1000,146,699,0,699,6599380,5656576,0,0,18194,873328,1308156,7907536,1,1,1
dumps\crashpad-20260806-223145\reports\df6dbec2-8ca4-4021-b71c-18cff8be8ff5.dmp,7907536,3 4 5 6 7 12 14 15 16 24 1129316353,198,0x7ff6505c0000,0xa9e1000,146,699,0,699,6599380,5656576,0,0,18194,873328,1308156,7907536,1,1,1
dumps\crashpad-20260806-223250-s111ab-P4r3\reports\df6dbec2-8ca4-4021-b71c-18cff8be8ff5.dmp,7907536,3 4 5 6 7 12 14 15 16 24 1129316353,198,0x7ff6505c0000,0xa9e1000,146,699,0,699,6599380,5656576,0,0,18194,873328,1308156,7907536,1,1,1
dumps\crashpad-20260806-223257\reports\df6dbec2-8ca4-4021-b71c-18cff8be8ff5.dmp,7907536,3 4 5 6 7 12 14 15 16 24 1129316353,198,0x7ff6505c0000,0xa9e1000,146,699,0,699,6599380,5656576,0,0,18194,873328,1308156,7907536,1,1,1
dumps\crashpad-20260806-223402-s111ab-P4r4\reports\df6dbec2-8ca4-4021-b71c-18cff8be8ff5.dmp,7907536,3 4 5 6 7 12 14 15 16 24 1129316353,198,0x7ff6505c0000,0xa9e1000,146,699,0,699,6599380,5656576,0,0,18194,873328,1308156,7907536,1,1,1
dumps\crashpad-20260806-223408\reports\df6dbec2-8ca4-4021-b71c-18cff8be8ff5.dmp,7907536,3 4 5 6 7 12 14 15 16 24 1129316353,198,0x7ff6505c0000,0xa9e1000,146,699,0,699,6599380,5656576,0,0,18194,873328,1308156,7907536,1,1,1
dumps\crashpad-20260806-223513-s111ab-P4r5\reports\df6dbec2-8ca4-4021-b71c-18cff8be8ff5.dmp,7907536,3 4 5 6 7 12 14 15 16 24 1129316353,198,0x7ff6505c0000,0xa9e1000,146,699,0,699,6599380,5656576,0,0,18194,873328,1308156,7907536,1,1,1
dumps\crashpad-20260806-223520\reports\df6dbec2-8ca4-4021-b71c-18cff8be8ff5.dmp,7907536,3 4 5 6 7 12 14 15 16 24 1129316353,198,0x7ff6505c0000,0xa9e1000,146,699,0,699,6599380,5656576,0,0,18194,873328,1308156,7907536,1,1,1
dumps\crashpad-20260806-223625-s111ab-P4r6\reports\df6dbec2-8ca4-4021-b71c-18cff8be8ff5.dmp,7907536,3 4 5 6 7 12 14 15 16 24 1129316353,198,0x7ff6505c0000,0xa9e1000,146,699,0,699,6599380,5656576,0,0,18194,873328,1308156,7907536,1,1,1
dumps\crashpad-20260806-223642\reports\df6dbec2-8ca4-4021-b71c-18cff8be8ff5.dmp,7907536,3 4 5 6 7 12 14 15 16 24 1129316353,198,0x7ff6505c0000,0xa9e1000,146,699,0,699,6599380,5656576,0,0,18194,873328,1308156,7907536,1,1,1
dumps\crashpad-20260806-223747-s111ab-P5r1\reports\df6dbec2-8ca4-4021-b71c-18cff8be8ff5.dmp,7907536,3 4 5 6 7 12 14 15 16 24 1129316353,198,0x7ff6505c0000,0xa9e1000,146,699,0,699,6599380,5656576,0,0,18194,873328,1308156,7907536,1,1,1
dumps\crashpad-20260806-223754\reports\df6dbec2-8ca4-4021-b71c-18cff8be8ff5.dmp,7907536,3 4 5 6 7 12 14 15 16 24 1129316353,198,0x7ff6505c0000,0xa9e1000,146,699,0,699,6599380,5656576,0,0,18194,873328,1308156,7907536,1,1,1
dumps\crashpad-20260806-223859-s111ab-P5r2\reports\df6dbec2-8ca4-4021-b71c-18cff8be8ff5.dmp,7907536,3 4 5 6 7 12 14 15 16 24 1129316353,198,0x7ff6505c0000,0xa9e1000,146,699,0,699,6599380,5656576,0,0,18194,873328,1308156,7907536,1,1,1
dumps\crashpad-20260806-223905\reports\df6dbec2-8ca4-4021-b71c-18cff8be8ff5.dmp,7907536,3 4 5 6 7 12 14 15 16 24 1129316353,198,0x7ff6505c0000,0xa9e1000,146,699,0,699,6599380,5656576,0,0,18194,873328,1308156,7907536,1,1,1
dumps\crashpad-20260806-224010-s111ab-P5r3\reports\df6dbec2-8ca4-4021-b71c-18cff8be8ff5.dmp,7907536,3 4 5 6 7 12 14 15 16 24 1129316353,198,0x7ff6505c0000,0xa9e1000,146,699,0,699,6599380,5656576,0,0,18194,873328,1308156,7907536,1,1,1
dumps\crashpad-20260806-224017\reports\df6dbec2-8ca4-4021-b71c-18cff8be8ff5.dmp,7907536,3 4 5 6 7 12 14 15 16 24 1129316353,198,0x7ff6505c0000,0xa9e1000,146,699,0,699,6599380,5656576,0,0,18194,873328,1308156,7907536,1,1,1
dumps\crashpad-20260806-224122-s111ab-P5r4\reports\df6dbec2-8ca4-4021-b71c-18cff8be8ff5.dmp,7907536,3 4 5 6 7 12 14 15 16 24 1129316353,198,0x7ff6505c0000,0xa9e1000,146,699,0,699,6599380,5656576,0,0,18194,873328,1308156,7907536,1,1,1
dumps\crashpad-20260806-224128\reports\df6dbec2-8ca4-4021-b71c-18cff8be8ff5.dmp,7907536,3 4 5 6 7 12 14 15 16 24 1129316353,198,0x7ff6505c0000,0xa9e1000,146,699,0,699,6599380,5656576,0,0,18194,873328,1308156,7907536,1,1,1
dumps\crashpad-20260806-224233-s111ab-P5r5\reports\df6dbec2-8ca4-4021-b71c-18cff8be8ff5.dmp,7907536,3 4 5 6 7 12 14 15 16 24 1129316353,198,0x7ff6505c0000,0xa9e1000,146,699,0,699,6599380,5656576,0,0,18194,873328,1308156,7907536,1,1,1
dumps\crashpad-20260806-224240\reports\df6dbec2-8ca4-4021-b71c-18cff8be8ff5.dmp,7907536,3 4 5 6 7 12 14 15 16 24 1129316353,198,0x7ff6505c0000,0xa9e1000,146,699,0,699,6599380,5656576,0,0,18194,873328,1308156,7907536,1,1,1
dumps\crashpad-20260806-224259-s111ab-P5r6\reports\df6dbec2-8ca4-4021-b71c-18cff8be8ff5.dmp,7907536,3 4 5 6 7 12 14 15 16 24 1129316353,198,0x7ff6505c0000,0xa9e1000,146,699,0,699,6599380,5656576,0,0,18194,873328,1308156,7907536,1,1,1
dumps\crashpad-20260806-224644\reports\df6dbec2-8ca4-4021-b71c-18cff8be8ff5.dmp,7907536,3 4 5 6 7 12 14 15 16 24 1129316353,198,0x7ff6505c0000,0xa9e1000,146,699,0,699,6599380,5656576,0,0,18194,873328,1308156,7907536,1,1,1
dumps\crashpad-20260806-224749-s111bisect-H1r1\reports\df6dbec2-8ca4-4021-b71c-18cff8be8ff5.dmp,7907536,3 4 5 6 7 12 14 15 16 24 1129316353,198,0x7ff6505c0000,0xa9e1000,146,699,0,699,6599380,5656576,0,0,18194,873328,1308156,7907536,1,1,1
dumps\crashpad-20260806-224756\reports\df6dbec2-8ca4-4021-b71c-18cff8be8ff5.dmp,7907536,3 4 5 6 7 12 14 15 16 24 1129316353,198,0x7ff6505c0000,0xa9e1000,146,699,0,699,6599380,5656576,0,0,18194,873328,1308156,7907536,1,1,1
dumps\crashpad-20260806-224901-s111bisect-H1r2\reports\df6dbec2-8ca4-4021-b71c-18cff8be8ff5.dmp,7907536,3 4 5 6 7 12 14 15 16 24 1129316353,198,0x7ff6505c0000,0xa9e1000,146,699,0,699,6599380,5656576,0,0,18194,873328,1308156,7907536,1,1,1
dumps\crashpad-20260806-224908\reports\df6dbec2-8ca4-4021-b71c-18cff8be8ff5.dmp,7907536,3 4 5 6 7 12 14 15 16 24 1129316353,198,0x7ff6505c0000,0xa9e1000,146,699,0,699,6599380,5656576,0,0,18194,873328,1308156,7907536,1,1,1
dumps\crashpad-20260806-225013-s111bisect-H1r3\reports\df6dbec2-8ca4-4021-b71c-18cff8be8ff5.dmp,7907536,3 4 5 6 7 12 14 15 16 24 1129316353,198,0x7ff6505c0000,0xa9e1000,146,699,0,699,6599380,5656576,0,0,18194,873328,1308156,7907536,1,1,1
dumps\crashpad-20260806-225019\reports\df6dbec2-8ca4-4021-b71c-18cff8be8ff5.dmp,7907536,3 4 5 6 7 12 14 15 16 24 1129316353,198,0x7ff6505c0000,0xa9e1000,146,699,0,699,6599380,5656576,0,0,18194,873328,1308156,7907536,1,1,1
dumps\crashpad-20260806-225124-s111bisect-H1r4\reports\df6dbec2-8ca4-4021-b71c-18cff8be8ff5.dmp,7907536,3 4 5 6 7 12 14 15 16 24 1129316353,198,0x7ff6505c0000,0xa9e1000,146,699,0,699,6599380,5656576,0,0,18194,873328,1308156,7907536,1,1,1
dumps\crashpad-20260806-225131\reports\df6dbec2-8ca4-4021-b71c-18cff8be8ff5.dmp,7907536,3 4 5 6 7 12 14 15 16 24 1129316353,198,0x7ff6505c0000,0xa9e1000,146,699,0,699,6599380,5656576,0,0,18194,873328,1308156,7907536,1,1,1
dumps\crashpad-20260806-225236-s111bisect-H1r5\reports\df6dbec2-8ca4-4021-b71c-18cff8be8ff5.dmp,7907536,3 4 5 6 7 12 14 15 16 24 1129316353,198,0x7ff6505c0000,0xa9e1000,146,699,0,699,6599380,5656576,0,0,18194,873328,1308156,7907536,1,1,1
dumps\crashpad-20260806-225243\reports\df6dbec2-8ca4-4021-b71c-18cff8be8ff5.dmp,7907536,3 4 5 6 7 12 14 15 16 24 1129316353,198,0x7ff6505c0000,0xa9e1000,146,699,0,699,6599380,5656576,0,0,18194,873328,1308156,7907536,1,1,1
dumps\crashpad-20260806-225348-s111bisect-H1r6\reports\df6dbec2-8ca4-4021-b71c-18cff8be8ff5.dmp,7907536,3 4 5 6 7 12 14 15 16 24 1129316353,198,0x7ff6505c0000,0xa9e1000,146,699,0,699,6599380,5656576,0,0,18194,873328,1308156,7907536,1,1,1
dumps\crashpad-20260806-225403\reports\df6dbec2-8ca4-4021-b71c-18cff8be8ff5.dmp,7907536,3 4 5 6 7 12 14 15 16 24 1129316353,198,0x7ff6505c0000,0xa9e1000,146,699,0,699,6599380,5656576,0,0,18194,873328,1308156,7907536,1,1,1
dumps\crashpad-20260806-225508-s111bisect-H2r1\reports\df6dbec2-8ca4-4021-b71c-18cff8be8ff5.dmp,7907536,3 4 5 6 7 12 14 15 16 24 1129316353,198,0x7ff6505c0000,0xa9e1000,146,699,0,699,6599380,5656576,0,0,18194,873328,1308156,7907536,1,1,1
dumps\crashpad-20260806-225515\reports\df6dbec2-8ca4-4021-b71c-18cff8be8ff5.dmp,7907536,3 4 5 6 7 12 14 15 16 24 1129316353,198,0x7ff6505c0000,0xa9e1000,146,699,0,699,6599380,5656576,0,0,18194,873328,1308156,7907536,1,1,1
dumps\crashpad-20260806-225620-s111bisect-H2r2\reports\df6dbec2-8ca4-4021-b71c-18cff8be8ff5.dmp,7907536,3 4 5 6 7 12 14 15 16 24 1129316353,198,0x7ff6505c0000,0xa9e1000,146,699,0,699,6599380,5656576,0,0,18194,873328,1308156,7907536,1,1,1
dumps\crashpad-20260806-225626\reports\df6dbec2-8ca4-4021-b71c-18cff8be8ff5.dmp,7907536,3 4 5 6 7 12 14 15 16 24 1129316353,198,0x7ff6505c0000,0xa9e1000,146,699,0,699,6599380,5656576,0,0,18194,873328,1308156,7907536,1,1,1
dumps\crashpad-20260806-225732-s111bisect-H2r3\reports\df6dbec2-8ca4-4021-b71c-18cff8be8ff5.dmp,7907536,3 4 5 6 7 12 14 15 16 24 1129316353,198,0x7ff6505c0000,0xa9e1000,146,699,0,699,6599380,5656576,0,0,18194,873328,1308156,7907536,1,1,1
dumps\crashpad-20260806-225738\reports\df6dbec2-8ca4-4021-b71c-18cff8be8ff5.dmp,7907536,3 4 5 6 7 12 14 15 16 24 1129316353,198,0x7ff6505c0000,0xa9e1000,146,699,0,699,6599380,5656576,0,0,18194,873328,1308156,7907536,1,1,1
dumps\crashpad-20260806-225843-s111bisect-H2r4\reports\df6dbec2-8ca4-4021-b71c-18cff8be8ff5.dmp,7907536,3 4 5 6 7 12 14 15 16 24 1129316353,198,0x7ff6505c0000,0xa9e1000,146,699,0,699,6599380,5656576,0,0,18194,873328,1308156,7907536,1,1,1
dumps\crashpad-20260806-225850\reports\df6dbec2-8ca4-4021-b71c-18cff8be8ff5.dmp,7907536,3 4 5 6 7 12 14 15 16 24 1129316353,198,0x7ff6505c0000,0xa9e1000,146,699,0,699,6599380,5656576,0,0,18194,873328,1308156,7907536,1,1,1
dumps\crashpad-20260806-225955-s111bisect-H2r5\reports\df6dbec2-8ca4-4021-b71c-18cff8be8ff5.dmp,7907536,3 4 5 6 7 12 14 15 16 24 1129316353,198,0x7ff6505c0000,0xa9e1000,146,699,0,699,6599380,5656576,0,0,18194,873328,1308156,7907536,1,1,1
dumps\crashpad-20260806-230002\reports\df6dbec2-8ca4-4021-b71c-18cff8be8ff5.dmp,7907536,3 4 5 6 7 12 14 15 16 24 1129316353,198,0x7ff6505c0000,0xa9e1000,146,699,0,699,6599380,5656576,0,0,18194,873328,1308156,7907536,1,1,1
dumps\crashpad-20260806-230107-s111bisect-H2r6\reports\df6dbec2-8ca4-4021-b71c-18cff8be8ff5.dmp,7907536,3 4 5 6 7 12 14 15 16 24 1129316353,198,0x7ff6505c0000,0xa9e1000,146,699,0,699,6599380,5656576,0,0,18194,873328,1308156,7907536,1,1,1
dumps\crashpad-20260806-230138\reports\df6dbec2-8ca4-4021-b71c-18cff8be8ff5.dmp,7907536,3 4 5 6 7 12 14 15 16 24 1129316353,198,0x7ff6505c0000,0xa9e1000,146,699,0,699,6599380,5656576,0,0,18194,873328,1308156,7907536,1,1,1
dumps\crashpad-20260806-230243-s111bisect-H3r1\reports\df6dbec2-8ca4-4021-b71c-18cff8be8ff5.dmp,7907536,3 4 5 6 7 12 14 15 16 24 1129316353,198,0x7ff6505c0000,0xa9e1000,146,699,0,699,6599380,5656576,0,0,18194,873328,1308156,7907536,1,1,1
dumps\crashpad-20260806-230250\reports\df6dbec2-8ca4-4021-b71c-18cff8be8ff5.dmp,7907536,3 4 5 6 7 12 14 15 16 24 1129316353,198,0x7ff6505c0000,0xa9e1000,146,699,0,699,6599380,5656576,0,0,18194,873328,1308156,7907536,1,1,1
dumps\crashpad-20260806-230355-s111bisect-H3r2\reports\df6dbec2-8ca4-4021-b71c-18cff8be8ff5.dmp,7907536,3 4 5 6 7 12 14 15 16 24 1129316353,198,0x7ff6505c0000,0xa9e1000,146,699,0,699,6599380,5656576,0,0,18194,873328,1308156,7907536,1,1,1
dumps\crashpad-20260806-230401\reports\df6dbec2-8ca4-4021-b71c-18cff8be8ff5.dmp,7907536,3 4 5 6 7 12 14 15 16 24 1129316353,198,0x7ff6505c0000,0xa9e1000,146,699,0,699,6599380,5656576,0,0,18194,873328,1308156,7907536,1,1,1
dumps\crashpad-20260806-230506-s111bisect-H3r3\reports\df6dbec2-8ca4-4021-b71c-18cff8be8ff5.dmp,7907536,3 4 5 6 7 12 14 15 16 24 1129316353,198,0x7ff6505c0000,0xa9e1000,146,699,0,699,6599380,5656576,0,0,18194,873328,1308156,7907536,1,1,1
dumps\crashpad-20260806-230513\reports\df6dbec2-8ca4-4021-b71c-18cff8be8ff5.dmp,7907536,3 4 5 6 7 12 14 15 16 24 1129316353,198,0x7ff6505c0000,0xa9e1000,146,699,0,699,6599380,5656576,0,0,18194,873328,1308156,7907536,1,1,1
dumps\crashpad-20260806-230618-s111bisect-H3r4\reports\df6dbec2-8ca4-4021-b71c-18cff8be8ff5.dmp,7907536,3 4 5 6 7 12 14 15 16 24 1129316353,198,0x7ff6505c0000,0xa9e1000,146,699,0,699,6599380,5656576,0,0,18194,873328,1308156,7907536,1,1,1
dumps\crashpad-20260806-230624\reports\df6dbec2-8ca4-4021-b71c-18cff8be8ff5.dmp,7907536,3 4 5 6 7 12 14 15 16 24 1129316353,198,0x7ff6505c0000,0xa9e1000,146,699,0,699,6599380,5656576,0,0,18194,873328,1308156,7907536,1,1,1
dumps\crashpad-20260806-230647-s111bisect-H3r5\reports\df6dbec2-8ca4-4021-b71c-18cff8be8ff5.dmp,7907536,3 4 5 6 7 12 14 15 16 24 1129316353,198,0x7ff6505c0000,0xa9e1000,146,699,0,699,6599380,5656576,0,0,18194,873328,1308156,7907536,1,1,1
dumps\crashpad-20260806-230653\reports\df6dbec2-8ca4-4021-b71c-18cff8be8ff5.dmp,7907536,3 4 5 6 7 12 14 15 16 24 1129316353,198,0x7ff6505c0000,0xa9e1000,146,699,0,699,6599380,5656576,0,0,18194,873328,1308156,7907536,1,1,1
dumps\crashpad-20260806-230758-s111bisect-H3r6\reports\df6dbec2-8ca4-4021-b71c-18cff8be8ff5.dmp,7907536,3 4 5 6 7 12 14 15 16 24 1129316353,198,0x7ff6505c0000,0xa9e1000,146,699,0,699,6599380,5656576,0,0,18194,873328,1308156,7907536,1,1,1
dumps\crashpad-20260806-230815\reports\df6dbec2-8ca4-4021-b71c-18cff8be8ff5.dmp,7907536,3 4 5 6 7 12 14 15 16 24 1129316353,198,0x7ff6505c0000,0xa9e1000,146,699,0,699,6599380,5656576,0,0,18194,873328,1308156,7907536,1,1,1
dumps\crashpad-20260806-230921-s111bisect-H4r1\reports\df6dbec2-8ca4-4021-b71c-18cff8be8ff5.dmp,7907536,3 4 5 6 7 12 14 15 16 24 1129316353,198,0x7ff6505c0000,0xa9e1000,146,699,0,699,6599380,5656576,0,0,18194,873328,1308156,7907536,1,1,1
dumps\crashpad-20260806-230927\reports\df6dbec2-8ca4-4021-b71c-18cff8be8ff5.dmp,7907536,3 4 5 6 7 12 14 15 16 24 1129316353,198,0x7ff6505c0000,0xa9e1000,146,699,0,699,6599380,5656576,0,0,18194,873328,1308156,7907536,1,1,1
dumps\crashpad-20260806-231032-s111bisect-H4r2\reports\df6dbec2-8ca4-4021-b71c-18cff8be8ff5.dmp,7907536,3 4 5 6 7 12 14 15 16 24 1129316353,198,0x7ff6505c0000,0xa9e1000,146,699,0,699,6599380,5656576,0,0,18194,873328,1308156,7907536,1,1,1
dumps\crashpad-20260806-231039\reports\df6dbec2-8ca4-4021-b71c-18cff8be8ff5.dmp,7907536,3 4 5 6 7 12 14 15 16 24 1129316353,198,0x7ff6505c0000,0xa9e1000,146,699,0,699,6599380,5656576,0,0,18194,873328,1308156,7907536,1,1,1
dumps\crashpad-20260806-231144-s111bisect-H4r3\reports\df6dbec2-8ca4-4021-b71c-18cff8be8ff5.dmp,7907536,3 4 5 6 7 12 14 15 16 24 1129316353,198,0x7ff6505c0000,0xa9e1000,146,699,0,699,6599380,5656576,0,0,18194,873328,1308156,7907536,1,1,1
dumps\crashpad-20260806-231150\reports\df6dbec2-8ca4-4021-b71c-18cff8be8ff5.dmp,7907536,3 4 5 6 7 12 14 15 16 24 1129316353,198,0x7ff6505c0000,0xa9e1000,146,699,0,699,6599380,5656576,0,0,18194,873328,1308156,7907536,1,1,1
dumps\crashpad-20260806-231255-s111bisect-H4r4\reports\df6dbec2-8ca4-4021-b71c-18cff8be8ff5.dmp,7907536,3 4 5 6 7 12 14 15 16 24 1129316353,198,0x7ff6505c0000,0xa9e1000,146,699,0,699,6599380,5656576,0,0,18194,873328,1308156,7907536,1,1,1
dumps\crashpad-20260806-231302\reports\df6dbec2-8ca4-4021-b71c-18cff8be8ff5.dmp,7907536,3 4 5 6 7 12 14 15 16 24 1129316353,198,0x7ff6505c0000,0xa9e1000,146,699,0,699,6599380,5656576,0,0,18194,873328,1308156,7907536,1,1,1
dumps\crashpad-20260806-231407-s111bisect-H4r5\reports\df6dbec2-8ca4-4021-b71c-18cff8be8ff5.dmp,7907536,3 4 5 6 7 12 14 15 16 24 1129316353,198,0x7ff6505c0000,0xa9e1000,146,699,0,699,6599380,5656576,0,0,18194,873328,1308156,7907536,1,1,1
dumps\crashpad-20260806-231413\reports\df6dbec2-8ca4-4021-b71c-18cff8be8ff5.dmp,7907536,3 4 5 6 7 12 14 15 16 24 1129316353,198,0x7ff6505c0000,0xa9e1000,146,699,0,699,6599380,5656576,0,0,18194,873328,1308156,7907536,1,1,1
dumps\crashpad-20260806-231519-s111bisect-H4r6\reports\df6dbec2-8ca4-4021-b71c-18cff8be8ff5.dmp,7907536,3 4 5 6 7 12 14 15 16 24 1129316353,198,0x7ff6505c0000,0xa9e1000,146,699,0,699,6599380,5656576,0,0,18194,873328,1308156,7907536,1,1,1
dumps\crashpad-20260806-232926\reports\df6dbec2-8ca4-4021-b71c-18cff8be8ff5.dmp,7907536,3 4 5 6 7 12 14 15 16 24 1129316353,198,0x7ff6505c0000,0xa9e1000,146,699,0,699,6599380,5656576,0,0,18194,873328,1308156,7907536,1,1,1
dumps\crashpad-20260806-233452-s111pi-I1_1\reports\df6dbec2-8ca4-4021-b71c-18cff8be8ff5.dmp,7907536,3 4 5 6 7 12 14 15 16 24 1129316353,198,0x7ff6505c0000,0xa9e1000,146,699,0,699,6599380,5656576,0,0,18194,873328,1308156,7907536,1,1,1
dumps\crashpad-20260806-233509\reports\df6dbec2-8ca4-4021-b71c-18cff8be8ff5.dmp,7907536,3 4 5 6 7 12 14 15 16 24 1129316353,198,0x7ff6505c0000,0xa9e1000,146,699,0,699,6599380,5656576,0,0,18194,873328,1308156,7907536,1,1,1
dumps\crashpad-20260806-234035-s111pi-I2_1\reports\df6dbec2-8ca4-4021-b71c-18cff8be8ff5.dmp,7907536,3 4 5 6 7 12 14 15 16 24 1129316353,198,0x7ff6505c0000,0xa9e1000,146,699,0,699,6599380,5656576,0,0,18194,873328,1308156,7907536,1,1,1
dumps\crashpad-20260806-234055\reports\df6dbec2-8ca4-4021-b71c-18cff8be8ff5.dmp,7907536,3 4 5 6 7 12 14 15 16 24 1129316353,198,0x7ff6505c0000,0xa9e1000,146,699,0,699,6599380,5656576,0,0,18194,873328,1308156,7907536,1,1,1
dumps\crashpad-20260806-234130-s111pi-I3_1\reports\df6dbec2-8ca4-4021-b71c-18cff8be8ff5.dmp,7907536,3 4 5 6 7 12 14 15 16 24 1129316353,198,0x7ff6505c0000,0xa9e1000,146,699,0,699,6599380,5656576,0,0,18194,873328,1308156,7907536,1,1,1
dumps\crashpad-20260806-234147\reports\df6dbec2-8ca4-4021-b71c-18cff8be8ff5.dmp,7907536,3 4 5 6 7 12 14 15 16 24 1129316353,198,0x7ff6505c0000,0xa9e1000,146,699,0,699,6599380,5656576,0,0,18194,873328,1308156,7907536,1,1,1
dumps\crashpad-20260806-234713-s111pi-I4_1\reports\df6dbec2-8ca4-4021-b71c-18cff8be8ff5.dmp,7907536,3 4 5 6 7 12 14 15 16 24 1129316353,198,0x7ff6505c0000,0xa9e1000,146,699,0,699,6599380,5656576,0,0,18194,873328,1308156,7907536,1,1,1
dumps\crashpad-20260806-234729\reports\df6dbec2-8ca4-4021-b71c-18cff8be8ff5.dmp,7907536,3 4 5 6 7 12 14 15 16 24 1129316353,198,0x7ff6505c0000,0xa9e1000,146,699,0,699,6599380,5656576,0,0,18194,873328,1308156,7907536,1,1,1
dumps\crashpad-20260806-234816-s111pi-I5_1\reports\006b2788-25bc-42b0-a263-9729f87a97b1.dmp,40992800,3 4 5 6 7 12 14 15 16 24 1129316353,220,0x7ff6505c0000,0xa9e1000,137,722,0,722,38903546,38010880,0,0,29670,1424176,2089254,40992800,1,1,1
dumps\crashpad-20260806-234816-s111pi-I5_1\reports\df6dbec2-8ca4-4021-b71c-18cff8be8ff5.dmp,7907536,3 4 5 6 7 12 14 15 16 24 1129316353,198,0x7ff6505c0000,0xa9e1000,146,699,0,699,6599380,5656576,0,0,18194,873328,1308156,7907536,1,1,1
dumps\crashpad-20260806-234835\reports\006b2788-25bc-42b0-a263-9729f87a97b1.dmp,40992800,3 4 5 6 7 12 14 15 16 24 1129316353,220,0x7ff6505c0000,0xa9e1000,137,722,0,722,38903546,38010880,0,0,29670,1424176,2089254,40992800,1,1,1
dumps\crashpad-20260806-234835\reports\df6dbec2-8ca4-4021-b71c-18cff8be8ff5.dmp,7907536,3 4 5 6 7 12 14 15 16 24 1129316353,198,0x7ff6505c0000,0xa9e1000,146,699,0,699,6599380,5656576,0,0,18194,873328,1308156,7907536,1,1,1
dumps\crashpad-20260806-234958-s111pi-I6_1\reports\455fe74e-dbb5-41e7-a1b0-d39819f2f8f4.dmp,43561056,3 4 5 6 7 12 14 15 16 24 1129316353,221,0x7ff6505c0000,0xa9e1000,144,738,0,738,40912166,39976960,0,0,41380,1986256,2648890,43561056,1,1,1
dumps\crashpad-20260806-235019\reports\455fe74e-dbb5-41e7-a1b0-d39819f2f8f4.dmp,43561056,3 4 5 6 7 12 14 15 16 24 1129316353,221,0x7ff6505c0000,0xa9e1000,144,738,0,738,40912166,39976960,0,0,41380,1986256,2648890,43561056,1,1,1
dumps\crashpad-20260807-001439-s111pi-I11_1\reports\94f62fec-a77b-48ee-b083-0378a4e0c27e.dmp,7874976,3 4 5 6 7 12 14 15 16 24 1129316353,198,0x7ff6505c0000,0xa9e1000,142,690,0,690,6552876,5640192,0,0,18606,893104,1322100,7874976,1,1,1
dumps\crashpad-20260807-001459\reports\94f62fec-a77b-48ee-b083-0378a4e0c27e.dmp,7874976,3 4 5 6 7 12 14 15 16 24 1129316353,198,0x7ff6505c0000,0xa9e1000,142,690,0,690,6552876,5640192,0,0,18606,893104,1322100,7874976,1,1,1
dumps\crashpad-20260807-002024-s111pi-I12_1\reports\94f62fec-a77b-48ee-b083-0378a4e0c27e.dmp,7874976,3 4 5 6 7 12 14 15 16 24 1129316353,198,0x7ff6505c0000,0xa9e1000,142,690,0,690,6552876,5640192,0,0,18606,893104,1322100,7874976,1,1,1
dumps\crashpad-20260807-003859\reports\94f62fec-a77b-48ee-b083-0378a4e0c27e.dmp,7874976,3 4 5 6 7 12 14 15 16 24 1129316353,198,0x7ff6505c0000,0xa9e1000,142,690,0,690,6552876,5640192,0,0,18606,893104,1322100,7874976,1,1,1
dumps\crashpad-20260807-004424-s111pi-J1_1\reports\94f62fec-a77b-48ee-b083-0378a4e0c27e.dmp,7874976,3 4 5 6 7 12 14 15 16 24 1129316353,198,0x7ff6505c0000,0xa9e1000,142,690,0,690,6552876,5640192,0,0,18606,893104,1322100,7874976,1,1,1
dumps\crashpad-20260807-004442\reports\94f62fec-a77b-48ee-b083-0378a4e0c27e.dmp,7874976,3 4 5 6 7 12 14 15 16 24 1129316353,198,0x7ff6505c0000,0xa9e1000,142,690,0,690,6552876,5640192,0,0,18606,893104,1322100,7874976,1,1,1
dumps\crashpad-20260807-005008-s111pi-J2_1\reports\94f62fec-a77b-48ee-b083-0378a4e0c27e.dmp,7874976,3 4 5 6 7 12 14 15 16 24 1129316353,198,0x7ff6505c0000,0xa9e1000,142,690,0,690,6552876,5640192,0,0,18606,893104,1322100,7874976,1,1,1
dumps\crashpad-20260807-005026\reports\94f62fec-a77b-48ee-b083-0378a4e0c27e.dmp,7874976,3 4 5 6 7 12 14 15 16 24 1129316353,198,0x7ff6505c0000,0xa9e1000,142,690,0,690,6552876,5640192,0,0,18606,893104,1322100,7874976,1,1,1
dumps\crashpad-20260807-005551-s111pi-J3_1\reports\94f62fec-a77b-48ee-b083-0378a4e0c27e.dmp,7874976,3 4 5 6 7 12 14 15 16 24 1129316353,198,0x7ff6505c0000,0xa9e1000,142,690,0,690,6552876,5640192,0,0,18606,893104,1322100,7874976,1,1,1
dumps\crashpad-20260807-005608\reports\94f62fec-a77b-48ee-b083-0378a4e0c27e.dmp,7874976,3 4 5 6 7 12 14 15 16 24 1129316353,198,0x7ff6505c0000,0xa9e1000,142,690,0,690,6552876,5640192,0,0,18606,893104,1322100,7874976,1,1,1
dumps\crashpad-20260807-010133-s111pi-J4_1\reports\94f62fec-a77b-48ee-b083-0378a4e0c27e.dmp,7874976,3 4 5 6 7 12 14 15 16 24 1129316353,198,0x7ff6505c0000,0xa9e1000,142,690,0,690,6552876,5640192,0,0,18606,893104,1322100,7874976,1,1,1
dumps\crashpad-20260807-010150\reports\94f62fec-a77b-48ee-b083-0378a4e0c27e.dmp,7874976,3 4 5 6 7 12 14 15 16 24 1129316353,198,0x7ff6505c0000,0xa9e1000,142,690,0,690,6552876,5640192,0,0,18606,893104,1322100,7874976,1,1,1
dumps\crashpad-20260807-010715-s111pi-J5_1\reports\94f62fec-a77b-48ee-b083-0378a4e0c27e.dmp,7874976,3 4 5 6 7 12 14 15 16 24 1129316353,198,0x7ff6505c0000,0xa9e1000,142,690,0,690,6552876,5640192,0,0,18606,893104,1322100,7874976,1,1,1
dumps\crashpad-20260807-010733\reports\94f62fec-a77b-48ee-b083-0378a4e0c27e.dmp,7874976,3 4 5 6 7 12 14 15 16 24 1129316353,198,0x7ff6505c0000,0xa9e1000,142,690,0,690,6552876,5640192,0,0,18606,893104,1322100,7874976,1,1,1
dumps\crashpad-20260807-011258-s111pi-J6_1\reports\94f62fec-a77b-48ee-b083-0378a4e0c27e.dmp,7874976,3 4 5 6 7 12 14 15 16 24 1129316353,198,0x7ff6505c0000,0xa9e1000,142,690,0,690,6552876,5640192,0,0,18606,893104,1322100,7874976,1,1,1
dumps\crashpad-20260807-011317\reports\94f62fec-a77b-48ee-b083-0378a4e0c27e.dmp,7874976,3 4 5 6 7 12 14 15 16 24 1129316353,198,0x7ff6505c0000,0xa9e1000,142,690,0,690,6552876,5640192,0,0,18606,893104,1322100,7874976,1,1,1
dumps\crashpad-20260807-011842-s111pi-J7_1\reports\94f62fec-a77b-48ee-b083-0378a4e0c27e.dmp,7874976,3 4 5 6 7 12 14 15 16 24 1129316353,198,0x7ff6505c0000,0xa9e1000,142,690,0,690,6552876,5640192,0,0,18606,893104,1322100,7874976,1,1,1
dumps\crashpad-20260807-011858\reports\94f62fec-a77b-48ee-b083-0378a4e0c27e.dmp,7874976,3 4 5 6 7 12 14 15 16 24 1129316353,198,0x7ff6505c0000,0xa9e1000,142,690,0,690,6552876,5640192,0,0,18606,893104,1322100,7874976,1,1,1
dumps\crashpad-20260807-012423-s111pi-J8_1\reports\94f62fec-a77b-48ee-b083-0378a4e0c27e.dmp,7874976,3 4 5 6 7 12 14 15 16 24 1129316353,198,0x7ff6505c0000,0xa9e1000,142,690,0,690,6552876,5640192,0,0,18606,893104,1322100,7874976,1,1,1
dumps\crashpad-20260807-012440\reports\94f62fec-a77b-48ee-b083-0378a4e0c27e.dmp,7874976,3 4 5 6 7 12 14 15 16 24 1129316353,198,0x7ff6505c0000,0xa9e1000,142,690,0,690,6552876,5640192,0,0,18606,893104,1322100,7874976,1,1,1
dumps\crashpad-20260807-013005-s111pi-J9_1\reports\94f62fec-a77b-48ee-b083-0378a4e0c27e.dmp,7874976,3 4 5 6 7 12 14 15 16 24 1129316353,198,0x7ff6505c0000,0xa9e1000,142,690,0,690,6552876,5640192,0,0,18606,893104,1322100,7874976,1,1,1
dumps\crashpad-20260807-013012\reports\94f62fec-a77b-48ee-b083-0378a4e0c27e.dmp,7874976,3 4 5 6 7 12 14 15 16 24 1129316353,198,0x7ff6505c0000,0xa9e1000,142,690,0,690,6552876,5640192,0,0,18606,893104,1322100,7874976,1,1,1
dumps\crashpad-20260807-013536-s111pi-J9_2\reports\94f62fec-a77b-48ee-b083-0378a4e0c27e.dmp,7874976,3 4 5 6 7 12 14 15 16 24 1129316353,198,0x7ff6505c0000,0xa9e1000,142,690,0,690,6552876,5640192,0,0,18606,893104,1322100,7874976,1,1,1
dumps\crashpad-20260807-153042\reports\94f62fec-a77b-48ee-b083-0378a4e0c27e.dmp,7874976,3 4 5 6 7 12 14 15 16 24 1129316353,198,0x7ff6505c0000,0xa9e1000,142,690,0,690,6552876,5640192,0,0,18606,893104,1322100,7874976,1,1,1
dumps\crashpad-20260807-153714-s112-ctl-01\reports\94f62fec-a77b-48ee-b083-0378a4e0c27e.dmp,7874976,3 4 5 6 7 12 14 15 16 24 1129316353,198,0x7ff6505c0000,0xa9e1000,142,690,0,690,6552876,5640192,0,0,18606,893104,1322100,7874976,1,1,1
dumps\crashpad-20260807-153910\reports\94f62fec-a77b-48ee-b083-0378a4e0c27e.dmp,7874976,3 4 5 6 7 12 14 15 16 24 1129316353,198,0x7ff6505c0000,0xa9e1000,142,690,0,690,6552876,5640192,0,0,18606,893104,1322100,7874976,1,1,1
dumps\crashpad-20260807-154458-s112-ctl-02\reports\92eec4e0-501b-4794-a316-68661a179e91.dmp,43796496,3 4 5 6 7 12 14 15 16 24 1129316353,221,0x7ff6505c0000,0xa9e1000,139,729,0,729,40933216,40022016,0,0,44187,2120992,2863280,43796496,1,1,1
dumps\crashpad-20260807-154458-s112-ctl-02\reports\94f62fec-a77b-48ee-b083-0378a4e0c27e.dmp,7874976,3 4 5 6 7 12 14 15 16 24 1129316353,198,0x7ff6505c0000,0xa9e1000,142,690,0,690,6552876,5640192,0,0,18606,893104,1322100,7874976,1,1,1
dumps\crashpad-20260807-154724\reports\92eec4e0-501b-4794-a316-68661a179e91.dmp,43796496,3 4 5 6 7 12 14 15 16 24 1129316353,221,0x7ff6505c0000,0xa9e1000,139,729,0,729,40933216,40022016,0,0,44187,2120992,2863280,43796496,1,1,1
dumps\crashpad-20260807-154724\reports\94f62fec-a77b-48ee-b083-0378a4e0c27e.dmp,7874976,3 4 5 6 7 12 14 15 16 24 1129316353,198,0x7ff6505c0000,0xa9e1000,142,690,0,690,6552876,5640192,0,0,18606,893104,1322100,7874976,1,1,1
dumps\crashpad-20260807-155046-s112-trt-01\reports\ecab78dc-2216-4844-b2af-334e5ecebacc.dmp,41396448,3 4 5 6 7 12 14 15 16 24 1129316353,220,0x7ff6505c0000,0xa9e1000,125,699,0,699,38657326,37830656,0,0,42067,2019232,2739122,41396448,1,1,1
dumps\crashpad-20260807-155145\reports\ecab78dc-2216-4844-b2af-334e5ecebacc.dmp,41396448,3 4 5 6 7 12 14 15 16 24 1129316353,220,0x7ff6505c0000,0xa9e1000,125,699,0,699,38657326,37830656,0,0,42067,2019232,2739122,41396448,1,1,1
dumps\crashpad-20260807-155449-s112-trt-02\reports\1347b501-6e7b-477e-a329-65c2c237a916.dmp,43566768,3 4 5 6 7 12 14 15 16 24 1129316353,220,0x7ff6505c0000,0xa9e1000,138,724,0,724,40834958,39936000,0,0,41299,1982368,2731810,43566768,1,1,1
dumps\crashpad-20260807-155658\reports\1347b501-6e7b-477e-a329-65c2c237a916.dmp,43566768,3 4 5 6 7 12 14 15 16 24 1129316353,220,0x7ff6505c0000,0xa9e1000,138,724,0,724,40834958,39936000,0,0,41299,1982368,2731810,43566768,1,1,1
dumps\crashpad-20260807-160235-s112c-ctl-01\reports\55cc813f-854d-4649-a0a7-b807ab673ab7.dmp,43763472,3 4 5 6 7 12 14 15 16 24 1129316353,221,0x7ff6505c0000,0xa9e1000,139,729,0,729,40863584,39952384,0,0,44529,2137408,2899888,43763472,1,1,1
dumps\crashpad-20260807-160246\reports\55cc813f-854d-4649-a0a7-b807ab673ab7.dmp,43763472,3 4 5 6 7 12 14 15 16 24 1129316353,221,0x7ff6505c0000,0xa9e1000,139,729,0,729,40863584,39952384,0,0,44529,2137408,2899888,43763472,1,1,1
dumps\crashpad-20260807-161310-s112c-ctl-03\reports\f9a421b3-52e9-45d1-bf87-79d0422fc8be.dmp,41546032,3 4 5 6 7 12 14 15 16 24 1129316353,220,0x7ff6505c0000,0xa9e1000,122,693,0,693,38733462,37924864,0,0,43830,2103856,2812570,41546032,1,1,1
dumps\crashpad-20260807-161320\reports\f9a421b3-52e9-45d1-bf87-79d0422fc8be.dmp,41546032,3 4 5 6 7 12 14 15 16 24 1129316353,220,0x7ff6505c0000,0xa9e1000,122,693,0,693,38733462,37924864,0,0,43830,2103856,2812570,41546032,1,1,1
dumps\crashpad-20260807-161828-s112c-ctl-04\reports\7330ee70-d223-4b9e-9537-ae99d1de886f.dmp,43616512,3 4 5 6 7 12 14 15 16 24 1129316353,220,0x7ff6505c0000,0xa9e1000,135,719,0,719,40814718,39927808,0,0,44392,2130832,2801794,43616512,1,1,1
dumps\crashpad-20260807-161838\reports\7330ee70-d223-4b9e-9537-ae99d1de886f.dmp,43616512,3 4 5 6 7 12 14 15 16 24 1129316353,220,0x7ff6505c0000,0xa9e1000,135,719,0,719,40814718,39927808,0,0,44392,2130832,2801794,43616512,1,1,1
dumps\crashpad-20260807-162141-s112c-ctl-05\reports\146e6556-53e5-4829-b367-d6ebbecc2998.dmp,43698432,3 4 5 6 7 12 14 15 16 24 1129316353,220,0x7ff6505c0000,0xa9e1000,142,733,0,733,40971574,40042496,0,0,41416,1987984,2726858,43698432,1,1,1
dumps\crashpad-20260807-162152\reports\146e6556-53e5-4829-b367-d6ebbecc2998.dmp,43698432,3 4 5 6 7 12 14 15 16 24 1129316353,220,0x7ff6505c0000,0xa9e1000,142,733,0,733,40971574,40042496,0,0,41416,1987984,2726858,43698432,1,1,1
dumps\crashpad-20260807-162715-s112c-ctl-06\reports\2820dd71-653e-43f5-92dc-a7cac13e06d8.dmp,43816000,3 4 5 6 7 12 14 15 16 24 1129316353,221,0x7ff6505c0000,0xa9e1000,138,727,0,727,40951768,40046592,0,0,44908,2155600,2864232,43816000,1,1,1
dumps\crashpad-20260807-162725\reports\2820dd71-653e-43f5-92dc-a7cac13e06d8.dmp,43816000,3 4 5 6 7 12 14 15 16 24 1129316353,221,0x7ff6505c0000,0xa9e1000,138,727,0,727,40951768,40046592,0,0,44908,2155600,2864232,43816000,1,1,1
dumps\crashpad-20260807-163048-s112c-trt-07\reports\6857bfe4-fa85-4096-863e-cf48a17685e2.dmp,41537872,3 4 5 6 7 12 14 15 16 24 1129316353,220,0x7ff6505c0000,0xa9e1000,120,689,0,689,38725510,37928960,0,0,43619,2093728,2812362,41537872,1,1,1
dumps\crashpad-20260807-163058\reports\6857bfe4-fa85-4096-863e-cf48a17685e2.dmp,41537872,3 4 5 6 7 12 14 15 16 24 1129316353,220,0x7ff6505c0000,0xa9e1000,120,689,0,689,38725510,37928960,0,0,43619,2093728,2812362,41537872,1,1,1
dumps\crashpad-20260807-163627-s112c-trt-08\reports\54856018-d4b8-483d-b984-2c4c3dd6309a.dmp,41530288,3 4 5 6 7 12 14 15 16 24 1129316353,220,0x7ff6505c0000,0xa9e1000,121,690,0,690,38664070,37867520,0,0,44812,2150992,2866218,41530288,1,1,1
dumps\crashpad-20260807-163638\reports\54856018-d4b8-483d-b984-2c4c3dd6309a.dmp,41530288,3 4 5 6 7 12 14 15 16 24 1129316353,220,0x7ff6505c0000,0xa9e1000,121,690,0,690,38664070,37867520,0,0,44812,2150992,2866218,41530288,1,1,1
dumps\crashpad-20260807-163934-s112c-trt-09\reports\103a144b-fef5-434e-b156-f5119b331f6f.dmp,43725216,3 4 5 6 7 12 14 15 16 24 1129316353,220,0x7ff6505c0000,0xa9e1000,141,731,0,731,40965550,40042496,0,0,42313,2031040,2759666,43725216,1,1,1
dumps\crashpad-20260807-163945\reports\103a144b-fef5-434e-b156-f5119b331f6f.dmp,43725216,3 4 5 6 7 12 14 15 16 24 1129316353,220,0x7ff6505c0000,0xa9e1000,141,731,0,731,40965550,40042496,0,0,42313,2031040,2759666,43725216,1,1,1
dumps\crashpad-20260807-165231-s112c-ctl-11\reports\a47d0a7c-bcc9-4348-b1ca-e2ed8155efdb.dmp,42137520,3 4 5 6 7 12 14 15 16 24 1129316353,220,0x7ff6505c0000,0xa9e1000,121,690,0,690,38627206,37830656,0,0,60993,2927680,3510314,42137520,1,1,1
dumps\crashpad-20260807-165242\reports\a47d0a7c-bcc9-4348-b1ca-e2ed8155efdb.dmp,42137520,3 4 5 6 7 12 14 15 16 24 1129316353,220,0x7ff6505c0000,0xa9e1000,121,690,0,690,38627206,37830656,0,0,60993,2927680,3510314,42137520,1,1,1
dumps\crashpad-20260807-165613-s112c-ctl-12\reports\ad42bf28-4082-4a60-ad89-116e1070654a.dmp,43796240,3 4 5 6 7 12 14 15 16 24 1129316353,220,0x7ff6505c0000,0xa9e1000,139,727,0,727,40933022,40022016,0,0,43434,2084848,2863218,43796240,1,1,1
dumps\crashpad-20260807-165623\reports\ad42bf28-4082-4a60-ad89-116e1070654a.dmp,43796240,3 4 5 6 7 12 14 15 16 24 1129316353,220,0x7ff6505c0000,0xa9e1000,139,727,0,727,40933022,40022016,0,0,43434,2084848,2863218,43796240,1,1,1
dumps\crashpad-20260807-170058-s112c-ctl-13\reports\ed92742f-510b-4ea7-99ac-2b4583b481ce.dmp,43901264,3 4 5 6 7 12 14 15 16 24 1129316353,220,0x7ff6505c0000,0xa9e1000,140,729,0,729,41004582,40087552,0,0,44846,2152624,2896682,43901264,1,1,1
dumps\crashpad-20260807-170109\reports\ed92742f-510b-4ea7-99ac-2b4583b481ce.dmp,43901264,3 4 5 6 7 12 14 15 16 24 1129316353,220,0x7ff6505c0000,0xa9e1000,140,729,0,729,41004582,40087552,0,0,44846,2152624,2896682,43901264,1,1,1
dumps\crashpad-20260807-170619-s112c-ctl-14\reports\bdb58e25-cc17-4c4e-b0d9-4f76a6a77ce3.dmp,43814896,3 4 5 6 7 12 14 15 16 24 1129316353,221,0x7ff6505c0000,0xa9e1000,139,729,0,729,40970080,40058880,0,0,44478,2134960,2844816,43814896,1,1,1
dumps\crashpad-20260807-170640\reports\bdb58e25-cc17-4c4e-b0d9-4f76a6a77ce3.dmp,43814896,3 4 5 6 7 12 14 15 16 24 1129316353,221,0x7ff6505c0000,0xa9e1000,139,729,0,729,40970080,40058880,0,0,44478,2134960,2844816,43814896,1,1,1
dumps\crashpad-20260807-170919-s112c-trt-15\reports\5cfc2df8-3526-46f4-8382-9492ceec60f1.dmp,44009312,3 4 5 6 7 12 14 15 16 24 1129316353,220,0x7ff6505c0000,0xa9e1000,146,741,0,741,41065302,40112128,0,0,47902,2299312,2944010,44009312,1,1,1
dumps\crashpad-20260807-170930\reports\5cfc2df8-3526-46f4-8382-9492ceec60f1.dmp,44009312,3 4 5 6 7 12 14 15 16 24 1129316353,220,0x7ff6505c0000,0xa9e1000,146,741,0,741,41065302,40112128,0,0,47902,2299312,2944010,44009312,1,1,1
dumps\crashpad-20260807-173942-s112c-ctl-18\reports\760543ca-d187-404c-8fbd-af50864901f2.dmp,44035760,3 4 5 6 7 12 14 15 16 24 1129316353,220,0x7ff6505c0000,0xa9e1000,143,735,0,735,41120958,40185856,0,0,45302,2174512,2914802,44035760,1,1,1
dumps\crashpad-20260807-173953\reports\760543ca-d187-404c-8fbd-af50864901f2.dmp,44035760,3 4 5 6 7 12 14 15 16 24 1129316353,220,0x7ff6505c0000,0xa9e1000,143,735,0,735,41120958,40185856,0,0,45302,2174512,2914802,44035760,1,1,1
dumps\crashpad-20260807-174435-s112c-ctl-19\reports\a1f65db2-7bf4-4b55-87a9-c48b1ad80ca4.dmp,44109072,3 4 5 6 7 12 14 15 16 24 1129316353,221,0x7ff6505c0000,0xa9e1000,145,741,0,741,41141392,40194048,0,0,44959,2158048,2967680,44109072,1,1,1
dumps\crashpad-20260807-174445\reports\a1f65db2-7bf4-4b55-87a9-c48b1ad80ca4.dmp,44109072,3 4 5 6 7 12 14 15 16 24 1129316353,221,0x7ff6505c0000,0xa9e1000,145,741,0,741,41141392,40194048,0,0,44959,2158048,2967680,44109072,1,1,1
dumps\crashpad-20260807-180351-s112c-ctl-21\reports\5e795b99-29bf-4db2-8ae3-f7b78ae56396.dmp,42952352,3 4 5 6 7 12 14 15 16 24 1129316353,221,0x7ff6505c0000,0xa9e1000,127,705,0,705,38751488,37912576,0,0,74606,3581104,4200864,42952352,1,1,1
dumps\crashpad-20260807-180401\reports\5e795b99-29bf-4db2-8ae3-f7b78ae56396.dmp,42952352,3 4 5 6 7 12 14 15 16 24 1129316353,221,0x7ff6505c0000,0xa9e1000,127,705,0,705,38751488,37912576,0,0,74606,3581104,4200864,42952352,1,1,1
dumps\crashpad-20260807-181732-s112c-ctl-23\reports\19bbcf9d-f245-4de8-8e21-895075cc664a.dmp,44079936,3 4 5 6 7 12 14 15 16 24 1129316353,221,0x7ff6505c0000,0xa9e1000,142,735,0,735,40971768,40042496,0,0,48687,2336992,3108168,44079936,1,1,1
dumps\crashpad-20260807-181742\reports\19bbcf9d-f245-4de8-8e21-895075cc664a.dmp,44079936,3 4 5 6 7 12 14 15 16 24 1129316353,221,0x7ff6505c0000,0xa9e1000,142,735,0,735,40971768,40042496,0,0,48687,2336992,3108168,44079936,1,1,1
dumps\crashpad-20260807-183411-s112c-ctl-25\reports\476a7ded-00d3-47ab-8210-d33f3a8663d4.dmp,42064464,3 4 5 6 7 12 14 15 16 24 1129316353,221,0x7ff6505c0000,0xa9e1000,124,699,0,699,38741608,37920768,0,0,53927,2588512,3322856,42064464,1,1,1
dumps\crashpad-20260807-183422\reports\476a7ded-00d3-47ab-8210-d33f3a8663d4.dmp,42064464,3 4 5 6 7 12 14 15 16 24 1129316353,221,0x7ff6505c0000,0xa9e1000,124,699,0,699,38741608,37920768,0,0,53927,2588512,3322856,42064464,1,1,1
dumps\crashpad-20260807-184856-s112c-ctl-27\reports\c8c41a6a-ef80-400d-b9ee-3c6492f83c88.dmp,42154272,3 4 5 6 7 12 14 15 16 24 1129316353,221,0x7ff6505c0000,0xa9e1000,128,707,0,707,38818952,37974016,0,0,54247,2603872,3335320,42154272,1,1,1
dumps\crashpad-20260807-184906\reports\c8c41a6a-ef80-400d-b9ee-3c6492f83c88.dmp,42154272,3 4 5 6 7 12 14 15 16 24 1129316353,221,0x7ff6505c0000,0xa9e1000,128,707,0,707,38818952,37974016,0,0,54247,2603872,3335320,42154272,1,1,1
dumps\crashpad-20260807-185217-s112c-trt-28\reports\e3a19655-df73-4b17-a690-2e3abcba1a41.dmp,43800912,3 4 5 6 7 12 14 15 16 24 1129316353,220,0x7ff6505c0000,0xa9e1000,139,727,0,727,40945310,40034304,0,0,44246,2123824,2855602,43800912,1,1,1
dumps\crashpad-20260807-185228\reports\e3a19655-df73-4b17-a690-2e3abcba1a41.dmp,43800912,3 4 5 6 7 12 14 15 16 24 1129316353,220,0x7ff6505c0000,0xa9e1000,139,727,0,727,40945310,40034304,0,0,44246,2123824,2855602,43800912,1,1,1
dumps\crashpad-20260807-190442-s112c-ctl-30\reports\167193fe-9bfe-4ef0-8e6c-87a43bb26826.dmp,44161248,3 4 5 6 7 12 14 15 16 24 1129316353,220,0x7ff6505c0000,0xa9e1000,145,739,0,739,41022414,40075264,0,0,49276,2365264,3138834,44161248,1,1,1
dumps\crashpad-20260807-190452\reports\167193fe-9bfe-4ef0-8e6c-87a43bb26826.dmp,44161248,3 4 5 6 7 12 14 15 16 24 1129316353,220,0x7ff6505c0000,0xa9e1000,145,739,0,739,41022414,40075264,0,0,49276,2365264,3138834,44161248,1,1,1
dumps\crashpad-20260807-200606-s112c-ctl-34\reports\7cc09371-1e1b-4693-b51a-8764920b145d.dmp,43832336,3 4 5 6 7 12 14 15 16 24 1129316353,220,0x7ff6505c0000,0xa9e1000,139,726,0,726,40980246,40075264,0,0,44338,2128240,2852090,43832336,1,1,1
dumps\crashpad-20260807-200616\reports\7cc09371-1e1b-4693-b51a-8764920b145d.dmp,43832336,3 4 5 6 7 12 14 15 16 24 1129316353,220,0x7ff6505c0000,0xa9e1000,139,726,0,726,40980246,40075264,0,0,44338,2128240,2852090,43832336,1,1,1
dumps\crashpad-20260807-204928-s112c-ctl-37\reports\eaf9b644-c6d0-4361-91da-4a01110a7d3a.dmp,41803264,3 4 5 6 7 12 14 15 16 24 1129316353,221,0x7ff6505c0000,0xa9e1000,128,707,0,707,38925448,38080512,0,0,45123,2165920,2877816,41803264,1,1,1
dumps\crashpad-20260807-204942\reports\eaf9b644-c6d0-4361-91da-4a01110a7d3a.dmp,41803264,3 4 5 6 7 12 14 15 16 24 1129316353,221,0x7ff6505c0000,0xa9e1000,128,707,0,707,38925448,38080512,0,0,45123,2165920,2877816,41803264,1,1,1
dumps\crashpad-20260807-210330-s112c-ctl-39\reports\58f9652a-06d1-407c-9ce5-0e63d6cebf28.dmp,43963040,3 4 5 6 7 12 14 15 16 24 1129316353,221,0x7ff6505c0000,0xa9e1000,142,735,0,735,41106936,40177664,0,0,45107,2165152,2856104,43963040,1,1,1
dumps\crashpad-20260807-210340\reports\58f9652a-06d1-407c-9ce5-0e63d6cebf28.dmp,43963040,3 4 5 6 7 12 14 15 16 24 1129316353,221,0x7ff6505c0000,0xa9e1000,142,735,0,735,41106936,40177664,0,0,45107,2165152,2856104,43963040,1,1,1
dumps\crashpad-20260808-004705-s112p2-foSTD-01\reports\067b456d-5692-4b8f-a9da-d90e87fa3d61.dmp,42683296,3 4 5 6 7 12 14 15 16 24 1129316353,220,0x7ff6505c0000,0xa9e1000,129,706,0,706,38900678,38055936,0,0,64658,3103600,3782618,42683296,1,1,1
dumps\crashpad-20260808-004721\reports\067b456d-5692-4b8f-a9da-d90e87fa3d61.dmp,42683296,3 4 5 6 7 12 14 15 16 24 1129316353,220,0x7ff6505c0000,0xa9e1000,129,706,0,706,38900678,38055936,0,0,64658,3103600,3782618,42683296,1,1,1
dumps\crashpad-20260808-005413-s112p2-foSTD-03\reports\b7173bfa-8453-4e05-8b2c-28c8d471fdde.dmp,41633936,3 4 5 6 7 12 14 15 16 24 1129316353,220,0x7ff6505c0000,0xa9e1000,124,697,0,697,38786470,37965824,0,0,44242,2123632,2847466,41633936,1,1,1
dumps\crashpad-20260808-005423\reports\b7173bfa-8453-4e05-8b2c-28c8d471fdde.dmp,41633936,3 4 5 6 7 12 14 15 16 24 1129316353,220,0x7ff6505c0000,0xa9e1000,124,697,0,697,38786470,37965824,0,0,44242,2123632,2847466,41633936,1,1,1
dumps\crashpad-20260808-010352-s112p2-foSTD-05\reports\dd2d111b-e7c3-4cac-9107-1a0ec7f8c7a4.dmp,43961424,3 4 5 6 7 12 14 15 16 24 1129316353,220,0x7ff6505c0000,0xa9e1000,140,728,0,728,41023134,40112128,0,0,44964,2158288,2938290,43961424,1,1,1
dumps\crashpad-20260808-010403\reports\dd2d111b-e7c3-4cac-9107-1a0ec7f8c7a4.dmp,43961424,3 4 5 6 7 12 14 15 16 24 1129316353,220,0x7ff6505c0000,0xa9e1000,140,728,0,728,41023134,40112128,0,0,44964,2158288,2938290,43961424,1,1,1
dumps\crashpad-20260808-011032-s112p2-foSTD-07\reports\667ebe16-b6c7-4854-ab90-632ff6019028.dmp,41559744,3 4 5 6 7 12 14 15 16 24 1129316353,220,0x7ff6505c0000,0xa9e1000,122,693,0,693,38725270,37916672,0,0,44057,2114752,2834474,41559744,1,1,1
dumps\crashpad-20260808-011043\reports\667ebe16-b6c7-4854-ab90-632ff6019028.dmp,41559744,3 4 5 6 7 12 14 15 16 24 1129316353,220,0x7ff6505c0000,0xa9e1000,122,693,0,693,38725270,37916672,0,0,44057,2114752,2834474,41559744,1,1,1
dumps\crashpad-20260808-014950-s112d-repro-02\reports\dc25f2aa-c40b-46e2-898f-6637a94b18d4.dmp,41942416,3 4 5 6 7 12 14 15 16 24 1129316353,220,0x7ff6505c0000,0xa9e1000,129,707,0,707,38812494,37961728,0,0,51402,2467312,3129922,41942416,1,1,1
dumps\crashpad-20260808-015000\reports\dc25f2aa-c40b-46e2-898f-6637a94b18d4.dmp,41942416,3 4 5 6 7 12 14 15 16 24 1129316353,220,0x7ff6505c0000,0xa9e1000,129,707,0,707,38812494,37961728,0,0,51402,2467312,3129922,41942416,1,1,1
dumps\crashpad-20260808-020230-s112d-repro-04\reports\bb194a01-f055-444a-9566-28d1250ba323.dmp,41698496,3 4 5 6 7 12 14 15 16 24 1129316353,220,0x7ff6505c0000,0xa9e1000,128,705,0,705,38749126,37904384,0,0,44518,2136880,2949370,41698496,1,1,1
dumps\crashpad-20260808-020241\reports\bb194a01-f055-444a-9566-28d1250ba323.dmp,41698496,3 4 5 6 7 12 14 15 16 24 1129316353,220,0x7ff6505c0000,0xa9e1000,128,705,0,705,38749126,37904384,0,0,44518,2136880,2949370,41698496,1,1,1
dumps\crashpad-20260808-124317-s112p3-ctl-03\reports\a687645b-ff33-4ecf-8787-1ad7d96a3560.dmp,42918304,3 4 5 6 7 12 14 15 16 24 1129316353,220,0x7ff6505c0000,0xa9e1000,123,695,0,695,38649374,37834752,0,0,76374,3665968,4268930,42918304,1,1,1
dumps\crashpad-20260808-124332\reports\a687645b-ff33-4ecf-8787-1ad7d96a3560.dmp,42918304,3 4 5 6 7 12 14 15 16 24 1129316353,220,0x7ff6505c0000,0xa9e1000,123,695,0,695,38649374,37834752,0,0,76374,3665968,4268930,42918304,1,1,1
dumps\crashpad-20260808-124646-s112p3-ctl-04\reports\c00ded16-fa8a-4b05-8039-9d8f43b589f9.dmp,41465632,3 4 5 6 7 12 14 15 16 24 1129316353,220,0x7ff6505c0000,0xa9e1000,123,695,0,695,38649374,37834752,0,0,43948,2109520,2816258,41465632,1,1,1
dumps\crashpad-20260808-124700\reports\c00ded16-fa8a-4b05-8039-9d8f43b589f9.dmp,41465632,3 4 5 6 7 12 14 15 16 24 1129316353,220,0x7ff6505c0000,0xa9e1000,123,695,0,695,38649374,37834752,0,0,43948,2109520,2816258,41465632,1,1,1
dumps\crashpad-20260808-134406-s112p3-trt-08\reports\58d7015d-480a-40f7-ad4d-4539c7f09c45.dmp,42099632,3 4 5 6 7 12 14 15 16 24 1129316353,220,0x7ff650fd0000,0xa9e1000,124,697,0,697,38712742,37892096,0,0,55294,2654128,3386890,42099632,1,1,1
dumps\crashpad-20260808-134419\reports\58d7015d-480a-40f7-ad4d-4539c7f09c45.dmp,42099632,3 4 5 6 7 12 14 15 16 24 1129316353,220,0x7ff650fd0000,0xa9e1000,124,697,0,697,38712742,37892096,0,0,55294,2654128,3386890,42099632,1,1,1
dumps\crashpad-20260808-141428-s112p3-trt-11\reports\7ab0475e-88ca-4095-bf34-35a23b33c692.dmp,41766544,3 4 5 6 7 12 14 15 16 24 1129316353,220,0x7ff6ee4a0000,0xa9e1000,126,701,0,701,38724790,37892096,0,0,48328,2319760,3041754,41766544,1,1,1
dumps\crashpad-20260808-141440\reports\7ab0475e-88ca-4095-bf34-35a23b33c692.dmp,41766544,3 4 5 6 7 12 14 15 16 24 1129316353,220,0x7ff6ee4a0000,0xa9e1000,126,701,0,701,38724790,37892096,0,0,48328,2319760,3041754,41766544,1,1,1
dumps\crashpad-20260808-141744-s112p3-trt-12\reports\626dad64-3ba6-49f4-be06-54aa40f894fd.dmp,41184608,3 4 5 6 7 12 14 15 16 24 1129316353,220,0x7ff6ee4a0000,0xa9e1000,121,691,0,691,38706958,37904384,0,0,37531,1801504,2477650,41184608,1,1,1
dumps\crashpad-20260808-141755\reports\626dad64-3ba6-49f4-be06-54aa40f894fd.dmp,41184608,3 4 5 6 7 12 14 15 16 24 1129316353,220,0x7ff6ee4a0000,0xa9e1000,121,691,0,691,38706958,37904384,0,0,37531,1801504,2477650,41184608,1,1,1
dumps\crashpad-20260808-155558-s112p3-ctl-20\reports\233fe885-b392-488e-a33f-e9ded512476a.dmp,41558048,3 4 5 6 7 12 14 15 16 24 1129316353,220,0x7ff6e95e0000,0xa9e1000,130,708,0,708,38832974,37982208,0,0,42879,2058208,2725074,41558048,1,1,1
dumps\crashpad-20260808-155609\reports\233fe885-b392-488e-a33f-e9ded512476a.dmp,41558048,3 4 5 6 7 12 14 15 16 24 1129316353,220,0x7ff6e95e0000,0xa9e1000,130,708,0,708,38832974,37982208,0,0,42879,2058208,2725074,41558048,1,1,1
dumps\crashpad-20260809-005356-s112ship-02\reports\22e6f5f9-ea29-43f5-bb4c-8498d2d16c7f.dmp,44676368,3 4 5 6 7 12 14 15 16 24 1129316353,220,0x7ff6a5280000,0xa9e1000,139,726,0,726,40869654,39964672,0,0,65553,3146560,3806714,44676368,1,1,1
dumps\crashpad-20260809-005408\reports\22e6f5f9-ea29-43f5-bb4c-8498d2d16c7f.dmp,44676368,3 4 5 6 7 12 14 15 16 24 1129316353,220,0x7ff6a5280000,0xa9e1000,139,726,0,726,40869654,39964672,0,0,65553,3146560,3806714,44676368,1,1,1
dumps\crashpad-20260809-005727-s112ship-03\reports\46b248c4-206b-4eec-8940-7de67956a9f9.dmp,43773616,3 4 5 6 7 12 14 15 16 24 1129316353,220,0x7ff6a5280000,0xa9e1000,138,725,0,725,40967958,40062976,0,0,43842,2104432,2805658,43773616,1,1,1
dumps\crashpad-20260809-005739\reports\46b248c4-206b-4eec-8940-7de67956a9f9.dmp,43773616,3 4 5 6 7 12 14 15 16 24 1129316353,220,0x7ff6a5280000,0xa9e1000,138,725,0,725,40967958,40062976,0,0,43842,2104432,2805658,43773616,1,1,1
dumps\crashpad-20260809-010020-s112ship-04\reports\8d9f2552-32e5-4590-9f8c-bedc22ef8556.dmp,41341504,3 4 5 6 7 12 14 15 16 24 1129316353,220,0x7ff6a5280000,0xa9e1000,124,697,0,697,38634918,37814272,0,0,42516,2040784,2706586,41341504,1,1,1
dumps\crashpad-20260809-010132\reports\8d9f2552-32e5-4590-9f8c-bedc22ef8556.dmp,41341504,3 4 5 6 7 12 14 15 16 24 1129316353,220,0x7ff6a5280000,0xa9e1000,124,697,0,697,38634918,37814272,0,0,42516,2040784,2706586,41341504,1,1,1
dumps\crashpad-20260809-012451-s112ship-07\reports\c196f23e-b89c-48e2-8904-034e329640d9.dmp,43663616,3 4 5 6 7 12 14 15 16 24 1129316353,220,0x7ff628720000,0xa9e1000,137,723,0,723,40880014,39981056,0,0,43594,2092528,2783602,43663616,1,1,1
dumps\crashpad-20260809-012501\reports\c196f23e-b89c-48e2-8904-034e329640d9.dmp,43663616,3 4 5 6 7 12 14 15 16 24 1129316353,220,0x7ff628720000,0xa9e1000,137,723,0,723,40880014,39981056,0,0,43594,2092528,2783602,43663616,1,1,1
dumps\crashpad-20260812-204012-s114-fk13-stage-death\reports\27517e1c-65de-4803-a045-16f47d5d8b4c.dmp,43620032,3 4 5 6 7 12 14 15 16 24 1129316353,220,0x7ff7c7ef0000,0xa9e1000,136,721,0,721,40816646,39923712,0,0,43724,2098768,2803386,43620032,1,1,1
dumps\crashpad-20260812-204026\reports\27517e1c-65de-4803-a045-16f47d5d8b4c.dmp,43620032,3 4 5 6 7 12 14 15 16 24 1129316353,220,0x7ff7c7ef0000,0xa9e1000,136,721,0,721,40816646,39923712,0,0,43724,2098768,2803386,43620032,1,1,1
dumps\crashpad-20260814-022942\reports\7848386a-e443-4df6-b60d-925bd2555f5e.dmp,44148848,3 4 5 6 7 12 14 15 16 24 1129316353,221,0x7ff7c7ef0000,0xa9e1000,140,731,0,731,41263002,40345600,0,0,45481,2183104,2885846,44148848,1,1,1
dumps\crashpad-20260814-155319\reports\bf1d39c0-4304-45a5-bf2e-42ec00a6c339.dmp,41364880,3 4 5 6 7 12 14 15 16 24 1129316353,220,0x7ff7bff50000,0xa9e1000,125,699,0,699,38613058,37785600,0,0,42195,2025376,2751822,41364880,1,1,1
dumps\crashpad-20260814-155530\reports\271d081e-c5de-43b4-aab6-c4e15da9877f.dmp,41231184,3 4 5 6 7 12 14 15 16 24 1129316353,220,0x7ff7bff50000,0xa9e1000,124,697,0,697,38660322,37838848,0,0,40078,1923760,2570862,41231184,1,1,1
dumps\crashpad-20260815-161345\reports\e8ad47c2-811e-4662-9893-c500041c5079.dmp,7773712,3 4 5 6 7 12 14 15 16 24 1129316353,182,0x7ff7bff50000,0xa9e1000,141,655,0,655,6515236,5607424,0,0,17449,837568,1258476,7773712,1,1,1
dumps\crashpad-20260815-180638\reports\e8ad47c2-811e-4662-9893-c500041c5079.dmp,7773712,3 4 5 6 7 12 14 15 16 24 1129316353,182,0x7ff7bff50000,0xa9e1000,141,655,0,655,6515236,5607424,0,0,17449,837568,1258476,7773712,1,1,1
dumps\crashpad-20260815-195628\reports\e8ad47c2-811e-4662-9893-c500041c5079.dmp,7773712,3 4 5 6 7 12 14 15 16 24 1129316353,182,0x7ff7bff50000,0xa9e1000,141,655,0,655,6515236,5607424,0,0,17449,837568,1258476,7773712,1,1,1
dumps\crashpad-20260815-200514\reports\e8ad47c2-811e-4662-9893-c500041c5079.dmp,7773712,3 4 5 6 7 12 14 15 16 24 1129316353,182,0x7ff7bff50000,0xa9e1000,141,655,0,655,6515236,5607424,0,0,17449,837568,1258476,7773712,1,1,1
dumps\crashpad-20260815-200837-s121-stats-test\reports\d5ac2037-1e6a-4f2d-b5d4-4a8e2e8c65e9.dmp,41271200,3 4 5 6 7 12 14 15 16 24 1129316353,221,0x7ff7bff50000,0xa9e1000,127,703,0,703,38684398,37851136,0,0,40439,1941088,2586802,41271200,1,1,1
dumps\crashpad-20260815-200837-s121-stats-test\reports\e8ad47c2-811e-4662-9893-c500041c5079.dmp,7773712,3 4 5 6 7 12 14 15 16 24 1129316353,182,0x7ff7bff50000,0xa9e1000,141,655,0,655,6515236,5607424,0,0,17449,837568,1258476,7773712,1,1,1
dumps\crashpad-20260815-201428\reports\d5ac2037-1e6a-4f2d-b5d4-4a8e2e8c65e9.dmp,41271200,3 4 5 6 7 12 14 15 16 24 1129316353,221,0x7ff7bff50000,0xa9e1000,127,703,0,703,38684398,37851136,0,0,40439,1941088,2586802,41271200,1,1,1
dumps\crashpad-20260815-201428\reports\e8ad47c2-811e-4662-9893-c500041c5079.dmp,7773712,3 4 5 6 7 12 14 15 16 24 1129316353,182,0x7ff7bff50000,0xa9e1000,141,655,0,655,6515236,5607424,0,0,17449,837568,1258476,7773712,1,1,1
dumps\crashpad-20260819-193650-s127-fk31-staging-death\reports\c82826bf-3edd-4997-8000-8c5da1979c2c.dmp,42197552,3 4 5 6 7 12 14 15 16 24 1129316353,220,0x7ff7b86d0000,0xa9e1000,122,693,0,693,38962844,38154240,0,0,50018,2400880,3234708,42197552,1,1,1
dumps\crashpad-20260819-193711\reports\c82826bf-3edd-4997-8000-8c5da1979c2c.dmp,42197552,3 4 5 6 7 12 14 15 16 24 1129316353,220,0x7ff7b86d0000,0xa9e1000,122,693,0,693,38962844,38154240,0,0,50018,2400880,3234708,42197552,1,1,1
dumps\crashpad-20260819-205709-s128-fk31-longpark\reports\c542a1e1-aa1e-4b1c-a43b-d3c47c027a91.dmp,42001216,3 4 5 6 7 12 14 15 16 24 1129316353,220,0x7ff7b86d0000,0xa9e1000,121,691,0,691,38940436,38137856,0,0,48047,2306272,3060780,42001216,1,1,1
dumps\crashpad-20260819-205716\reports\c542a1e1-aa1e-4b1c-a43b-d3c47c027a91.dmp,42001216,3 4 5 6 7 12 14 15 16 24 1129316353,220,0x7ff7b86d0000,0xa9e1000,121,691,0,691,38940436,38137856,0,0,48047,2306272,3060780,42001216,1,1,1
dumps\crashpad-20260820-010158-s130-cdopoke-att1\reports\a55d2d2e-a45e-497f-9396-e5685b494d92.dmp,41292688,3 4 5 6 7 12 14 15 16 24 1129316353,220,0x7ff7c4050000,0xa9e1000,123,695,0,695,38682930,37867520,0,0,43020,2064976,2609758,41292688,1,1,1
dumps\crashpad-20260820-010212\reports\a55d2d2e-a45e-497f-9396-e5685b494d92.dmp,41292688,3 4 5 6 7 12 14 15 16 24 1129316353,220,0x7ff7c4050000,0xa9e1000,123,695,0,695,38682930,37867520,0,0,43020,2064976,2609758,41292688,1,1,1
dumps\crashpad-20260820-021954\reports\f24e021c-eb1f-4996-bc14-07f2e12587cb.dmp,41311888,3 4 5 6 7 12 14 15 16 24 1129316353,221,0x7ff630e90000,0xa9e1000,124,698,0,698,38723302,37908480,0,0,39399,1891168,2588586,41311888,1,1,1
dumps\crashpad-20260820-143225\reports\4c2b7a2d-6169-4fe6-bcb6-fdaa185824d7.dmp,41496016,3 4 5 6 7 12 14 15 16 24 1129316353,220,0x7ff7a5a20000,0xa9e1000,123,695,0,695,38673956,37859328,0,0,44081,2115904,2822060,41496016,1,1,1
dumps\s109-sentry-20260804-1410\reports\41cdafa3-ceff-4d83-8d11-69fa9b75b54a.dmp,43804912,3 4 5 6 7 12 14 15 16 24 1129316353,221,0x7ff6eaa10000,0xa9e1000,136,723,0,723,40902594,40009728,0,0,44804,2150608,2902318,43804912,1,1,1
