path,guid,game_base,text_pages_mapped,text_pages_decrypted,rdata_pages_readable
../../../dumps\crashpad-20260804-151455-s109-positive-control\reports\41cdafa3-ceff-4d83-8d11-69fa9b75b54a.dmp,41cdafa3-ceff-4d83-8d11-69fa9b75b54a.dmp,0x7ff6eaa10000,30281,16130,9085
../../../dumps\crashpad-20260804-163837\reports\41cdafa3-ceff-4d83-8d11-69fa9b75b54a.dmp,41cdafa3-ceff-4d83-8d11-69fa9b75b54a.dmp,0x7ff6eaa10000,30281,16130,9085
../../../dumps\crashpad-20260804-163838-postexit\reports\41cdafa3-ceff-4d83-8d11-69fa9b75b54a.dmp,41cdafa3-ceff-4d83-8d11-69fa9b75b54a.dmp,0x7ff6eaa10000,30281,16130,9085
../../../dumps\crashpad-20260804-181909-shimrun2-DEATH\reports\3e17e732-dd9f-4174-a291-66e9c3f036fc.dmp,3e17e732-dd9f-4174-a291-66e9c3f036fc.dmp,0x7ff6a6ef0000,30281,9764,9085
../../../dumps\crashpad-20260804-181915\reports\3e17e732-dd9f-4174-a291-66e9c3f036fc.dmp,3e17e732-dd9f-4174-a291-66e9c3f036fc.dmp,0x7ff6a6ef0000,30281,9764,9085
../../../dumps\crashpad-20260804-182004-shimrun3-DEATH\reports\3e17e732-dd9f-4174-a291-66e9c3f036fc.dmp,3e17e732-dd9f-4174-a291-66e9c3f036fc.dmp,0x7ff6a6ef0000,30281,9764,9085
../../../dumps\crashpad-20260804-182004-shimrun3-DEATH\reports\590cfd83-b140-479b-8bbb-6b77c1cf7efb.dmp,590cfd83-b140-479b-8bbb-6b77c1cf7efb.dmp,0x7ff6a6ef0000,30281,14823,9085
../../../dumps\crashpad-20260804-185216\reports\3e17e732-dd9f-4174-a291-66e9c3f036fc.dmp,3e17e732-dd9f-4174-a291-66e9c3f036fc.dmp,0x7ff6a6ef0000,30281,9764,9085
../../../dumps\crashpad-20260804-185216\reports\590cfd83-b140-479b-8bbb-6b77c1cf7efb.dmp,590cfd83-b140-479b-8bbb-6b77c1cf7efb.dmp,0x7ff6a6ef0000,30281,14823,9085
../../../dumps\crashpad-20260804-210459-pi1run3-DEATH\reports\673de738-afc8-49e1-99d0-7ce0bda6f536.dmp,673de738-afc8-49e1-99d0-7ce0bda6f536.dmp,0x7ff7e3cb0000,30281,13871,9085
../../../dumps\crashpad-20260804-211019\reports\673de738-afc8-49e1-99d0-7ce0bda6f536.dmp,673de738-afc8-49e1-99d0-7ce0bda6f536.dmp,0x7ff7e3cb0000,30281,13871,9085
../../../dumps\crashpad-20260804-230329-sub-NoMissions-1-DEATH\reports\e7d14df5-ddfb-4f74-902c-29acae9bb0ab.dmp,e7d14df5-ddfb-4f74-902c-29acae9bb0ab.dmp,0x7ff7e3cb0000,30281,13871,9085
../../../dumps\crashpad-20260804-230334\reports\e7d14df5-ddfb-4f74-902c-29acae9bb0ab.dmp,e7d14df5-ddfb-4f74-902c-29acae9bb0ab.dmp,0x7ff7e3cb0000,30281,13871,9085
../../../dumps\crashpad-20260804-230408-sub-NoMissions-2-DEATH\reports\5e4cce11-0836-4b55-96ed-a5aef4d21aae.dmp,5e4cce11-0836-4b55-96ed-a5aef4d21aae.dmp,0x7ff7e3cb0000,30281,14048,9085
../../../dumps\crashpad-20260804-230413\reports\5e4cce11-0836-4b55-96ed-a5aef4d21aae.dmp,5e4cce11-0836-4b55-96ed-a5aef4d21aae.dmp,0x7ff7e3cb0000,30281,14048,9085
../../../dumps\crashpad-20260804-230452-sub-NoMissions-3-DEATH\reports\d9a2e984-8d4e-46f1-9177-90a668fa926e.dmp,d9a2e984-8d4e-46f1-9177-90a668fa926e.dmp,0x7ff7e3cb0000,30281,12255,9085
../../../dumps\crashpad-20260804-230458\reports\d9a2e984-8d4e-46f1-9177-90a668fa926e.dmp,d9a2e984-8d4e-46f1-9177-90a668fa926e.dmp,0x7ff7e3cb0000,30281,12255,9085
../../../dumps\crashpad-20260804-231015\reports\d9a2e984-8d4e-46f1-9177-90a668fa926e.dmp,d9a2e984-8d4e-46f1-9177-90a668fa926e.dmp,0x7ff7e3cb0000,30281,12255,9085
../../../dumps\crashpad-20260804-231115-sub-NoPasses-2-DEATH\reports\2b109408-47f6-4626-8f10-dea53209e8dd.dmp,2b109408-47f6-4626-8f10-dea53209e8dd.dmp,0x7ff7e3cb0000,30281,15329,9085
../../../dumps\crashpad-20260804-231120\reports\2b109408-47f6-4626-8f10-dea53209e8dd.dmp,2b109408-47f6-4626-8f10-dea53209e8dd.dmp,0x7ff7e3cb0000,30281,15329,9085
../../../dumps\crashpad-20260805-010927-knee-g30-2-DEATH\reports\3fa0b7d3-0b5b-4867-a766-650f55db596b.dmp,3fa0b7d3-0b5b-4867-a766-650f55db596b.dmp,0x7ff7e3cb0000,30281,13871,9085
../../../dumps\crashpad-20260805-010934\reports\3fa0b7d3-0b5b-4867-a766-650f55db596b.dmp,3fa0b7d3-0b5b-4867-a766-650f55db596b.dmp,0x7ff7e3cb0000,30281,13871,9085
../../../dumps\crashpad-20260805-011023-knee-g30-3-DEATH\reports\40d6100a-b98a-4cd7-a3d0-d729ef326f3c.dmp,40d6100a-b98a-4cd7-a3d0-d729ef326f3c.dmp,0x7ff7e3cb0000,30281,13868,9085
../../../dumps\crashpad-20260805-011028\reports\40d6100a-b98a-4cd7-a3d0-d729ef326f3c.dmp,40d6100a-b98a-4cd7-a3d0-d729ef326f3c.dmp,0x7ff7e3cb0000,30281,13868,9085
../../../dumps\crashpad-20260805-014523-tut1-DEATH\reports\89a0d1aa-2c67-45ef-8acd-55e9142634e4.dmp,89a0d1aa-2c67-45ef-8acd-55e9142634e4.dmp,0x7ff7e3cb0000,30281,16203,9085
../../../dumps\crashpad-20260805-014535\reports\89a0d1aa-2c67-45ef-8acd-55e9142634e4.dmp,89a0d1aa-2c67-45ef-8acd-55e9142634e4.dmp,0x7ff7e3cb0000,30281,16203,9085
../../../dumps\crashpad-20260805-020141-tut3-NOSTAGE\reports\85f158bd-ad51-433d-9727-1c672418e735.dmp,85f158bd-ad51-433d-9727-1c672418e735.dmp,0x7ff681610000,30281,14981,9085
../../../dumps\crashpad-20260805-020152\reports\85f158bd-ad51-433d-9727-1c672418e735.dmp,85f158bd-ad51-433d-9727-1c672418e735.dmp,0x7ff681610000,30281,14981,9085
../../../dumps\crashpad-20260805-020627-tut4-DEATH\reports\e744eeea-ecca-461f-b5a4-2db8ff45a3df.dmp,e744eeea-ecca-461f-b5a4-2db8ff45a3df.dmp,0x7ff681610000,30281,16191,9085
../../../dumps\crashpad-20260805-021852\reports\e744eeea-ecca-461f-b5a4-2db8ff45a3df.dmp,e744eeea-ecca-461f-b5a4-2db8ff45a3df.dmp,0x7ff681610000,30281,16191,9085
../../../dumps\crashpad-20260805-022400-tuta1-DEATH\reports\f6b5e184-a62a-4965-9f65-12bb7b232809.dmp,f6b5e184-a62a-4965-9f65-12bb7b232809.dmp,0x7ff681610000,30281,16191,9085
../../../dumps\crashpad-20260805-022406\reports\f6b5e184-a62a-4965-9f65-12bb7b232809.dmp,f6b5e184-a62a-4965-9f65-12bb7b232809.dmp,0x7ff681610000,30281,16191,9085
../../../dumps\crashpad-20260805-023322-tuta3-DEATH\reports\1fa9d51c-5eef-447e-9753-a0939f3392a1.dmp,1fa9d51c-5eef-447e-9753-a0939f3392a1.dmp,0x7ff681610000,30281,16182,9085
../../../dumps\crashpad-20260805-025025\reports\1fa9d51c-5eef-447e-9753-a0939f3392a1.dmp,1fa9d51c-5eef-447e-9753-a0939f3392a1.dmp,0x7ff681610000,30281,16182,9085
../../../dumps\crashpad-20260805-025508-tutr1-DEATH\reports\b726dea8-4bbe-4f54-8a79-3bc6bf111496.dmp,b726dea8-4bbe-4f54-8a79-3bc6bf111496.dmp,0x7ff681610000,30281,16175,9085
../../../dumps\crashpad-20260805-025514\reports\b726dea8-4bbe-4f54-8a79-3bc6bf111496.dmp,b726dea8-4bbe-4f54-8a79-3bc6bf111496.dmp,0x7ff681610000,30281,16175,9085
../../../dumps\crashpad-20260805-030027\reports\45b740e8-67a3-401c-b530-21ce9760ee3e.dmp,45b740e8-67a3-401c-b530-21ce9760ee3e.dmp,0x7ff681610000,30281,15768,9085
../../../dumps\crashpad-20260805-030527-tutr3-DEATH\reports\c9a85003-95c5-4ae8-86b4-918e2d6c66c2.dmp,c9a85003-95c5-4ae8-86b4-918e2d6c66c2.dmp,0x7ff681610000,30281,16184,9085
../../../dumps\crashpad-20260805-031232\reports\c9a85003-95c5-4ae8-86b4-918e2d6c66c2.dmp,c9a85003-95c5-4ae8-86b4-918e2d6c66c2.dmp,0x7ff681610000,30281,16184,9085
../../../dumps\crashpad-20260805-143222-s110itemwatch\reports\b869ecda-0839-49e3-afad-da4159dcc675.dmp,b869ecda-0839-49e3-afad-da4159dcc675.dmp,0x7ff681610000,30281,16180,9085
../../../dumps\crashpad-20260805-173230\reports\b869ecda-0839-49e3-afad-da4159dcc675.dmp,b869ecda-0839-49e3-afad-da4159dcc675.dmp,0x7ff681610000,30281,16180,9085
../../../dumps\crashpad-20260805-173814-phase2-nostage\reports\e0d14d37-b8b6-4612-baa4-fc75d36f9113.dmp,e0d14d37-b8b6-4612-baa4-fc75d36f9113.dmp,0x7ff681610000,30281,15535,9085
../../../dumps\crashpad-20260805-173820\reports\e0d14d37-b8b6-4612-baa4-fc75d36f9113.dmp,e0d14d37-b8b6-4612-baa4-fc75d36f9113.dmp,0x7ff681610000,30281,15535,9085
../../../dumps\crashpad-20260805-174425-phase2b-void\reports\f350db65-12ce-4ce1-b8be-a7565eb59828.dmp,f350db65-12ce-4ce1-b8be-a7565eb59828.dmp,0x7ff681610000,30281,16095,9085
../../../dumps\crashpad-20260805-174431\reports\f350db65-12ce-4ce1-b8be-a7565eb59828.dmp,f350db65-12ce-4ce1-b8be-a7565eb59828.dmp,0x7ff681610000,30281,16095,9085
../../../dumps\crashpad-20260805-182113-animref-SUCCESS\reports\2432183f-4889-49ae-a673-da14cb8f617c.dmp,2432183f-4889-49ae-a673-da14cb8f617c.dmp,0x7ff681610000,30281,16208,9085
../../../dumps\crashpad-20260805-184433\reports\2432183f-4889-49ae-a673-da14cb8f617c.dmp,2432183f-4889-49ae-a673-da14cb8f617c.dmp,0x7ff681610000,30281,16208,9085
../../../dumps\crashpad-20260805-204616-s111-scanfix-run1\reports\4636381f-41f7-41f3-837f-9d95c5c58890.dmp,4636381f-41f7-41f3-837f-9d95c5c58890.dmp,0x7ff6505c0000,30281,15442,9085
../../../dumps\crashpad-20260805-205350\reports\4636381f-41f7-41f3-837f-9d95c5c58890.dmp,4636381f-41f7-41f3-837f-9d95c5c58890.dmp,0x7ff6505c0000,30281,15442,9085
../../../dumps\crashpad-20260805-205357-s111-scanfix-run2\reports\4636381f-41f7-41f3-837f-9d95c5c58890.dmp,4636381f-41f7-41f3-837f-9d95c5c58890.dmp,0x7ff6505c0000,30281,15442,9085
../../../dumps\crashpad-20260805-205659-s111-VOID-concurrent\reports\4fb67c1c-0798-42b9-a8b2-0d4f1d1b669e.dmp,4fb67c1c-0798-42b9-a8b2-0d4f1d1b669e.dmp,0x7ff6505c0000,30281,13576,9085
../../../dumps\crashpad-20260805-210129\reports\4fb67c1c-0798-42b9-a8b2-0d4f1d1b669e.dmp,4fb67c1c-0798-42b9-a8b2-0d4f1d1b669e.dmp,0x7ff6505c0000,30281,13576,9085
../../../dumps\crashpad-20260805-230519-s111-oldNM3\reports\27b26cae-f366-463f-8d39-0a27ccc5fe0f.dmp,27b26cae-f366-463f-8d39-0a27ccc5fe0f.dmp,0x7ff6505c0000,30281,13769,9085
../../../dumps\crashpad-20260805-230636\reports\27b26cae-f366-463f-8d39-0a27ccc5fe0f.dmp,27b26cae-f366-463f-8d39-0a27ccc5fe0f.dmp,0x7ff6505c0000,30281,13769,9085
../../../dumps\crashpad-20260805-230951-s111-newNM2\reports\975f7bc9-ec69-4714-86f0-c5a9415cfb54.dmp,975f7bc9-ec69-4714-86f0-c5a9415cfb54.dmp,0x7ff6505c0000,30281,15349,9085
../../../dumps\crashpad-20260805-230959\reports\975f7bc9-ec69-4714-86f0-c5a9415cfb54.dmp,975f7bc9-ec69-4714-86f0-c5a9415cfb54.dmp,0x7ff6505c0000,30281,15349,9085
../../../dumps\crashpad-20260805-231646-s111-oldNM5\reports\9153ee65-9706-4f79-b653-2fb1b2fe8b50.dmp,9153ee65-9706-4f79-b653-2fb1b2fe8b50.dmp,0x7ff6505c0000,30281,13870,9085
../../../dumps\crashpad-20260805-231653\reports\9153ee65-9706-4f79-b653-2fb1b2fe8b50.dmp,9153ee65-9706-4f79-b653-2fb1b2fe8b50.dmp,0x7ff6505c0000,30281,13870,9085
../../../dumps\crashpad-20260805-233911-s111ab-A1r1\reports\cfdd0096-f4a8-4c5d-850f-f551e7d83634.dmp,cfdd0096-f4a8-4c5d-850f-f551e7d83634.dmp,0x7ff6505c0000,30281,15348,9085
../../../dumps\crashpad-20260805-233918\reports\cfdd0096-f4a8-4c5d-850f-f551e7d83634.dmp,cfdd0096-f4a8-4c5d-850f-f551e7d83634.dmp,0x7ff6505c0000,30281,15348,9085
../../../dumps\crashpad-20260805-233955-s111ab-A1r2\reports\6b62f3fa-224c-4579-9d45-5eeabfab6c53.dmp,6b62f3fa-224c-4579-9d45-5eeabfab6c53.dmp,0x7ff6505c0000,30281,14604,9085
../../../dumps\crashpad-20260805-234002\reports\6b62f3fa-224c-4579-9d45-5eeabfab6c53.dmp,6b62f3fa-224c-4579-9d45-5eeabfab6c53.dmp,0x7ff6505c0000,30281,14604,9085
../../../dumps\crashpad-20260805-234147-s111ab-A1r4\reports\59ca3de5-92d4-4767-bd5e-3a864c91412c.dmp,59ca3de5-92d4-4767-bd5e-3a864c91412c.dmp,0x7ff6505c0000,30281,15398,9085
../../../dumps\crashpad-20260805-234154\reports\59ca3de5-92d4-4767-bd5e-3a864c91412c.dmp,59ca3de5-92d4-4767-bd5e-3a864c91412c.dmp,0x7ff6505c0000,30281,15398,9085
../../../dumps\crashpad-20260805-234559-s111ab-B2r2\reports\c3b1b52c-7dd7-4b9c-9160-778908d1084a.dmp,c3b1b52c-7dd7-4b9c-9160-778908d1084a.dmp,0x7ff6505c0000,30281,13863,9085
../../../dumps\crashpad-20260805-234606\reports\c3b1b52c-7dd7-4b9c-9160-778908d1084a.dmp,c3b1b52c-7dd7-4b9c-9160-778908d1084a.dmp,0x7ff6505c0000,30281,13863,9085
../../../dumps\crashpad-20260805-234850-s111ab-B2r5\reports\702ee15a-63b7-42da-acbb-e72079e1d2e7.dmp,702ee15a-63b7-42da-acbb-e72079e1d2e7.dmp,0x7ff6505c0000,30281,13869,9085
../../../dumps\crashpad-20260805-234857\reports\702ee15a-63b7-42da-acbb-e72079e1d2e7.dmp,702ee15a-63b7-42da-acbb-e72079e1d2e7.dmp,0x7ff6505c0000,30281,13869,9085
../../../dumps\crashpad-20260805-235002-s111ab-B2r6\reports\702ee15a-63b7-42da-acbb-e72079e1d2e7.dmp,702ee15a-63b7-42da-acbb-e72079e1d2e7.dmp,0x7ff6505c0000,30281,13869,9085
../../../dumps\crashpad-20260805-235017\reports\702ee15a-63b7-42da-acbb-e72079e1d2e7.dmp,702ee15a-63b7-42da-acbb-e72079e1d2e7.dmp,0x7ff6505c0000,30281,13869,9085
../../../dumps\crashpad-20260805-235529-s111ab-A2r5\reports\0315cb47-de79-4396-a919-8fefe83ebebe.dmp,0315cb47-de79-4396-a919-8fefe83ebebe.dmp,0x7ff6505c0000,30281,15398,9085
../../../dumps\crashpad-20260805-235536\reports\0315cb47-de79-4396-a919-8fefe83ebebe.dmp,0315cb47-de79-4396-a919-8fefe83ebebe.dmp,0x7ff6505c0000,30281,15398,9085
../../../dumps\crashpad-20260805-235601-s111ab-A2r6\reports\443b9e94-f87e-4633-b8fc-94c83cc70012.dmp,443b9e94-f87e-4633-b8fc-94c83cc70012.dmp,0x7ff6505c0000,30281,13787,9085
../../../dumps\crashpad-20260805-235616\reports\443b9e94-f87e-4633-b8fc-94c83cc70012.dmp,443b9e94-f87e-4633-b8fc-94c83cc70012.dmp,0x7ff6505c0000,30281,13787,9085
../../../dumps\crashpad-20260805-235648-s111ab-B3r1\reports\06d4cd2c-fdce-4349-85ab-37a3b4335050.dmp,06d4cd2c-fdce-4349-85ab-37a3b4335050.dmp,0x7ff6505c0000,30281,15300,9085
../../../dumps\crashpad-20260805-235654\reports\06d4cd2c-fdce-4349-85ab-37a3b4335050.dmp,06d4cd2c-fdce-4349-85ab-37a3b4335050.dmp,0x7ff6505c0000,30281,15300,9085
../../../dumps\crashpad-20260805-235818-s111ab-B3r3\reports\cfedb35e-9eba-46d9-ace6-e0b32b9c98a8.dmp,cfedb35e-9eba-46d9-ace6-e0b32b9c98a8.dmp,0x7ff6505c0000,30281,10525,9085
../../../dumps\crashpad-20260805-235825\reports\cfedb35e-9eba-46d9-ace6-e0b32b9c98a8.dmp,cfedb35e-9eba-46d9-ace6-e0b32b9c98a8.dmp,0x7ff6505c0000,30281,10525,9085
../../../dumps\crashpad-20260805-235930-s111ab-B3r4\reports\cfedb35e-9eba-46d9-ace6-e0b32b9c98a8.dmp,cfedb35e-9eba-46d9-ace6-e0b32b9c98a8.dmp,0x7ff6505c0000,30281,10525,9085
../../../dumps\crashpad-20260805-235936\reports\cfedb35e-9eba-46d9-ace6-e0b32b9c98a8.dmp,cfedb35e-9eba-46d9-ace6-e0b32b9c98a8.dmp,0x7ff6505c0000,30281,10525,9085
../../../dumps\crashpad-20260806-000010-s111ab-B3r5\reports\a62a2996-353f-4a30-8f4c-1708fc4e3081.dmp,a62a2996-353f-4a30-8f4c-1708fc4e3081.dmp,0x7ff6505c0000,30281,14013,9085
../../../dumps\crashpad-20260806-000010-s111ab-B3r5\reports\cfedb35e-9eba-46d9-ace6-e0b32b9c98a8.dmp,cfedb35e-9eba-46d9-ace6-e0b32b9c98a8.dmp,0x7ff6505c0000,30281,10525,9085
../../../dumps\crashpad-20260806-000017\reports\a62a2996-353f-4a30-8f4c-1708fc4e3081.dmp,a62a2996-353f-4a30-8f4c-1708fc4e3081.dmp,0x7ff6505c0000,30281,14013,9085
../../../dumps\crashpad-20260806-000017\reports\cfedb35e-9eba-46d9-ace6-e0b32b9c98a8.dmp,cfedb35e-9eba-46d9-ace6-e0b32b9c98a8.dmp,0x7ff6505c0000,30281,10525,9085
../../../dumps\crashpad-20260806-000650-s111ab-A3r5\reports\7bc35585-e027-4681-8bae-c6ccb07fb01f.dmp,7bc35585-e027-4681-8bae-c6ccb07fb01f.dmp,0x7ff6505c0000,30281,15406,9085
../../../dumps\crashpad-20260806-000656\reports\7bc35585-e027-4681-8bae-c6ccb07fb01f.dmp,7bc35585-e027-4681-8bae-c6ccb07fb01f.dmp,0x7ff6505c0000,30281,15406,9085
../../../dumps\crashpad-20260806-000841-s111ab-B4r1\reports\74876872-1314-41d4-b5ba-8d62e7df8b35.dmp,74876872-1314-41d4-b5ba-8d62e7df8b35.dmp,0x7ff6505c0000,30281,13831,9085
../../../dumps\crashpad-20260806-000848\reports\74876872-1314-41d4-b5ba-8d62e7df8b35.dmp,74876872-1314-41d4-b5ba-8d62e7df8b35.dmp,0x7ff6505c0000,30281,13831,9085
../../../dumps\crashpad-20260806-001132-s111ab-B4r4\reports\105ad569-268e-4bd1-9d7f-2ed600330620.dmp,105ad569-268e-4bd1-9d7f-2ed600330620.dmp,0x7ff6505c0000,30281,13861,9085
../../../dumps\crashpad-20260806-001139\reports\105ad569-268e-4bd1-9d7f-2ed600330620.dmp,105ad569-268e-4bd1-9d7f-2ed600330620.dmp,0x7ff6505c0000,30281,13861,9085
../../../dumps\crashpad-20260806-001359-s111ab-B4r6\reports\f053db6e-082f-4628-9cb9-759f9240d7fe.dmp,f053db6e-082f-4628-9cb9-759f9240d7fe.dmp,0x7ff6505c0000,30281,13827,9085
../../../dumps\crashpad-20260806-001418\reports\f053db6e-082f-4628-9cb9-759f9240d7fe.dmp,f053db6e-082f-4628-9cb9-759f9240d7fe.dmp,0x7ff6505c0000,30281,13827,9085
../../../dumps\crashpad-20260806-001638-s111ab-A4r2\reports\b64c7089-b1d8-4ae3-bea0-d023ea6d2ecd.dmp,b64c7089-b1d8-4ae3-bea0-d023ea6d2ecd.dmp,0x7ff6505c0000,30281,14808,9085
../../../dumps\crashpad-20260806-001646\reports\b64c7089-b1d8-4ae3-bea0-d023ea6d2ecd.dmp,b64c7089-b1d8-4ae3-bea0-d023ea6d2ecd.dmp,0x7ff6505c0000,30281,14808,9085
../../../dumps\crashpad-20260806-002104-s111ab-A4r6\reports\15eb57cb-e6d7-4f64-ad52-a07fe308ae56.dmp,15eb57cb-e6d7-4f64-ad52-a07fe308ae56.dmp,0x7ff6505c0000,30281,12551,9085
../../../dumps\crashpad-20260806-002125\reports\15eb57cb-e6d7-4f64-ad52-a07fe308ae56.dmp,15eb57cb-e6d7-4f64-ad52-a07fe308ae56.dmp,0x7ff6505c0000,30281,12551,9085
../../../dumps\crashpad-20260806-002506-s111ab-B5r3\reports\d6af67a2-baa5-43c9-822a-63d42a508eea.dmp,d6af67a2-baa5-43c9-822a-63d42a508eea.dmp,0x7ff6505c0000,30281,12249,9085
../../../dumps\crashpad-20260806-002514\reports\d6af67a2-baa5-43c9-822a-63d42a508eea.dmp,d6af67a2-baa5-43c9-822a-63d42a508eea.dmp,0x7ff6505c0000,30281,12249,9085
../../../dumps\crashpad-20260806-002847-s111ab-B5r6\reports\dc056ebe-d854-4d87-b06e-ddb9be0aad15.dmp,dc056ebe-d854-4d87-b06e-ddb9be0aad15.dmp,0x7ff6505c0000,30281,14798,9085
../../../dumps\crashpad-20260806-002910\reports\dc056ebe-d854-4d87-b06e-ddb9be0aad15.dmp,dc056ebe-d854-4d87-b06e-ddb9be0aad15.dmp,0x7ff6505c0000,30281,14798,9085
../../../dumps\crashpad-20260806-003354-s111ab-A5r5\reports\fb683a78-0e83-4578-8ffb-e71219426461.dmp,fb683a78-0e83-4578-8ffb-e71219426461.dmp,0x7ff6505c0000,30281,13848,9085
../../../dumps\crashpad-20260806-003402\reports\fb683a78-0e83-4578-8ffb-e71219426461.dmp,fb683a78-0e83-4578-8ffb-e71219426461.dmp,0x7ff6505c0000,30281,13848,9085
../../../dumps\crashpad-20260806-003438-s111ab-A5r6\reports\c62fdc53-3456-46b3-b4fb-bb157363c055.dmp,c62fdc53-3456-46b3-b4fb-bb157363c055.dmp,0x7ff6505c0000,30281,13857,9085
../../../dumps\crashpad-20260806-134927\reports\c62fdc53-3456-46b3-b4fb-bb157363c055.dmp,c62fdc53-3456-46b3-b4fb-bb157363c055.dmp,0x7ff6505c0000,30281,13857,9085
../../../dumps\crashpad-20260806-135215-s111ab-C1r3\reports\3044e714-56fb-4253-ab5e-528e183a1e46.dmp,3044e714-56fb-4253-ab5e-528e183a1e46.dmp,0x7ff6505c0000,30281,13533,9085
../../../dumps\crashpad-20260806-135222\reports\3044e714-56fb-4253-ab5e-528e183a1e46.dmp,3044e714-56fb-4253-ab5e-528e183a1e46.dmp,0x7ff6505c0000,30281,13533,9085
../../../dumps\crashpad-20260806-135511-s111ab-C1r6\reports\42d05faa-f278-424e-86fb-a4409611b541.dmp,42d05faa-f278-424e-86fb-a4409611b541.dmp,0x7ff6505c0000,30281,9763,9085
../../../dumps\crashpad-20260806-135530\reports\42d05faa-f278-424e-86fb-a4409611b541.dmp,42d05faa-f278-424e-86fb-a4409611b541.dmp,0x7ff6505c0000,30281,9763,9085
../../../dumps\crashpad-20260806-135636-s111ab-C2r1\reports\42d05faa-f278-424e-86fb-a4409611b541.dmp,42d05faa-f278-424e-86fb-a4409611b541.dmp,0x7ff6505c0000,30281,9763,9085
../../../dumps\crashpad-20260806-135644\reports\42d05faa-f278-424e-86fb-a4409611b541.dmp,42d05faa-f278-424e-86fb-a4409611b541.dmp,0x7ff6505c0000,30281,9763,9085
../../../dumps\crashpad-20260806-135750-s111ab-C2r2\reports\42d05faa-f278-424e-86fb-a4409611b541.dmp,42d05faa-f278-424e-86fb-a4409611b541.dmp,0x7ff6505c0000,30281,9763,9085
../../../dumps\crashpad-20260806-135756\reports\42d05faa-f278-424e-86fb-a4409611b541.dmp,42d05faa-f278-424e-86fb-a4409611b541.dmp,0x7ff6505c0000,30281,9763,9085
../../../dumps\crashpad-20260806-135901-s111ab-C2r3\reports\42d05faa-f278-424e-86fb-a4409611b541.dmp,42d05faa-f278-424e-86fb-a4409611b541.dmp,0x7ff6505c0000,30281,9763,9085
../../../dumps\crashpad-20260806-135908\reports\42d05faa-f278-424e-86fb-a4409611b541.dmp,42d05faa-f278-424e-86fb-a4409611b541.dmp,0x7ff6505c0000,30281,9763,9085
../../../dumps\crashpad-20260806-140010-s111ab-C2r4\reports\42d05faa-f278-424e-86fb-a4409611b541.dmp,42d05faa-f278-424e-86fb-a4409611b541.dmp,0x7ff6505c0000,30281,9763,9085
../../../dumps\crashpad-20260806-140010-s111ab-C2r4\reports\8eece45c-185f-4b14-b05f-a543d4cc2ade.dmp,8eece45c-185f-4b14-b05f-a543d4cc2ade.dmp,0x7ff6505c0000,30281,15480,9085
../../../dumps\crashpad-20260806-140018\reports\42d05faa-f278-424e-86fb-a4409611b541.dmp,42d05faa-f278-424e-86fb-a4409611b541.dmp,0x7ff6505c0000,30281,9763,9085
../../../dumps\crashpad-20260806-140018\reports\8eece45c-185f-4b14-b05f-a543d4cc2ade.dmp,8eece45c-185f-4b14-b05f-a543d4cc2ade.dmp,0x7ff6505c0000,30281,15480,9085
../../../dumps\crashpad-20260806-140040-s111ab-C2r5\reports\42d05faa-f278-424e-86fb-a4409611b541.dmp,42d05faa-f278-424e-86fb-a4409611b541.dmp,0x7ff6505c0000,30281,9763,9085
../../../dumps\crashpad-20260806-140040-s111ab-C2r5\reports\8eece45c-185f-4b14-b05f-a543d4cc2ade.dmp,8eece45c-185f-4b14-b05f-a543d4cc2ade.dmp,0x7ff6505c0000,30281,15480,9085
../../../dumps\crashpad-20260806-140048\reports\42d05faa-f278-424e-86fb-a4409611b541.dmp,42d05faa-f278-424e-86fb-a4409611b541.dmp,0x7ff6505c0000,30281,9763,9085
../../../dumps\crashpad-20260806-140048\reports\8eece45c-185f-4b14-b05f-a543d4cc2ade.dmp,8eece45c-185f-4b14-b05f-a543d4cc2ade.dmp,0x7ff6505c0000,30281,15480,9085
../../../dumps\crashpad-20260806-141416-s111ab-C4r4\reports\112e217d-9ad1-4aaa-96a4-0989b941e169.dmp,112e217d-9ad1-4aaa-96a4-0989b941e169.dmp,0x7ff6505c0000,30281,15430,9085
../../../dumps\crashpad-20260806-141423\reports\112e217d-9ad1-4aaa-96a4-0989b941e169.dmp,112e217d-9ad1-4aaa-96a4-0989b941e169.dmp,0x7ff6505c0000,30281,15430,9085
../../../dumps\crashpad-20260806-141645-s111ab-C4r6\reports\9f46e3c5-b6bb-411a-b6e0-9449d5355f86.dmp,9f46e3c5-b6bb-411a-b6e0-9449d5355f86.dmp,0x7ff6505c0000,30281,15425,9085
../../../dumps\crashpad-20260806-141700\reports\9f46e3c5-b6bb-411a-b6e0-9449d5355f86.dmp,9f46e3c5-b6bb-411a-b6e0-9449d5355f86.dmp,0x7ff6505c0000,30281,15425,9085
../../../dumps\crashpad-20260806-142122-s111ab-C5r5\reports\9317ebe9-f77b-486b-b095-4c384b8b01d4.dmp,9317ebe9-f77b-486b-b095-4c384b8b01d4.dmp,0x7ff6505c0000,30281,11180,9085
../../../dumps\crashpad-20260806-142129\reports\9317ebe9-f77b-486b-b095-4c384b8b01d4.dmp,9317ebe9-f77b-486b-b095-4c384b8b01d4.dmp,0x7ff6505c0000,30281,11180,9085
../../../dumps\crashpad-20260806-142227-s111ab-C5r6\reports\194c0f93-625f-41ff-8902-a3ce1e98df92.dmp,194c0f93-625f-41ff-8902-a3ce1e98df92.dmp,0x7ff6505c0000,30281,15417,9085
../../../dumps\crashpad-20260806-142227-s111ab-C5r6\reports\9317ebe9-f77b-486b-b095-4c384b8b01d4.dmp,9317ebe9-f77b-486b-b095-4c384b8b01d4.dmp,0x7ff6505c0000,30281,11180,9085
../../../dumps\crashpad-20260806-143754\reports\194c0f93-625f-41ff-8902-a3ce1e98df92.dmp,194c0f93-625f-41ff-8902-a3ce1e98df92.dmp,0x7ff6505c0000,30281,15417,9085
../../../dumps\crashpad-20260806-143754\reports\9317ebe9-f77b-486b-b095-4c384b8b01d4.dmp,9317ebe9-f77b-486b-b095-4c384b8b01d4.dmp,0x7ff6505c0000,30281,11180,9085
../../../dumps\crashpad-20260806-170919-s111arme-E1_1\reports\e0f7e621-bc08-4829-a4fe-4fc52b65c7b1.dmp,e0f7e621-bc08-4829-a4fe-4fc52b65c7b1.dmp,0x7ff6505c0000,30281,15377,9085
../../../dumps\crashpad-20260806-170936\reports\e0f7e621-bc08-4829-a4fe-4fc52b65c7b1.dmp,e0f7e621-bc08-4829-a4fe-4fc52b65c7b1.dmp,0x7ff6505c0000,30281,15377,9085
../../../dumps\crashpad-20260806-171102-s111arme-E2_1\reports\9d8a2194-101e-4280-81a3-c91e21e1e53a.dmp,9d8a2194-101e-4280-81a3-c91e21e1e53a.dmp,0x7ff6505c0000,30281,15417,9085
../../../dumps\crashpad-20260806-171117\reports\9d8a2194-101e-4280-81a3-c91e21e1e53a.dmp,9d8a2194-101e-4280-81a3-c91e21e1e53a.dmp,0x7ff6505c0000,30281,15417,9085
../../../dumps\crashpad-20260806-171621-s111arme-E3_1\reports\ec3d0203-bdc6-48fe-95d3-41578562caae.dmp,ec3d0203-bdc6-48fe-95d3-41578562caae.dmp,0x7ff6505c0000,30281,15435,9085
../../../dumps\crashpad-20260806-171637\reports\ec3d0203-bdc6-48fe-95d3-41578562caae.dmp,ec3d0203-bdc6-48fe-95d3-41578562caae.dmp,0x7ff6505c0000,30281,15435,9085
../../../dumps\crashpad-20260806-171907-s111arme-E4_1\reports\19041be4-7657-4429-b80a-88aed57df6a1.dmp,19041be4-7657-4429-b80a-88aed57df6a1.dmp,0x7ff6505c0000,30281,15500,9085
../../../dumps\crashpad-20260806-171923\reports\19041be4-7657-4429-b80a-88aed57df6a1.dmp,19041be4-7657-4429-b80a-88aed57df6a1.dmp,0x7ff6505c0000,30281,15500,9085
../../../dumps\crashpad-20260806-172150-s111arme-E5_1\reports\d54eb8a3-6dcb-442a-9433-9b1f971e61fe.dmp,d54eb8a3-6dcb-442a-9433-9b1f971e61fe.dmp,0x7ff6505c0000,30281,15510,9085
../../../dumps\crashpad-20260806-172207\reports\d54eb8a3-6dcb-442a-9433-9b1f971e61fe.dmp,d54eb8a3-6dcb-442a-9433-9b1f971e61fe.dmp,0x7ff6505c0000,30281,15510,9085
../../../dumps\crashpad-20260806-173022-s111arme-E7_1\reports\855d2696-5599-49a9-b34e-2afe4e1a1186.dmp,855d2696-5599-49a9-b34e-2afe4e1a1186.dmp,0x7ff6505c0000,30281,15430,9085
../../../dumps\crashpad-20260806-173037\reports\855d2696-5599-49a9-b34e-2afe4e1a1186.dmp,855d2696-5599-49a9-b34e-2afe4e1a1186.dmp,0x7ff6505c0000,30281,15430,9085
../../../dumps\crashpad-20260806-173429-s111arme-E8b_1\reports\c2e68cd7-c0a7-44d4-830c-3afb2717818a.dmp,c2e68cd7-c0a7-44d4-830c-3afb2717818a.dmp,0x7ff6505c0000,30281,15419,9085
../../../dumps\crashpad-20260806-174003\reports\c2e68cd7-c0a7-44d4-830c-3afb2717818a.dmp,c2e68cd7-c0a7-44d4-830c-3afb2717818a.dmp,0x7ff6505c0000,30281,15419,9085
../../../dumps\crashpad-20260806-174123-s111bisect-E1a_1\reports\85a8fcb8-966c-4002-9907-bb7ceb25117c.dmp,85a8fcb8-966c-4002-9907-bb7ceb25117c.dmp,0x7ff6505c0000,30281,15415,9085
../../../dumps\crashpad-20260806-174206\reports\85a8fcb8-966c-4002-9907-bb7ceb25117c.dmp,85a8fcb8-966c-4002-9907-bb7ceb25117c.dmp,0x7ff6505c0000,30281,15415,9085
../../../dumps\crashpad-20260806-174546-s111bisect-E2a_1\reports\73149cae-07b9-4d5f-a87d-50bdf1577f97.dmp,73149cae-07b9-4d5f-a87d-50bdf1577f97.dmp,0x7ff6505c0000,30281,15439,9085
../../../dumps\crashpad-20260806-174603\reports\73149cae-07b9-4d5f-a87d-50bdf1577f97.dmp,73149cae-07b9-4d5f-a87d-50bdf1577f97.dmp,0x7ff6505c0000,30281,15439,9085
../../../dumps\crashpad-20260806-181618-s111bisect-E1b_1\reports\d58a6916-9a4b-402d-89bf-d4753e4eef6b.dmp,d58a6916-9a4b-402d-89bf-d4753e4eef6b.dmp,0x7ff6505c0000,30281,15433,9085
../../../dumps\crashpad-20260806-181635\reports\d58a6916-9a4b-402d-89bf-d4753e4eef6b.dmp,d58a6916-9a4b-402d-89bf-d4753e4eef6b.dmp,0x7ff6505c0000,30281,15433,9085
../../../dumps\crashpad-20260806-181710-s111bisect-E2b_1\reports\0ad880ed-d104-4f86-82b5-090eb4f999d0.dmp,0ad880ed-d104-4f86-82b5-090eb4f999d0.dmp,0x7ff6505c0000,30281,12253,9085
../../../dumps\crashpad-20260806-214649\reports\0ad880ed-d104-4f86-82b5-090eb4f999d0.dmp,0ad880ed-d104-4f86-82b5-090eb4f999d0.dmp,0x7ff6505c0000,30281,12253,9085
../../../dumps\crashpad-20260806-221813-s111ab-P2r2\reports\7576d9ff-6a99-4327-88e8-a703855ca4c1.dmp,7576d9ff-6a99-4327-88e8-a703855ca4c1.dmp,0x7ff6505c0000,30281,11809,9085
../../../dumps\crashpad-20260806-221820\reports\7576d9ff-6a99-4327-88e8-a703855ca4c1.dmp,7576d9ff-6a99-4327-88e8-a703855ca4c1.dmp,0x7ff6505c0000,30281,11809,9085
../../../dumps\crashpad-20260806-222109-s111ab-P2r5\reports\df6dbec2-8ca4-4021-b71c-18cff8be8ff5.dmp,df6dbec2-8ca4-4021-b71c-18cff8be8ff5.dmp,0x7ff6505c0000,30281,10130,9085
../../../dumps\crashpad-20260806-222116\reports\df6dbec2-8ca4-4021-b71c-18cff8be8ff5.dmp,df6dbec2-8ca4-4021-b71c-18cff8be8ff5.dmp,0x7ff6505c0000,30281,10130,9085
../../../dumps\crashpad-20260806-222222-s111ab-P2r6\reports\df6dbec2-8ca4-4021-b71c-18cff8be8ff5.dmp,df6dbec2-8ca4-4021-b71c-18cff8be8ff5.dmp,0x7ff6505c0000,30281,10130,9085
../../../dumps\crashpad-20260806-222239\reports\df6dbec2-8ca4-4021-b71c-18cff8be8ff5.dmp,df6dbec2-8ca4-4021-b71c-18cff8be8ff5.dmp,0x7ff6505c0000,30281,10130,9085
../../../dumps\crashpad-20260806-222345-s111ab-P3r1\reports\df6dbec2-8ca4-4021-b71c-18cff8be8ff5.dmp,df6dbec2-8ca4-4021-b71c-18cff8be8ff5.dmp,0x7ff6505c0000,30281,10130,9085
../../../dumps\crashpad-20260806-222352\reports\df6dbec2-8ca4-4021-b71c-18cff8be8ff5.dmp,df6dbec2-8ca4-4021-b71c-18cff8be8ff5.dmp,0x7ff6505c0000,30281,10130,9085
../../../dumps\crashpad-20260806-222457-s111ab-P3r2\reports\df6dbec2-8ca4-4021-b71c-18cff8be8ff5.dmp,df6dbec2-8ca4-4021-b71c-18cff8be8ff5.dmp,0x7ff6505c0000,30281,10130,9085
../../../dumps\crashpad-20260806-222503\reports\df6dbec2-8ca4-4021-b71c-18cff8be8ff5.dmp,df6dbec2-8ca4-4021-b71c-18cff8be8ff5.dmp,0x7ff6505c0000,30281,10130,9085
../../../dumps\crashpad-20260806-222608-s111ab-P3r3\reports\df6dbec2-8ca4-4021-b71c-18cff8be8ff5.dmp,df6dbec2-8ca4-4021-b71c-18cff8be8ff5.dmp,0x7ff6505c0000,30281,10130,9085
../../../dumps\crashpad-20260806-222615\reports\df6dbec2-8ca4-4021-b71c-18cff8be8ff5.dmp,df6dbec2-8ca4-4021-b71c-18cff8be8ff5.dmp,0x7ff6505c0000,30281,10130,9085
../../../dumps\crashpad-20260806-222720-s111ab-P3r4\reports\df6dbec2-8ca4-4021-b71c-18cff8be8ff5.dmp,df6dbec2-8ca4-4021-b71c-18cff8be8ff5.dmp,0x7ff6505c0000,30281,10130,9085
../../../dumps\crashpad-20260806-222727\reports\df6dbec2-8ca4-4021-b71c-18cff8be8ff5.dmp,df6dbec2-8ca4-4021-b71c-18cff8be8ff5.dmp,0x7ff6505c0000,30281,10130,9085
../../../dumps\crashpad-20260806-222832-s111ab-P3r5\reports\df6dbec2-8ca4-4021-b71c-18cff8be8ff5.dmp,df6dbec2-8ca4-4021-b71c-18cff8be8ff5.dmp,0x7ff6505c0000,30281,10130,9085
../../../dumps\crashpad-20260806-222838\reports\df6dbec2-8ca4-4021-b71c-18cff8be8ff5.dmp,df6dbec2-8ca4-4021-b71c-18cff8be8ff5.dmp,0x7ff6505c0000,30281,10130,9085
../../../dumps\crashpad-20260806-222943-s111ab-P3r6\reports\df6dbec2-8ca4-4021-b71c-18cff8be8ff5.dmp,df6dbec2-8ca4-4021-b71c-18cff8be8ff5.dmp,0x7ff6505c0000,30281,10130,9085
../../../dumps\crashpad-20260806-222959\reports\df6dbec2-8ca4-4021-b71c-18cff8be8ff5.dmp,df6dbec2-8ca4-4021-b71c-18cff8be8ff5.dmp,0x7ff6505c0000,30281,10130,9085
../../../dumps\crashpad-20260806-223104-s111ab-P4r1\reports\df6dbec2-8ca4-4021-b71c-18cff8be8ff5.dmp,df6dbec2-8ca4-4021-b71c-18cff8be8ff5.dmp,0x7ff6505c0000,30281,10130,9085
../../../dumps\crashpad-20260806-223110\reports\df6dbec2-8ca4-4021-b71c-18cff8be8ff5.dmp,df6dbec2-8ca4-4021-b71c-18cff8be8ff5.dmp,0x7ff6505c0000,30281,10130,9085
../../../dumps\crashpad-20260806-223139-s111ab-P4r2\reports\df6dbec2-8ca4-4021-b71c-18cff8be8ff5.dmp,df6dbec2-8ca4-4021-b71c-18cff8be8ff5.dmp,0x7ff6505c0000,30281,10130,9085
../../../dumps\crashpad-20260806-223145\reports\df6dbec2-8ca4-4021-b71c-18cff8be8ff5.dmp,df6dbec2-8ca4-4021-b71c-18cff8be8ff5.dmp,0x7ff6505c0000,30281,10130,9085
../../../dumps\crashpad-20260806-223250-s111ab-P4r3\reports\df6dbec2-8ca4-4021-b71c-18cff8be8ff5.dmp,df6dbec2-8ca4-4021-b71c-18cff8be8ff5.dmp,0x7ff6505c0000,30281,10130,9085
../../../dumps\crashpad-20260806-223257\reports\df6dbec2-8ca4-4021-b71c-18cff8be8ff5.dmp,df6dbec2-8ca4-4021-b71c-18cff8be8ff5.dmp,0x7ff6505c0000,30281,10130,9085
../../../dumps\crashpad-20260806-223402-s111ab-P4r4\reports\df6dbec2-8ca4-4021-b71c-18cff8be8ff5.dmp,df6dbec2-8ca4-4021-b71c-18cff8be8ff5.dmp,0x7ff6505c0000,30281,10130,9085
../../../dumps\crashpad-20260806-223408\reports\df6dbec2-8ca4-4021-b71c-18cff8be8ff5.dmp,df6dbec2-8ca4-4021-b71c-18cff8be8ff5.dmp,0x7ff6505c0000,30281,10130,9085
../../../dumps\crashpad-20260806-223513-s111ab-P4r5\reports\df6dbec2-8ca4-4021-b71c-18cff8be8ff5.dmp,df6dbec2-8ca4-4021-b71c-18cff8be8ff5.dmp,0x7ff6505c0000,30281,10130,9085
../../../dumps\crashpad-20260806-223520\reports\df6dbec2-8ca4-4021-b71c-18cff8be8ff5.dmp,df6dbec2-8ca4-4021-b71c-18cff8be8ff5.dmp,0x7ff6505c0000,30281,10130,9085
../../../dumps\crashpad-20260806-223625-s111ab-P4r6\reports\df6dbec2-8ca4-4021-b71c-18cff8be8ff5.dmp,df6dbec2-8ca4-4021-b71c-18cff8be8ff5.dmp,0x7ff6505c0000,30281,10130,9085
../../../dumps\crashpad-20260806-223642\reports\df6dbec2-8ca4-4021-b71c-18cff8be8ff5.dmp,df6dbec2-8ca4-4021-b71c-18cff8be8ff5.dmp,0x7ff6505c0000,30281,10130,9085
../../../dumps\crashpad-20260806-223747-s111ab-P5r1\reports\df6dbec2-8ca4-4021-b71c-18cff8be8ff5.dmp,df6dbec2-8ca4-4021-b71c-18cff8be8ff5.dmp,0x7ff6505c0000,30281,10130,9085
../../../dumps\crashpad-20260806-223754\reports\df6dbec2-8ca4-4021-b71c-18cff8be8ff5.dmp,df6dbec2-8ca4-4021-b71c-18cff8be8ff5.dmp,0x7ff6505c0000,30281,10130,9085
../../../dumps\crashpad-20260806-223859-s111ab-P5r2\reports\df6dbec2-8ca4-4021-b71c-18cff8be8ff5.dmp,df6dbec2-8ca4-4021-b71c-18cff8be8ff5.dmp,0x7ff6505c0000,30281,10130,9085
../../../dumps\crashpad-20260806-223905\reports\df6dbec2-8ca4-4021-b71c-18cff8be8ff5.dmp,df6dbec2-8ca4-4021-b71c-18cff8be8ff5.dmp,0x7ff6505c0000,30281,10130,9085
../../../dumps\crashpad-20260806-224010-s111ab-P5r3\reports\df6dbec2-8ca4-4021-b71c-18cff8be8ff5.dmp,df6dbec2-8ca4-4021-b71c-18cff8be8ff5.dmp,0x7ff6505c0000,30281,10130,9085
../../../dumps\crashpad-20260806-224017\reports\df6dbec2-8ca4-4021-b71c-18cff8be8ff5.dmp,df6dbec2-8ca4-4021-b71c-18cff8be8ff5.dmp,0x7ff6505c0000,30281,10130,9085
../../../dumps\crashpad-20260806-224122-s111ab-P5r4\reports\df6dbec2-8ca4-4021-b71c-18cff8be8ff5.dmp,df6dbec2-8ca4-4021-b71c-18cff8be8ff5.dmp,0x7ff6505c0000,30281,10130,9085
../../../dumps\crashpad-20260806-224128\reports\df6dbec2-8ca4-4021-b71c-18cff8be8ff5.dmp,df6dbec2-8ca4-4021-b71c-18cff8be8ff5.dmp,0x7ff6505c0000,30281,10130,9085
../../../dumps\crashpad-20260806-224233-s111ab-P5r5\reports\df6dbec2-8ca4-4021-b71c-18cff8be8ff5.dmp,df6dbec2-8ca4-4021-b71c-18cff8be8ff5.dmp,0x7ff6505c0000,30281,10130,9085
../../../dumps\crashpad-20260806-224240\reports\df6dbec2-8ca4-4021-b71c-18cff8be8ff5.dmp,df6dbec2-8ca4-4021-b71c-18cff8be8ff5.dmp,0x7ff6505c0000,30281,10130,9085
../../../dumps\crashpad-20260806-224259-s111ab-P5r6\reports\df6dbec2-8ca4-4021-b71c-18cff8be8ff5.dmp,df6dbec2-8ca4-4021-b71c-18cff8be8ff5.dmp,0x7ff6505c0000,30281,10130,9085
../../../dumps\crashpad-20260806-224644\reports\df6dbec2-8ca4-4021-b71c-18cff8be8ff5.dmp,df6dbec2-8ca4-4021-b71c-18cff8be8ff5.dmp,0x7ff6505c0000,30281,10130,9085
../../../dumps\crashpad-20260806-224749-s111bisect-H1r1\reports\df6dbec2-8ca4-4021-b71c-18cff8be8ff5.dmp,df6dbec2-8ca4-4021-b71c-18cff8be8ff5.dmp,0x7ff6505c0000,30281,10130,9085
../../../dumps\crashpad-20260806-224756\reports\df6dbec2-8ca4-4021-b71c-18cff8be8ff5.dmp,df6dbec2-8ca4-4021-b71c-18cff8be8ff5.dmp,0x7ff6505c0000,30281,10130,9085
../../../dumps\crashpad-20260806-224901-s111bisect-H1r2\reports\df6dbec2-8ca4-4021-b71c-18cff8be8ff5.dmp,df6dbec2-8ca4-4021-b71c-18cff8be8ff5.dmp,0x7ff6505c0000,30281,10130,9085
../../../dumps\crashpad-20260806-224908\reports\df6dbec2-8ca4-4021-b71c-18cff8be8ff5.dmp,df6dbec2-8ca4-4021-b71c-18cff8be8ff5.dmp,0x7ff6505c0000,30281,10130,9085
../../../dumps\crashpad-20260806-225013-s111bisect-H1r3\reports\df6dbec2-8ca4-4021-b71c-18cff8be8ff5.dmp,df6dbec2-8ca4-4021-b71c-18cff8be8ff5.dmp,0x7ff6505c0000,30281,10130,9085
../../../dumps\crashpad-20260806-225019\reports\df6dbec2-8ca4-4021-b71c-18cff8be8ff5.dmp,df6dbec2-8ca4-4021-b71c-18cff8be8ff5.dmp,0x7ff6505c0000,30281,10130,9085
../../../dumps\crashpad-20260806-225124-s111bisect-H1r4\reports\df6dbec2-8ca4-4021-b71c-18cff8be8ff5.dmp,df6dbec2-8ca4-4021-b71c-18cff8be8ff5.dmp,0x7ff6505c0000,30281,10130,9085
../../../dumps\crashpad-20260806-225131\reports\df6dbec2-8ca4-4021-b71c-18cff8be8ff5.dmp,df6dbec2-8ca4-4021-b71c-18cff8be8ff5.dmp,0x7ff6505c0000,30281,10130,9085
../../../dumps\crashpad-20260806-225236-s111bisect-H1r5\reports\df6dbec2-8ca4-4021-b71c-18cff8be8ff5.dmp,df6dbec2-8ca4-4021-b71c-18cff8be8ff5.dmp,0x7ff6505c0000,30281,10130,9085
../../../dumps\crashpad-20260806-225243\reports\df6dbec2-8ca4-4021-b71c-18cff8be8ff5.dmp,df6dbec2-8ca4-4021-b71c-18cff8be8ff5.dmp,0x7ff6505c0000,30281,10130,9085
../../../dumps\crashpad-20260806-225348-s111bisect-H1r6\reports\df6dbec2-8ca4-4021-b71c-18cff8be8ff5.dmp,df6dbec2-8ca4-4021-b71c-18cff8be8ff5.dmp,0x7ff6505c0000,30281,10130,9085
../../../dumps\crashpad-20260806-225403\reports\df6dbec2-8ca4-4021-b71c-18cff8be8ff5.dmp,df6dbec2-8ca4-4021-b71c-18cff8be8ff5.dmp,0x7ff6505c0000,30281,10130,9085
../../../dumps\crashpad-20260806-225508-s111bisect-H2r1\reports\df6dbec2-8ca4-4021-b71c-18cff8be8ff5.dmp,df6dbec2-8ca4-4021-b71c-18cff8be8ff5.dmp,0x7ff6505c0000,30281,10130,9085
../../../dumps\crashpad-20260806-225515\reports\df6dbec2-8ca4-4021-b71c-18cff8be8ff5.dmp,df6dbec2-8ca4-4021-b71c-18cff8be8ff5.dmp,0x7ff6505c0000,30281,10130,9085
../../../dumps\crashpad-20260806-225620-s111bisect-H2r2\reports\df6dbec2-8ca4-4021-b71c-18cff8be8ff5.dmp,df6dbec2-8ca4-4021-b71c-18cff8be8ff5.dmp,0x7ff6505c0000,30281,10130,9085
../../../dumps\crashpad-20260806-225626\reports\df6dbec2-8ca4-4021-b71c-18cff8be8ff5.dmp,df6dbec2-8ca4-4021-b71c-18cff8be8ff5.dmp,0x7ff6505c0000,30281,10130,9085
../../../dumps\crashpad-20260806-225732-s111bisect-H2r3\reports\df6dbec2-8ca4-4021-b71c-18cff8be8ff5.dmp,df6dbec2-8ca4-4021-b71c-18cff8be8ff5.dmp,0x7ff6505c0000,30281,10130,9085
../../../dumps\crashpad-20260806-225738\reports\df6dbec2-8ca4-4021-b71c-18cff8be8ff5.dmp,df6dbec2-8ca4-4021-b71c-18cff8be8ff5.dmp,0x7ff6505c0000,30281,10130,9085
../../../dumps\crashpad-20260806-225843-s111bisect-H2r4\reports\df6dbec2-8ca4-4021-b71c-18cff8be8ff5.dmp,df6dbec2-8ca4-4021-b71c-18cff8be8ff5.dmp,0x7ff6505c0000,30281,10130,9085
../../../dumps\crashpad-20260806-225850\reports\df6dbec2-8ca4-4021-b71c-18cff8be8ff5.dmp,df6dbec2-8ca4-4021-b71c-18cff8be8ff5.dmp,0x7ff6505c0000,30281,10130,9085
../../../dumps\crashpad-20260806-225955-s111bisect-H2r5\reports\df6dbec2-8ca4-4021-b71c-18cff8be8ff5.dmp,df6dbec2-8ca4-4021-b71c-18cff8be8ff5.dmp,0x7ff6505c0000,30281,10130,9085
../../../dumps\crashpad-20260806-230002\reports\df6dbec2-8ca4-4021-b71c-18cff8be8ff5.dmp,df6dbec2-8ca4-4021-b71c-18cff8be8ff5.dmp,0x7ff6505c0000,30281,10130,9085
../../../dumps\crashpad-20260806-230107-s111bisect-H2r6\reports\df6dbec2-8ca4-4021-b71c-18cff8be8ff5.dmp,df6dbec2-8ca4-4021-b71c-18cff8be8ff5.dmp,0x7ff6505c0000,30281,10130,9085
../../../dumps\crashpad-20260806-230138\reports\df6dbec2-8ca4-4021-b71c-18cff8be8ff5.dmp,df6dbec2-8ca4-4021-b71c-18cff8be8ff5.dmp,0x7ff6505c0000,30281,10130,9085
../../../dumps\crashpad-20260806-230243-s111bisect-H3r1\reports\df6dbec2-8ca4-4021-b71c-18cff8be8ff5.dmp,df6dbec2-8ca4-4021-b71c-18cff8be8ff5.dmp,0x7ff6505c0000,30281,10130,9085
../../../dumps\crashpad-20260806-230250\reports\df6dbec2-8ca4-4021-b71c-18cff8be8ff5.dmp,df6dbec2-8ca4-4021-b71c-18cff8be8ff5.dmp,0x7ff6505c0000,30281,10130,9085
../../../dumps\crashpad-20260806-230355-s111bisect-H3r2\reports\df6dbec2-8ca4-4021-b71c-18cff8be8ff5.dmp,df6dbec2-8ca4-4021-b71c-18cff8be8ff5.dmp,0x7ff6505c0000,30281,10130,9085
../../../dumps\crashpad-20260806-230401\reports\df6dbec2-8ca4-4021-b71c-18cff8be8ff5.dmp,df6dbec2-8ca4-4021-b71c-18cff8be8ff5.dmp,0x7ff6505c0000,30281,10130,9085
../../../dumps\crashpad-20260806-230506-s111bisect-H3r3\reports\df6dbec2-8ca4-4021-b71c-18cff8be8ff5.dmp,df6dbec2-8ca4-4021-b71c-18cff8be8ff5.dmp,0x7ff6505c0000,30281,10130,9085
../../../dumps\crashpad-20260806-230513\reports\df6dbec2-8ca4-4021-b71c-18cff8be8ff5.dmp,df6dbec2-8ca4-4021-b71c-18cff8be8ff5.dmp,0x7ff6505c0000,30281,10130,9085
../../../dumps\crashpad-20260806-230618-s111bisect-H3r4\reports\df6dbec2-8ca4-4021-b71c-18cff8be8ff5.dmp,df6dbec2-8ca4-4021-b71c-18cff8be8ff5.dmp,0x7ff6505c0000,30281,10130,9085
../../../dumps\crashpad-20260806-230624\reports\df6dbec2-8ca4-4021-b71c-18cff8be8ff5.dmp,df6dbec2-8ca4-4021-b71c-18cff8be8ff5.dmp,0x7ff6505c0000,30281,10130,9085
../../../dumps\crashpad-20260806-230647-s111bisect-H3r5\reports\df6dbec2-8ca4-4021-b71c-18cff8be8ff5.dmp,df6dbec2-8ca4-4021-b71c-18cff8be8ff5.dmp,0x7ff6505c0000,30281,10130,9085
../../../dumps\crashpad-20260806-230653\reports\df6dbec2-8ca4-4021-b71c-18cff8be8ff5.dmp,df6dbec2-8ca4-4021-b71c-18cff8be8ff5.dmp,0x7ff6505c0000,30281,10130,9085
../../../dumps\crashpad-20260806-230758-s111bisect-H3r6\reports\df6dbec2-8ca4-4021-b71c-18cff8be8ff5.dmp,df6dbec2-8ca4-4021-b71c-18cff8be8ff5.dmp,0x7ff6505c0000,30281,10130,9085
../../../dumps\crashpad-20260806-230815\reports\df6dbec2-8ca4-4021-b71c-18cff8be8ff5.dmp,df6dbec2-8ca4-4021-b71c-18cff8be8ff5.dmp,0x7ff6505c0000,30281,10130,9085
../../../dumps\crashpad-20260806-230921-s111bisect-H4r1\reports\df6dbec2-8ca4-4021-b71c-18cff8be8ff5.dmp,df6dbec2-8ca4-4021-b71c-18cff8be8ff5.dmp,0x7ff6505c0000,30281,10130,9085
../../../dumps\crashpad-20260806-230927\reports\df6dbec2-8ca4-4021-b71c-18cff8be8ff5.dmp,df6dbec2-8ca4-4021-b71c-18cff8be8ff5.dmp,0x7ff6505c0000,30281,10130,9085
../../../dumps\crashpad-20260806-231032-s111bisect-H4r2\reports\df6dbec2-8ca4-4021-b71c-18cff8be8ff5.dmp,df6dbec2-8ca4-4021-b71c-18cff8be8ff5.dmp,0x7ff6505c0000,30281,10130,9085
../../../dumps\crashpad-20260806-231039\reports\df6dbec2-8ca4-4021-b71c-18cff8be8ff5.dmp,df6dbec2-8ca4-4021-b71c-18cff8be8ff5.dmp,0x7ff6505c0000,30281,10130,9085
../../../dumps\crashpad-20260806-231144-s111bisect-H4r3\reports\df6dbec2-8ca4-4021-b71c-18cff8be8ff5.dmp,df6dbec2-8ca4-4021-b71c-18cff8be8ff5.dmp,0x7ff6505c0000,30281,10130,9085
../../../dumps\crashpad-20260806-231150\reports\df6dbec2-8ca4-4021-b71c-18cff8be8ff5.dmp,df6dbec2-8ca4-4021-b71c-18cff8be8ff5.dmp,0x7ff6505c0000,30281,10130,9085
../../../dumps\crashpad-20260806-231255-s111bisect-H4r4\reports\df6dbec2-8ca4-4021-b71c-18cff8be8ff5.dmp,df6dbec2-8ca4-4021-b71c-18cff8be8ff5.dmp,0x7ff6505c0000,30281,10130,9085
../../../dumps\crashpad-20260806-231302\reports\df6dbec2-8ca4-4021-b71c-18cff8be8ff5.dmp,df6dbec2-8ca4-4021-b71c-18cff8be8ff5.dmp,0x7ff6505c0000,30281,10130,9085
../../../dumps\crashpad-20260806-231407-s111bisect-H4r5\reports\df6dbec2-8ca4-4021-b71c-18cff8be8ff5.dmp,df6dbec2-8ca4-4021-b71c-18cff8be8ff5.dmp,0x7ff6505c0000,30281,10130,9085
../../../dumps\crashpad-20260806-231413\reports\df6dbec2-8ca4-4021-b71c-18cff8be8ff5.dmp,df6dbec2-8ca4-4021-b71c-18cff8be8ff5.dmp,0x7ff6505c0000,30281,10130,9085
../../../dumps\crashpad-20260806-231519-s111bisect-H4r6\reports\df6dbec2-8ca4-4021-b71c-18cff8be8ff5.dmp,df6dbec2-8ca4-4021-b71c-18cff8be8ff5.dmp,0x7ff6505c0000,30281,10130,9085
../../../dumps\crashpad-20260806-232926\reports\df6dbec2-8ca4-4021-b71c-18cff8be8ff5.dmp,df6dbec2-8ca4-4021-b71c-18cff8be8ff5.dmp,0x7ff6505c0000,30281,10130,9085
../../../dumps\crashpad-20260806-233452-s111pi-I1_1\reports\df6dbec2-8ca4-4021-b71c-18cff8be8ff5.dmp,df6dbec2-8ca4-4021-b71c-18cff8be8ff5.dmp,0x7ff6505c0000,30281,10130,9085
../../../dumps\crashpad-20260806-233509\reports\df6dbec2-8ca4-4021-b71c-18cff8be8ff5.dmp,df6dbec2-8ca4-4021-b71c-18cff8be8ff5.dmp,0x7ff6505c0000,30281,10130,9085
../../../dumps\crashpad-20260806-234035-s111pi-I2_1\reports\df6dbec2-8ca4-4021-b71c-18cff8be8ff5.dmp,df6dbec2-8ca4-4021-b71c-18cff8be8ff5.dmp,0x7ff6505c0000,30281,10130,9085
../../../dumps\crashpad-20260806-234055\reports\df6dbec2-8ca4-4021-b71c-18cff8be8ff5.dmp,df6dbec2-8ca4-4021-b71c-18cff8be8ff5.dmp,0x7ff6505c0000,30281,10130,9085
../../../dumps\crashpad-20260806-234130-s111pi-I3_1\reports\df6dbec2-8ca4-4021-b71c-18cff8be8ff5.dmp,df6dbec2-8ca4-4021-b71c-18cff8be8ff5.dmp,0x7ff6505c0000,30281,10130,9085
../../../dumps\crashpad-20260806-234147\reports\df6dbec2-8ca4-4021-b71c-18cff8be8ff5.dmp,df6dbec2-8ca4-4021-b71c-18cff8be8ff5.dmp,0x7ff6505c0000,30281,10130,9085
../../../dumps\crashpad-20260806-234713-s111pi-I4_1\reports\df6dbec2-8ca4-4021-b71c-18cff8be8ff5.dmp,df6dbec2-8ca4-4021-b71c-18cff8be8ff5.dmp,0x7ff6505c0000,30281,10130,9085
../../../dumps\crashpad-20260806-234729\reports\df6dbec2-8ca4-4021-b71c-18cff8be8ff5.dmp,df6dbec2-8ca4-4021-b71c-18cff8be8ff5.dmp,0x7ff6505c0000,30281,10130,9085
../../../dumps\crashpad-20260806-234816-s111pi-I5_1\reports\006b2788-25bc-42b0-a263-9729f87a97b1.dmp,006b2788-25bc-42b0-a263-9729f87a97b1.dmp,0x7ff6505c0000,30281,13848,9085
../../../dumps\crashpad-20260806-234816-s111pi-I5_1\reports\df6dbec2-8ca4-4021-b71c-18cff8be8ff5.dmp,df6dbec2-8ca4-4021-b71c-18cff8be8ff5.dmp,0x7ff6505c0000,30281,10130,9085
../../../dumps\crashpad-20260806-234835\reports\006b2788-25bc-42b0-a263-9729f87a97b1.dmp,006b2788-25bc-42b0-a263-9729f87a97b1.dmp,0x7ff6505c0000,30281,13848,9085
../../../dumps\crashpad-20260806-234835\reports\df6dbec2-8ca4-4021-b71c-18cff8be8ff5.dmp,df6dbec2-8ca4-4021-b71c-18cff8be8ff5.dmp,0x7ff6505c0000,30281,10130,9085
../../../dumps\crashpad-20260806-234958-s111pi-I6_1\reports\455fe74e-dbb5-41e7-a1b0-d39819f2f8f4.dmp,455fe74e-dbb5-41e7-a1b0-d39819f2f8f4.dmp,0x7ff6505c0000,30281,15480,9085
../../../dumps\crashpad-20260806-235019\reports\455fe74e-dbb5-41e7-a1b0-d39819f2f8f4.dmp,455fe74e-dbb5-41e7-a1b0-d39819f2f8f4.dmp,0x7ff6505c0000,30281,15480,9085
../../../dumps\crashpad-20260807-001439-s111pi-I11_1\reports\94f62fec-a77b-48ee-b083-0378a4e0c27e.dmp,94f62fec-a77b-48ee-b083-0378a4e0c27e.dmp,0x7ff6505c0000,30281,10130,9085
../../../dumps\crashpad-20260807-001459\reports\94f62fec-a77b-48ee-b083-0378a4e0c27e.dmp,94f62fec-a77b-48ee-b083-0378a4e0c27e.dmp,0x7ff6505c0000,30281,10130,9085
../../../dumps\crashpad-20260807-002024-s111pi-I12_1\reports\94f62fec-a77b-48ee-b083-0378a4e0c27e.dmp,94f62fec-a77b-48ee-b083-0378a4e0c27e.dmp,0x7ff6505c0000,30281,10130,9085
../../../dumps\crashpad-20260807-003859\reports\94f62fec-a77b-48ee-b083-0378a4e0c27e.dmp,94f62fec-a77b-48ee-b083-0378a4e0c27e.dmp,0x7ff6505c0000,30281,10130,9085
../../../dumps\crashpad-20260807-004424-s111pi-J1_1\reports\94f62fec-a77b-48ee-b083-0378a4e0c27e.dmp,94f62fec-a77b-48ee-b083-0378a4e0c27e.dmp,0x7ff6505c0000,30281,10130,9085
../../../dumps\crashpad-20260807-004442\reports\94f62fec-a77b-48ee-b083-0378a4e0c27e.dmp,94f62fec-a77b-48ee-b083-0378a4e0c27e.dmp,0x7ff6505c0000,30281,10130,9085
../../../dumps\crashpad-20260807-005008-s111pi-J2_1\reports\94f62fec-a77b-48ee-b083-0378a4e0c27e.dmp,94f62fec-a77b-48ee-b083-0378a4e0c27e.dmp,0x7ff6505c0000,30281,10130,9085
../../../dumps\crashpad-20260807-005026\reports\94f62fec-a77b-48ee-b083-0378a4e0c27e.dmp,94f62fec-a77b-48ee-b083-0378a4e0c27e.dmp,0x7ff6505c0000,30281,10130,9085
../../../dumps\crashpad-20260807-005551-s111pi-J3_1\reports\94f62fec-a77b-48ee-b083-0378a4e0c27e.dmp,94f62fec-a77b-48ee-b083-0378a4e0c27e.dmp,0x7ff6505c0000,30281,10130,9085
../../../dumps\crashpad-20260807-005608\reports\94f62fec-a77b-48ee-b083-0378a4e0c27e.dmp,94f62fec-a77b-48ee-b083-0378a4e0c27e.dmp,0x7ff6505c0000,30281,10130,9085
../../../dumps\crashpad-20260807-010133-s111pi-J4_1\reports\94f62fec-a77b-48ee-b083-0378a4e0c27e.dmp,94f62fec-a77b-48ee-b083-0378a4e0c27e.dmp,0x7ff6505c0000,30281,10130,9085
../../../dumps\crashpad-20260807-010150\reports\94f62fec-a77b-48ee-b083-0378a4e0c27e.dmp,94f62fec-a77b-48ee-b083-0378a4e0c27e.dmp,0x7ff6505c0000,30281,10130,9085
../../../dumps\crashpad-20260807-010715-s111pi-J5_1\reports\94f62fec-a77b-48ee-b083-0378a4e0c27e.dmp,94f62fec-a77b-48ee-b083-0378a4e0c27e.dmp,0x7ff6505c0000,30281,10130,9085
../../../dumps\crashpad-20260807-010733\reports\94f62fec-a77b-48ee-b083-0378a4e0c27e.dmp,94f62fec-a77b-48ee-b083-0378a4e0c27e.dmp,0x7ff6505c0000,30281,10130,9085
../../../dumps\crashpad-20260807-011258-s111pi-J6_1\reports\94f62fec-a77b-48ee-b083-0378a4e0c27e.dmp,94f62fec-a77b-48ee-b083-0378a4e0c27e.dmp,0x7ff6505c0000,30281,10130,9085
../../../dumps\crashpad-20260807-011317\reports\94f62fec-a77b-48ee-b083-0378a4e0c27e.dmp,94f62fec-a77b-48ee-b083-0378a4e0c27e.dmp,0x7ff6505c0000,30281,10130,9085
../../../dumps\crashpad-20260807-011842-s111pi-J7_1\reports\94f62fec-a77b-48ee-b083-0378a4e0c27e.dmp,94f62fec-a77b-48ee-b083-0378a4e0c27e.dmp,0x7ff6505c0000,30281,10130,9085
../../../dumps\crashpad-20260807-011858\reports\94f62fec-a77b-48ee-b083-0378a4e0c27e.dmp,94f62fec-a77b-48ee-b083-0378a4e0c27e.dmp,0x7ff6505c0000,30281,10130,9085
../../../dumps\crashpad-20260807-012423-s111pi-J8_1\reports\94f62fec-a77b-48ee-b083-0378a4e0c27e.dmp,94f62fec-a77b-48ee-b083-0378a4e0c27e.dmp,0x7ff6505c0000,30281,10130,9085
../../../dumps\crashpad-20260807-012440\reports\94f62fec-a77b-48ee-b083-0378a4e0c27e.dmp,94f62fec-a77b-48ee-b083-0378a4e0c27e.dmp,0x7ff6505c0000,30281,10130,9085
../../../dumps\crashpad-20260807-013005-s111pi-J9_1\reports\94f62fec-a77b-48ee-b083-0378a4e0c27e.dmp,94f62fec-a77b-48ee-b083-0378a4e0c27e.dmp,0x7ff6505c0000,30281,10130,9085
../../../dumps\crashpad-20260807-013012\reports\94f62fec-a77b-48ee-b083-0378a4e0c27e.dmp,94f62fec-a77b-48ee-b083-0378a4e0c27e.dmp,0x7ff6505c0000,30281,10130,9085
../../../dumps\crashpad-20260807-013536-s111pi-J9_2\reports\94f62fec-a77b-48ee-b083-0378a4e0c27e.dmp,94f62fec-a77b-48ee-b083-0378a4e0c27e.dmp,0x7ff6505c0000,30281,10130,9085
../../../dumps\crashpad-20260807-153042\reports\94f62fec-a77b-48ee-b083-0378a4e0c27e.dmp,94f62fec-a77b-48ee-b083-0378a4e0c27e.dmp,0x7ff6505c0000,30281,10130,9085
../../../dumps\crashpad-20260807-153714-s112-ctl-01\reports\94f62fec-a77b-48ee-b083-0378a4e0c27e.dmp,94f62fec-a77b-48ee-b083-0378a4e0c27e.dmp,0x7ff6505c0000,30281,10130,9085
../../../dumps\crashpad-20260807-153910\reports\94f62fec-a77b-48ee-b083-0378a4e0c27e.dmp,94f62fec-a77b-48ee-b083-0378a4e0c27e.dmp,0x7ff6505c0000,30281,10130,9085
../../../dumps\crashpad-20260807-154458-s112-ctl-02\reports\92eec4e0-501b-4794-a316-68661a179e91.dmp,92eec4e0-501b-4794-a316-68661a179e91.dmp,0x7ff6505c0000,30281,16214,9085
../../../dumps\crashpad-20260807-154458-s112-ctl-02\reports\94f62fec-a77b-48ee-b083-0378a4e0c27e.dmp,94f62fec-a77b-48ee-b083-0378a4e0c27e.dmp,0x7ff6505c0000,30281,10130,9085
../../../dumps\crashpad-20260807-154724\reports\92eec4e0-501b-4794-a316-68661a179e91.dmp,92eec4e0-501b-4794-a316-68661a179e91.dmp,0x7ff6505c0000,30281,16214,9085
../../../dumps\crashpad-20260807-154724\reports\94f62fec-a77b-48ee-b083-0378a4e0c27e.dmp,94f62fec-a77b-48ee-b083-0378a4e0c27e.dmp,0x7ff6505c0000,30281,10130,9085
../../../dumps\crashpad-20260807-155046-s112-trt-01\reports\ecab78dc-2216-4844-b2af-334e5ecebacc.dmp,ecab78dc-2216-4844-b2af-334e5ecebacc.dmp,0x7ff6505c0000,30281,15579,9085
../../../dumps\crashpad-20260807-155145\reports\ecab78dc-2216-4844-b2af-334e5ecebacc.dmp,ecab78dc-2216-4844-b2af-334e5ecebacc.dmp,0x7ff6505c0000,30281,15579,9085
../../../dumps\crashpad-20260807-155449-s112-trt-02\reports\1347b501-6e7b-477e-a329-65c2c237a916.dmp,1347b501-6e7b-477e-a329-65c2c237a916.dmp,0x7ff6505c0000,30281,15540,9085
../../../dumps\crashpad-20260807-155658\reports\1347b501-6e7b-477e-a329-65c2c237a916.dmp,1347b501-6e7b-477e-a329-65c2c237a916.dmp,0x7ff6505c0000,30281,15540,9085
../../../dumps\crashpad-20260807-160235-s112c-ctl-01\reports\55cc813f-854d-4649-a0a7-b807ab673ab7.dmp,55cc813f-854d-4649-a0a7-b807ab673ab7.dmp,0x7ff6505c0000,30281,16189,9085
../../../dumps\crashpad-20260807-160246\reports\55cc813f-854d-4649-a0a7-b807ab673ab7.dmp,55cc813f-854d-4649-a0a7-b807ab673ab7.dmp,0x7ff6505c0000,30281,16189,9085
../../../dumps\crashpad-20260807-161310-s112c-ctl-03\reports\f9a421b3-52e9-45d1-bf87-79d0422fc8be.dmp,f9a421b3-52e9-45d1-bf87-79d0422fc8be.dmp,0x7ff6505c0000,30281,15791,9085
../../../dumps\crashpad-20260807-161320\reports\f9a421b3-52e9-45d1-bf87-79d0422fc8be.dmp,f9a421b3-52e9-45d1-bf87-79d0422fc8be.dmp,0x7ff6505c0000,30281,15791,9085
../../../dumps\crashpad-20260807-161828-s112c-ctl-04\reports\7330ee70-d223-4b9e-9537-ae99d1de886f.dmp,7330ee70-d223-4b9e-9537-ae99d1de886f.dmp,0x7ff6505c0000,30281,15918,9085
../../../dumps\crashpad-20260807-161838\reports\7330ee70-d223-4b9e-9537-ae99d1de886f.dmp,7330ee70-d223-4b9e-9537-ae99d1de886f.dmp,0x7ff6505c0000,30281,15918,9085
../../../dumps\crashpad-20260807-162141-s112c-ctl-05\reports\146e6556-53e5-4829-b367-d6ebbecc2998.dmp,146e6556-53e5-4829-b367-d6ebbecc2998.dmp,0x7ff6505c0000,30281,15703,9085
../../../dumps\crashpad-20260807-162152\reports\146e6556-53e5-4829-b367-d6ebbecc2998.dmp,146e6556-53e5-4829-b367-d6ebbecc2998.dmp,0x7ff6505c0000,30281,15703,9085
../../../dumps\crashpad-20260807-162715-s112c-ctl-06\reports\2820dd71-653e-43f5-92dc-a7cac13e06d8.dmp,2820dd71-653e-43f5-92dc-a7cac13e06d8.dmp,0x7ff6505c0000,30281,16192,9085
../../../dumps\crashpad-20260807-162725\reports\2820dd71-653e-43f5-92dc-a7cac13e06d8.dmp,2820dd71-653e-43f5-92dc-a7cac13e06d8.dmp,0x7ff6505c0000,30281,16192,9085
../../../dumps\crashpad-20260807-163048-s112c-trt-07\reports\6857bfe4-fa85-4096-863e-cf48a17685e2.dmp,6857bfe4-fa85-4096-863e-cf48a17685e2.dmp,0x7ff6505c0000,30281,15809,9085
../../../dumps\crashpad-20260807-163058\reports\6857bfe4-fa85-4096-863e-cf48a17685e2.dmp,6857bfe4-fa85-4096-863e-cf48a17685e2.dmp,0x7ff6505c0000,30281,15809,9085
../../../dumps\crashpad-20260807-163627-s112c-trt-08\reports\54856018-d4b8-483d-b984-2c4c3dd6309a.dmp,54856018-d4b8-483d-b984-2c4c3dd6309a.dmp,0x7ff6505c0000,30281,16103,9085
../../../dumps\crashpad-20260807-163638\reports\54856018-d4b8-483d-b984-2c4c3dd6309a.dmp,54856018-d4b8-483d-b984-2c4c3dd6309a.dmp,0x7ff6505c0000,30281,16103,9085
../../../dumps\crashpad-20260807-163934-s112c-trt-09\reports\103a144b-fef5-434e-b156-f5119b331f6f.dmp,103a144b-fef5-434e-b156-f5119b331f6f.dmp,0x7ff6505c0000,30281,15619,9085
../../../dumps\crashpad-20260807-163945\reports\103a144b-fef5-434e-b156-f5119b331f6f.dmp,103a144b-fef5-434e-b156-f5119b331f6f.dmp,0x7ff6505c0000,30281,15619,9085
../../../dumps\crashpad-20260807-165231-s112c-ctl-11\reports\a47d0a7c-bcc9-4348-b1ca-e2ed8155efdb.dmp,a47d0a7c-bcc9-4348-b1ca-e2ed8155efdb.dmp,0x7ff6505c0000,30281,14046,9085
../../../dumps\crashpad-20260807-165242\reports\a47d0a7c-bcc9-4348-b1ca-e2ed8155efdb.dmp,a47d0a7c-bcc9-4348-b1ca-e2ed8155efdb.dmp,0x7ff6505c0000,30281,14046,9085
../../../dumps\crashpad-20260807-165613-s112c-ctl-12\reports\ad42bf28-4082-4a60-ad89-116e1070654a.dmp,ad42bf28-4082-4a60-ad89-116e1070654a.dmp,0x7ff6505c0000,30281,15628,9085
../../../dumps\crashpad-20260807-165623\reports\ad42bf28-4082-4a60-ad89-116e1070654a.dmp,ad42bf28-4082-4a60-ad89-116e1070654a.dmp,0x7ff6505c0000,30281,15628,9085
../../../dumps\crashpad-20260807-170058-s112c-ctl-13\reports\ed92742f-510b-4ea7-99ac-2b4583b481ce.dmp,ed92742f-510b-4ea7-99ac-2b4583b481ce.dmp,0x7ff6505c0000,30281,16128,9085
../../../dumps\crashpad-20260807-170109\reports\ed92742f-510b-4ea7-99ac-2b4583b481ce.dmp,ed92742f-510b-4ea7-99ac-2b4583b481ce.dmp,0x7ff6505c0000,30281,16128,9085
../../../dumps\crashpad-20260807-170619-s112c-ctl-14\reports\bdb58e25-cc17-4c4e-b0d9-4f76a6a77ce3.dmp,bdb58e25-cc17-4c4e-b0d9-4f76a6a77ce3.dmp,0x7ff6505c0000,30281,16189,9085
../../../dumps\crashpad-20260807-170640\reports\bdb58e25-cc17-4c4e-b0d9-4f76a6a77ce3.dmp,bdb58e25-cc17-4c4e-b0d9-4f76a6a77ce3.dmp,0x7ff6505c0000,30281,16189,9085
../../../dumps\crashpad-20260807-170919-s112c-trt-15\reports\5cfc2df8-3526-46f4-8382-9492ceec60f1.dmp,5cfc2df8-3526-46f4-8382-9492ceec60f1.dmp,0x7ff6505c0000,30281,14043,9085
../../../dumps\crashpad-20260807-170930\reports\5cfc2df8-3526-46f4-8382-9492ceec60f1.dmp,5cfc2df8-3526-46f4-8382-9492ceec60f1.dmp,0x7ff6505c0000,30281,14043,9085
../../../dumps\crashpad-20260807-173942-s112c-ctl-18\reports\760543ca-d187-404c-8fbd-af50864901f2.dmp,760543ca-d187-404c-8fbd-af50864901f2.dmp,0x7ff6505c0000,30281,16107,9085
../../../dumps\crashpad-20260807-173953\reports\760543ca-d187-404c-8fbd-af50864901f2.dmp,760543ca-d187-404c-8fbd-af50864901f2.dmp,0x7ff6505c0000,30281,16107,9085
../../../dumps\crashpad-20260807-174435-s112c-ctl-19\reports\a1f65db2-7bf4-4b55-87a9-c48b1ad80ca4.dmp,a1f65db2-7bf4-4b55-87a9-c48b1ad80ca4.dmp,0x7ff6505c0000,30281,16165,9085
../../../dumps\crashpad-20260807-174445\reports\a1f65db2-7bf4-4b55-87a9-c48b1ad80ca4.dmp,a1f65db2-7bf4-4b55-87a9-c48b1ad80ca4.dmp,0x7ff6505c0000,30281,16165,9085
../../../dumps\crashpad-20260807-180351-s112c-ctl-21\reports\5e795b99-29bf-4db2-8ae3-f7b78ae56396.dmp,5e795b99-29bf-4db2-8ae3-f7b78ae56396.dmp,0x7ff6505c0000,30281,16188,9085
../../../dumps\crashpad-20260807-180401\reports\5e795b99-29bf-4db2-8ae3-f7b78ae56396.dmp,5e795b99-29bf-4db2-8ae3-f7b78ae56396.dmp,0x7ff6505c0000,30281,16188,9085
../../../dumps\crashpad-20260807-181732-s112c-ctl-23\reports\19bbcf9d-f245-4de8-8e21-895075cc664a.dmp,19bbcf9d-f245-4de8-8e21-895075cc664a.dmp,0x7ff6505c0000,30281,16173,9085
../../../dumps\crashpad-20260807-181742\reports\19bbcf9d-f245-4de8-8e21-895075cc664a.dmp,19bbcf9d-f245-4de8-8e21-895075cc664a.dmp,0x7ff6505c0000,30281,16173,9085
../../../dumps\crashpad-20260807-183411-s112c-ctl-25\reports\476a7ded-00d3-47ab-8210-d33f3a8663d4.dmp,476a7ded-00d3-47ab-8210-d33f3a8663d4.dmp,0x7ff6505c0000,30281,16011,9085
../../../dumps\crashpad-20260807-183422\reports\476a7ded-00d3-47ab-8210-d33f3a8663d4.dmp,476a7ded-00d3-47ab-8210-d33f3a8663d4.dmp,0x7ff6505c0000,30281,16011,9085
../../../dumps\crashpad-20260807-184856-s112c-ctl-27\reports\c8c41a6a-ef80-400d-b9ee-3c6492f83c88.dmp,c8c41a6a-ef80-400d-b9ee-3c6492f83c88.dmp,0x7ff6505c0000,30281,16173,9085
../../../dumps\crashpad-20260807-184906\reports\c8c41a6a-ef80-400d-b9ee-3c6492f83c88.dmp,c8c41a6a-ef80-400d-b9ee-3c6492f83c88.dmp,0x7ff6505c0000,30281,16173,9085
../../../dumps\crashpad-20260807-185217-s112c-trt-28\reports\e3a19655-df73-4b17-a690-2e3abcba1a41.dmp,e3a19655-df73-4b17-a690-2e3abcba1a41.dmp,0x7ff6505c0000,30281,15866,9085
../../../dumps\crashpad-20260807-185228\reports\e3a19655-df73-4b17-a690-2e3abcba1a41.dmp,e3a19655-df73-4b17-a690-2e3abcba1a41.dmp,0x7ff6505c0000,30281,15866,9085
../../../dumps\crashpad-20260807-190442-s112c-ctl-30\reports\167193fe-9bfe-4ef0-8e6c-87a43bb26826.dmp,167193fe-9bfe-4ef0-8e6c-87a43bb26826.dmp,0x7ff6505c0000,30281,14940,9085
../../../dumps\crashpad-20260807-190452\reports\167193fe-9bfe-4ef0-8e6c-87a43bb26826.dmp,167193fe-9bfe-4ef0-8e6c-87a43bb26826.dmp,0x7ff6505c0000,30281,14940,9085
../../../dumps\crashpad-20260807-200606-s112c-ctl-34\reports\7cc09371-1e1b-4693-b51a-8764920b145d.dmp,7cc09371-1e1b-4693-b51a-8764920b145d.dmp,0x7ff6505c0000,30281,15615,9085
../../../dumps\crashpad-20260807-200616\reports\7cc09371-1e1b-4693-b51a-8764920b145d.dmp,7cc09371-1e1b-4693-b51a-8764920b145d.dmp,0x7ff6505c0000,30281,15615,9085
../../../dumps\crashpad-20260807-204928-s112c-ctl-37\reports\eaf9b644-c6d0-4361-91da-4a01110a7d3a.dmp,eaf9b644-c6d0-4361-91da-4a01110a7d3a.dmp,0x7ff6505c0000,30281,16188,9085
../../../dumps\crashpad-20260807-204942\reports\eaf9b644-c6d0-4361-91da-4a01110a7d3a.dmp,eaf9b644-c6d0-4361-91da-4a01110a7d3a.dmp,0x7ff6505c0000,30281,16188,9085
../../../dumps\crashpad-20260807-210330-s112c-ctl-39\reports\58f9652a-06d1-407c-9ce5-0e63d6cebf28.dmp,58f9652a-06d1-407c-9ce5-0e63d6cebf28.dmp,0x7ff6505c0000,30281,16187,9085
../../../dumps\crashpad-20260807-210340\reports\58f9652a-06d1-407c-9ce5-0e63d6cebf28.dmp,58f9652a-06d1-407c-9ce5-0e63d6cebf28.dmp,0x7ff6505c0000,30281,16187,9085
../../../dumps\crashpad-20260808-004705-s112p2-foSTD-01\reports\067b456d-5692-4b8f-a9da-d90e87fa3d61.dmp,067b456d-5692-4b8f-a9da-d90e87fa3d61.dmp,0x7ff6505c0000,30281,15524,9085
../../../dumps\crashpad-20260808-004721\reports\067b456d-5692-4b8f-a9da-d90e87fa3d61.dmp,067b456d-5692-4b8f-a9da-d90e87fa3d61.dmp,0x7ff6505c0000,30281,15524,9085
../../../dumps\crashpad-20260808-005413-s112p2-foSTD-03\reports\b7173bfa-8453-4e05-8b2c-28c8d471fdde.dmp,b7173bfa-8453-4e05-8b2c-28c8d471fdde.dmp,0x7ff6505c0000,30281,15608,9085
../../../dumps\crashpad-20260808-005423\reports\b7173bfa-8453-4e05-8b2c-28c8d471fdde.dmp,b7173bfa-8453-4e05-8b2c-28c8d471fdde.dmp,0x7ff6505c0000,30281,15608,9085
../../../dumps\crashpad-20260808-010352-s112p2-foSTD-05\reports\dd2d111b-e7c3-4cac-9107-1a0ec7f8c7a4.dmp,dd2d111b-e7c3-4cac-9107-1a0ec7f8c7a4.dmp,0x7ff6505c0000,30281,16108,9085
../../../dumps\crashpad-20260808-010403\reports\dd2d111b-e7c3-4cac-9107-1a0ec7f8c7a4.dmp,dd2d111b-e7c3-4cac-9107-1a0ec7f8c7a4.dmp,0x7ff6505c0000,30281,16108,9085
../../../dumps\crashpad-20260808-011032-s112p2-foSTD-07\reports\667ebe16-b6c7-4854-ab90-632ff6019028.dmp,667ebe16-b6c7-4854-ab90-632ff6019028.dmp,0x7ff6505c0000,30281,15616,9085
../../../dumps\crashpad-20260808-011043\reports\667ebe16-b6c7-4854-ab90-632ff6019028.dmp,667ebe16-b6c7-4854-ab90-632ff6019028.dmp,0x7ff6505c0000,30281,15616,9085
../../../dumps\crashpad-20260808-014950-s112d-repro-02\reports\dc25f2aa-c40b-46e2-898f-6637a94b18d4.dmp,dc25f2aa-c40b-46e2-898f-6637a94b18d4.dmp,0x7ff6505c0000,30281,15690,9085
../../../dumps\crashpad-20260808-015000\reports\dc25f2aa-c40b-46e2-898f-6637a94b18d4.dmp,dc25f2aa-c40b-46e2-898f-6637a94b18d4.dmp,0x7ff6505c0000,30281,15690,9085
../../../dumps\crashpad-20260808-020230-s112d-repro-04\reports\bb194a01-f055-444a-9566-28d1250ba323.dmp,bb194a01-f055-444a-9566-28d1250ba323.dmp,0x7ff6505c0000,30281,15610,9085
../../../dumps\crashpad-20260808-020241\reports\bb194a01-f055-444a-9566-28d1250ba323.dmp,bb194a01-f055-444a-9566-28d1250ba323.dmp,0x7ff6505c0000,30281,15610,9085
../../../dumps\crashpad-20260808-124317-s112p3-ctl-03\reports\a687645b-ff33-4ecf-8787-1ad7d96a3560.dmp,a687645b-ff33-4ecf-8787-1ad7d96a3560.dmp,0x7ff6505c0000,30281,15296,9085
../../../dumps\crashpad-20260808-124332\reports\a687645b-ff33-4ecf-8787-1ad7d96a3560.dmp,a687645b-ff33-4ecf-8787-1ad7d96a3560.dmp,0x7ff6505c0000,30281,15296,9085
../../../dumps\crashpad-20260808-124646-s112p3-ctl-04\reports\c00ded16-fa8a-4b05-8039-9d8f43b589f9.dmp,c00ded16-fa8a-4b05-8039-9d8f43b589f9.dmp,0x7ff6505c0000,30281,15595,9085
../../../dumps\crashpad-20260808-124700\reports\c00ded16-fa8a-4b05-8039-9d8f43b589f9.dmp,c00ded16-fa8a-4b05-8039-9d8f43b589f9.dmp,0x7ff6505c0000,30281,15595,9085
../../../dumps\crashpad-20260808-134406-s112p3-trt-08\reports\58d7015d-480a-40f7-ad4d-4539c7f09c45.dmp,58d7015d-480a-40f7-ad4d-4539c7f09c45.dmp,0x7ff650fd0000,30281,15534,9085
../../../dumps\crashpad-20260808-134419\reports\58d7015d-480a-40f7-ad4d-4539c7f09c45.dmp,58d7015d-480a-40f7-ad4d-4539c7f09c45.dmp,0x7ff650fd0000,30281,15534,9085
../../../dumps\crashpad-20260808-141428-s112p3-trt-11\reports\7ab0475e-88ca-4095-bf34-35a23b33c692.dmp,7ab0475e-88ca-4095-bf34-35a23b33c692.dmp,0x7ff6ee4a0000,30281,14043,9085
../../../dumps\crashpad-20260808-141440\reports\7ab0475e-88ca-4095-bf34-35a23b33c692.dmp,7ab0475e-88ca-4095-bf34-35a23b33c692.dmp,0x7ff6ee4a0000,30281,14043,9085
../../../dumps\crashpad-20260808-141744-s112p3-trt-12\reports\626dad64-3ba6-49f4-be06-54aa40f894fd.dmp,626dad64-3ba6-49f4-be06-54aa40f894fd.dmp,0x7ff6ee4a0000,30281,15513,9085
../../../dumps\crashpad-20260808-141755\reports\626dad64-3ba6-49f4-be06-54aa40f894fd.dmp,626dad64-3ba6-49f4-be06-54aa40f894fd.dmp,0x7ff6ee4a0000,30281,15513,9085
../../../dumps\crashpad-20260808-155558-s112p3-ctl-20\reports\233fe885-b392-488e-a33f-e9ded512476a.dmp,233fe885-b392-488e-a33f-e9ded512476a.dmp,0x7ff6e95e0000,30281,15191,9085
../../../dumps\crashpad-20260808-155609\reports\233fe885-b392-488e-a33f-e9ded512476a.dmp,233fe885-b392-488e-a33f-e9ded512476a.dmp,0x7ff6e95e0000,30281,15191,9085
../../../dumps\crashpad-20260809-005356-s112ship-02\reports\22e6f5f9-ea29-43f5-bb4c-8498d2d16c7f.dmp,22e6f5f9-ea29-43f5-bb4c-8498d2d16c7f.dmp,0x7ff6a5280000,30281,15616,9085
../../../dumps\crashpad-20260809-005408\reports\22e6f5f9-ea29-43f5-bb4c-8498d2d16c7f.dmp,22e6f5f9-ea29-43f5-bb4c-8498d2d16c7f.dmp,0x7ff6a5280000,30281,15616,9085
../../../dumps\crashpad-20260809-005727-s112ship-03\reports\46b248c4-206b-4eec-8940-7de67956a9f9.dmp,46b248c4-206b-4eec-8940-7de67956a9f9.dmp,0x7ff6a5280000,30281,15620,9085
../../../dumps\crashpad-20260809-005739\reports\46b248c4-206b-4eec-8940-7de67956a9f9.dmp,46b248c4-206b-4eec-8940-7de67956a9f9.dmp,0x7ff6a5280000,30281,15620,9085
../../../dumps\crashpad-20260809-010020-s112ship-04\reports\8d9f2552-32e5-4590-9f8c-bedc22ef8556.dmp,8d9f2552-32e5-4590-9f8c-bedc22ef8556.dmp,0x7ff6a5280000,30281,15539,9085
../../../dumps\crashpad-20260809-010132\reports\8d9f2552-32e5-4590-9f8c-bedc22ef8556.dmp,8d9f2552-32e5-4590-9f8c-bedc22ef8556.dmp,0x7ff6a5280000,30281,15539,9085
../../../dumps\crashpad-20260809-012451-s112ship-07\reports\c196f23e-b89c-48e2-8904-034e329640d9.dmp,c196f23e-b89c-48e2-8904-034e329640d9.dmp,0x7ff628720000,30281,15810,9085
../../../dumps\crashpad-20260809-012501\reports\c196f23e-b89c-48e2-8904-034e329640d9.dmp,c196f23e-b89c-48e2-8904-034e329640d9.dmp,0x7ff628720000,30281,15810,9085
../../../dumps\crashpad-20260812-204012-s114-fk13-stage-death\reports\27517e1c-65de-4803-a045-16f47d5d8b4c.dmp,27517e1c-65de-4803-a045-16f47d5d8b4c.dmp,0x7ff7c7ef0000,30281,15811,9085
../../../dumps\crashpad-20260812-204026\reports\27517e1c-65de-4803-a045-16f47d5d8b4c.dmp,27517e1c-65de-4803-a045-16f47d5d8b4c.dmp,0x7ff7c7ef0000,30281,15811,9085
../../../dumps\crashpad-20260814-022942\reports\7848386a-e443-4df6-b60d-925bd2555f5e.dmp,7848386a-e443-4df6-b60d-925bd2555f5e.dmp,0x7ff7c7ef0000,30281,15658,9085
../../../dumps\crashpad-20260814-155319\reports\bf1d39c0-4304-45a5-bf2e-42ec00a6c339.dmp,bf1d39c0-4304-45a5-bf2e-42ec00a6c339.dmp,0x7ff7bff50000,30281,14847,9085
../../../dumps\crashpad-20260814-155530\reports\271d081e-c5de-43b4-aab6-c4e15da9877f.dmp,271d081e-c5de-43b4-aab6-c4e15da9877f.dmp,0x7ff7bff50000,30281,15277,9085
../../../dumps\crashpad-20260815-161345\reports\e8ad47c2-811e-4662-9893-c500041c5079.dmp,e8ad47c2-811e-4662-9893-c500041c5079.dmp,0x7ff7bff50000,30281,9759,9085
../../../dumps\crashpad-20260815-180638\reports\e8ad47c2-811e-4662-9893-c500041c5079.dmp,e8ad47c2-811e-4662-9893-c500041c5079.dmp,0x7ff7bff50000,30281,9759,9085
../../../dumps\crashpad-20260815-195628\reports\e8ad47c2-811e-4662-9893-c500041c5079.dmp,e8ad47c2-811e-4662-9893-c500041c5079.dmp,0x7ff7bff50000,30281,9759,9085
../../../dumps\crashpad-20260815-200514\reports\e8ad47c2-811e-4662-9893-c500041c5079.dmp,e8ad47c2-811e-4662-9893-c500041c5079.dmp,0x7ff7bff50000,30281,9759,9085
../../../dumps\crashpad-20260815-200837-s121-stats-test\reports\d5ac2037-1e6a-4f2d-b5d4-4a8e2e8c65e9.dmp,d5ac2037-1e6a-4f2d-b5d4-4a8e2e8c65e9.dmp,0x7ff7bff50000,30281,15352,9085
../../../dumps\crashpad-20260815-200837-s121-stats-test\reports\e8ad47c2-811e-4662-9893-c500041c5079.dmp,e8ad47c2-811e-4662-9893-c500041c5079.dmp,0x7ff7bff50000,30281,9759,9085
../../../dumps\crashpad-20260815-201428\reports\d5ac2037-1e6a-4f2d-b5d4-4a8e2e8c65e9.dmp,d5ac2037-1e6a-4f2d-b5d4-4a8e2e8c65e9.dmp,0x7ff7bff50000,30281,15352,9085
../../../dumps\crashpad-20260815-201428\reports\e8ad47c2-811e-4662-9893-c500041c5079.dmp,e8ad47c2-811e-4662-9893-c500041c5079.dmp,0x7ff7bff50000,30281,9759,9085
../../../dumps\crashpad-20260819-193650-s127-fk31-staging-death\reports\c82826bf-3edd-4997-8000-8c5da1979c2c.dmp,c82826bf-3edd-4997-8000-8c5da1979c2c.dmp,0x7ff7b86d0000,30281,15384,9085
../../../dumps\crashpad-20260819-193711\reports\c82826bf-3edd-4997-8000-8c5da1979c2c.dmp,c82826bf-3edd-4997-8000-8c5da1979c2c.dmp,0x7ff7b86d0000,30281,15384,9085
../../../dumps\crashpad-20260819-205709-s128-fk31-longpark\reports\c542a1e1-aa1e-4b1c-a43b-d3c47c027a91.dmp,c542a1e1-aa1e-4b1c-a43b-d3c47c027a91.dmp,0x7ff7b86d0000,30281,15467,9085
../../../dumps\crashpad-20260819-205716\reports\c542a1e1-aa1e-4b1c-a43b-d3c47c027a91.dmp,c542a1e1-aa1e-4b1c-a43b-d3c47c027a91.dmp,0x7ff7b86d0000,30281,15467,9085
../../../dumps\crashpad-20260820-010158-s130-cdopoke-att1\reports\a55d2d2e-a45e-497f-9396-e5685b494d92.dmp,a55d2d2e-a45e-497f-9396-e5685b494d92.dmp,0x7ff7c4050000,30281,15461,9085
../../../dumps\crashpad-20260820-010212\reports\a55d2d2e-a45e-497f-9396-e5685b494d92.dmp,a55d2d2e-a45e-497f-9396-e5685b494d92.dmp,0x7ff7c4050000,30281,15461,9085
../../../dumps\crashpad-20260820-021954\reports\f24e021c-eb1f-4996-bc14-07f2e12587cb.dmp,f24e021c-eb1f-4996-bc14-07f2e12587cb.dmp,0x7ff630e90000,30281,15382,9085
../../../dumps\crashpad-20260820-143225\reports\4c2b7a2d-6169-4fe6-bcb6-fdaa185824d7.dmp,4c2b7a2d-6169-4fe6-bcb6-fdaa185824d7.dmp,0x7ff7a5a20000,30281,15695,9085
../../../dumps\s109-sentry-20260804-1410\reports\41cdafa3-ceff-4d83-8d11-69fa9b75b54a.dmp,41cdafa3-ceff-4d83-8d11-69fa9b75b54a.dmp,0x7ff6eaa10000,30281,16130,9085
