guid	first_path	ndirs	size_bytes	streams	pid	create_time	create_iso	hdr_stamp	hdr_iso	os_build	ncpu	nmods	nthreads	nhandles	nunloaded	nmeminfo	game_base	preloader_base	runtime_in_modlist	ntdll	kernel32	kernelbase	user32	combase	advapi32	gdi32	exc_code	exc_addr	exc_nparm	exc_p0	exc_p1	rip	rip_mod	rip_rva	addr_mod	addr_rva	kill_shape	killreg_base	killreg_size	killreg_state	killreg_type	killreg_prot	killreg_aprot	killalloc_base	killalloc_nregions	killalloc_span	killalloc_exec_regions	killalloc_in_modlist
006b2788-25bc-42b0-a263-9729f87a97b1.dmp	dumps/crashpad-20260806-234816-s111pi-I5_1/reports/006b2788-25bc-42b0-a263-9729f87a97b1.dmp	2	40992800	3,4,5,6,7,12,14,15,16,24,1129316353	25156	1786078050	2026-08-06T23:47:30	1786078083	2026-08-06T23:48:03	10.0.19045	16	220	137	12572	22	29670	0x7FF6505C0000	0x7FFCFF420000	0	0x7FFD3B150000	0x7FFD3A990000	0x7FFD38C80000	0x7FFD39160000	0x7FFD39920000	0x7FFD3ADF0000	0x7FFD3A8D0000	0xC0000005	0x7FFD3B400001	2	0x8	0x7FFD3B400001	0x7FFD3B400001					AV+EXEC+PLUS1	0x7FFD3B400000	0x7000	COMMIT	IMAGE	READONLY	EXECUTE_WRITECOPY	0x7FFD3B400000	15	0x4066000	4	0
0315cb47-de79-4396-a919-8fefe83ebebe.dmp	dumps/crashpad-20260805-235529-s111ab-A2r5/reports/0315cb47-de79-4396-a919-8fefe83ebebe.dmp	2	41497776	3,4,5,6,7,12,14,15,16,24,1129316353	6200	1785992102	2026-08-05T23:55:02	1785992127	2026-08-05T23:55:27	10.0.19045	16	220	135	14816	22	40925	0x7FF6505C0000	0x7FFD31830000	0	0x7FFD3B150000	0x7FFD3A990000	0x7FFD38C80000	0x7FFD39160000	0x7FFD39920000	0x7FFD3ADF0000	0x7FFD3A8D0000	0xC0000005	0x7FFD3B400001	2	0x8	0x7FFD3B400001	0x7FFD3B400001					AV+EXEC+PLUS1	0x7FFD3B400000	0x7000	COMMIT	IMAGE	READONLY	EXECUTE_WRITECOPY	0x7FFD3B400000	15	0x4066000	4	0
067b456d-5692-4b8f-a9da-d90e87fa3d61.dmp	dumps/crashpad-20260808-004705-s112p2-foSTD-01/reports/067b456d-5692-4b8f-a9da-d90e87fa3d61.dmp	2	42683296	3,4,5,6,7,12,14,15,16,24,1129316353	32476	1786167663	2026-08-08T00:41:03	1786168002	2026-08-08T00:46:42	10.0.19045	16	220	129	13343	30	64658	0x7FF6505C0000	0x7FFCF98C0000	0	0x7FFD3B150000	0x7FFD3A990000	0x7FFD38C80000	0x7FFD39160000	0x7FFD39920000	0x7FFD3ADF0000	0x7FFD3A8D0000	0xC0000005	0x7FFD3B400001	2	0x8	0x7FFD3B400001	0x7FFD3B400001					AV+EXEC+PLUS1	0x7FFD3B400000	0x7000	COMMIT	IMAGE	READONLY	EXECUTE_WRITECOPY	0x7FFD3B400000	15	0x4066000	4	0
06d4cd2c-fdce-4349-85ab-37a3b4335050.dmp	dumps/crashpad-20260805-235648-s111ab-B3r1/reports/06d4cd2c-fdce-4349-85ab-37a3b4335050.dmp	2	43861072	3,4,5,6,7,12,14,15,16,24,1129316353	49584	1785992177	2026-08-05T23:56:17	1785992206	2026-08-05T23:56:46	10.0.19045	16	220	155	14538	22	40683	0x7FF6505C0000	0x7FFD23270000	0	0x7FFD3B150000	0x7FFD3A990000	0x7FFD38C80000	0x7FFD39160000	0x7FFD39920000	0x7FFD3ADF0000	0x7FFD3A8D0000	0xC0000005	0x2A36E7E205D	2	0x0	0x2A3CB780000	0x2A36E7E205D					AV+READ	0x2A36E7E0000	0x2B000	COMMIT	PRIVATE	EXECUTE_READWRITE	EXECUTE_READWRITE	0x2A36E7E0000	1	0x2B000	1	0
0ad880ed-d104-4f86-82b5-090eb4f999d0.dmp	dumps/crashpad-20260806-181710-s111bisect-E2b_1/reports/0ad880ed-d104-4f86-82b5-090eb4f999d0.dmp	2	42875328	3,4,5,6,7,12,14,15,16,24,1129316353	56868	1786058195	2026-08-06T18:16:35	1786058216	2026-08-06T18:16:56	10.0.19045	16	210	158	10290	22	25298	0x7FF6505C0000	0x7FFD23230000	0	0x7FFD3B150000	0x7FFD3A990000	0x7FFD38C80000	0x7FFD39160000	0x7FFD39920000	0x7FFD3ADF0000	0x7FFD3A8D0000	0xC0000005	0x7FFD3B400001	2	0x8	0x7FFD3B400001	0x7FFD3B400001					AV+EXEC+PLUS1	0x7FFD3B400000	0x7000	COMMIT	IMAGE	READONLY	EXECUTE_WRITECOPY	0x7FFD3B400000	15	0x4066000	4	0
103a144b-fef5-434e-b156-f5119b331f6f.dmp	dumps/crashpad-20260807-163934-s112c-trt-09/reports/103a144b-fef5-434e-b156-f5119b331f6f.dmp	2	43725216	3,4,5,6,7,12,14,15,16,24,1129316353	31204	1786138598	2026-08-07T16:36:38	1786138751	2026-08-07T16:39:11	10.0.19045	16	220	141	14402	22	42313	0x7FF6505C0000	0x7FFD31820000	0	0x7FFD3B150000	0x7FFD3A990000	0x7FFD38C80000	0x7FFD39160000	0x7FFD39920000	0x7FFD3ADF0000	0x7FFD3A8D0000	0xC0000005	0x7FFD3B400001	2	0x8	0x7FFD3B400001	0x7FFD3B400001					AV+EXEC+PLUS1	0x7FFD3B400000	0x7000	COMMIT	IMAGE	READONLY	EXECUTE_WRITECOPY	0x7FFD3B400000	15	0x4066000	4	0
105ad569-268e-4bd1-9d7f-2ed600330620.dmp	dumps/crashpad-20260806-001132-s111ab-B4r4/reports/105ad569-268e-4bd1-9d7f-2ed600330620.dmp	2	43448736	3,4,5,6,7,12,14,15,16,24,1129316353	52308	1785993071	2026-08-06T00:11:11	1785993088	2026-08-06T00:11:28	10.0.19045	16	220	160	12914	22	31385	0x7FF6505C0000	0x7FFD31830000	0	0x7FFD3B150000	0x7FFD3A990000	0x7FFD38C80000	0x7FFD39160000	0x7FFD39920000	0x7FFD3ADF0000	0x7FFD3A8D0000	0xC0000005	0x1747765205D	2	0x0	0x174C7920000	0x1747765205D					AV+READ	0x17477650000	0x2B000	COMMIT	PRIVATE	EXECUTE_READWRITE	EXECUTE_READWRITE	0x17477650000	1	0x2B000	1	0
112e217d-9ad1-4aaa-96a4-0989b941e169.dmp	dumps/crashpad-20260806-141416-s111ab-C4r4/reports/112e217d-9ad1-4aaa-96a4-0989b941e169.dmp	2	43640416	3,4,5,6,7,12,14,15,16,24,1129316353	29140	1786043586	2026-08-06T14:13:06	1786043643	2026-08-06T14:14:03	10.0.19045	16	221	146	12837	22	41237	0x7FF6505C0000	0x7FFD31850000	0	0x7FFD3B150000	0x7FFD3A990000	0x7FFD38C80000	0x7FFD39160000	0x7FFD39920000	0x7FFD3ADF0000	0x7FFD3A8D0000	0xC0000005	0x7FFD3B400001	2	0x8	0x7FFD3B400001	0x7FFD3B400001					AV+EXEC+PLUS1	0x7FFD3B400000	0x7000	COMMIT	IMAGE	READONLY	EXECUTE_WRITECOPY	0x7FFD3B400000	15	0x4066000	4	0
1347b501-6e7b-477e-a329-65c2c237a916.dmp	dumps/crashpad-20260807-155449-s112-trt-02/reports/1347b501-6e7b-477e-a329-65c2c237a916.dmp	2	43566768	3,4,5,6,7,12,14,15,16,24,1129316353	40156	1786135906	2026-08-07T15:51:46	1786136043	2026-08-07T15:54:03	10.0.19045	16	220	138	15179	22	41299	0x7FF6505C0000	0x7FFCF9C00000	0	0x7FFD3B150000	0x7FFD3A990000	0x7FFD38C80000	0x7FFD39160000	0x7FFD39920000	0x7FFD3ADF0000	0x7FFD3A8D0000	0xC0000005	0x7FFD3B400001	2	0x8	0x7FFD3B400001	0x7FFD3B400001					AV+EXEC+PLUS1	0x7FFD3B400000	0x7000	COMMIT	IMAGE	READONLY	EXECUTE_WRITECOPY	0x7FFD3B400000	15	0x4066000	4	0
146e6556-53e5-4829-b367-d6ebbecc2998.dmp	dumps/crashpad-20260807-162141-s112c-ctl-05/reports/146e6556-53e5-4829-b367-d6ebbecc2998.dmp	2	43698432	3,4,5,6,7,12,14,15,16,24,1129316353	57780	1786137518	2026-08-07T16:18:38	1786137660	2026-08-07T16:21:00	10.0.19045	16	220	142	14679	22	41416	0x7FF6505C0000	0x7FFD329D0000	0	0x7FFD3B150000	0x7FFD3A990000	0x7FFD38C80000	0x7FFD39160000	0x7FFD39920000	0x7FFD3ADF0000	0x7FFD3A8D0000	0xC0000005	0x7FFD3B400001	2	0x8	0x7FFD3B400001	0x7FFD3B400001					AV+EXEC+PLUS1	0x7FFD3B400000	0x7000	COMMIT	IMAGE	READONLY	EXECUTE_WRITECOPY	0x7FFD3B400000	15	0x4066000	4	0
15eb57cb-e6d7-4f64-ad52-a07fe308ae56.dmp	dumps/crashpad-20260806-002104-s111ab-A4r6/reports/15eb57cb-e6d7-4f64-ad52-a07fe308ae56.dmp	2	43273184	3,4,5,6,7,12,14,15,16,24,1129316353	15556	1785993630	2026-08-06T00:20:30	1785993648	2026-08-06T00:20:48	10.0.19045	16	214	164	13240	22	27725	0x7FF6505C0000	0x7FFD31830000	0	0x7FFD3B150000	0x7FFD3A990000	0x7FFD38C80000	0x7FFD39160000	0x7FFD39920000	0x7FFD3ADF0000	0x7FFD3A8D0000	0xC0000005	0x7FFD3B400001	2	0x8	0x7FFD3B400001	0x7FFD3B400001					AV+EXEC+PLUS1	0x7FFD3B400000	0x7000	COMMIT	IMAGE	READONLY	EXECUTE_WRITECOPY	0x7FFD3B400000	15	0x4066000	4	0
167193fe-9bfe-4ef0-8e6c-87a43bb26826.dmp	dumps/crashpad-20260807-190442-s112c-ctl-30/reports/167193fe-9bfe-4ef0-8e6c-87a43bb26826.dmp	2	44161248	3,4,5,6,7,12,14,15,16,24,1129316353	49996	1786147303	2026-08-07T19:01:43	1786147460	2026-08-07T19:04:20	10.0.19045	16	220	145	15637	22	49276	0x7FF6505C0000	0x7FFD31810000	0	0x7FFD3B150000	0x7FFD3A990000	0x7FFD38C80000	0x7FFD39160000	0x7FFD39920000	0x7FFD3ADF0000	0x7FFD3A8D0000	0xC0000005	0x7FFD3B400001	2	0x8	0x7FFD3B400001	0x7FFD3B400001					AV+EXEC+PLUS1	0x7FFD3B400000	0x7000	COMMIT	IMAGE	READONLY	EXECUTE_WRITECOPY	0x7FFD3B400000	15	0x4066000	4	0
19041be4-7657-4429-b80a-88aed57df6a1.dmp	dumps/crashpad-20260806-171907-s111arme-E4_1/reports/19041be4-7657-4429-b80a-88aed57df6a1.dmp	2	43553408	3,4,5,6,7,12,14,15,16,24,1129316353	18080	1786054598	2026-08-06T17:16:38	1786054731	2026-08-06T17:18:51	10.0.19045	16	220	137	14198	22	41025	0x7FF6505C0000	0x7FFD23210000	0	0x7FFD3B150000	0x7FFD3A990000	0x7FFD38C80000	0x7FFD39160000	0x7FFD39920000	0x7FFD3ADF0000	0x7FFD3A8D0000	0xC0000005	0x7FFD3B400001	2	0x8	0x7FFD3B400001	0x7FFD3B400001					AV+EXEC+PLUS1	0x7FFD3B400000	0x7000	COMMIT	IMAGE	READONLY	EXECUTE_WRITECOPY	0x7FFD3B400000	15	0x4066000	4	0
194c0f93-625f-41ff-8902-a3ce1e98df92.dmp	dumps/crashpad-20260806-142227-s111ab-C5r6/reports/194c0f93-625f-41ff-8902-a3ce1e98df92.dmp	2	43778416	3,4,5,6,7,12,14,15,16,24,1129316353	18076	1786044089	2026-08-06T14:21:29	1786044134	2026-08-06T14:22:14	10.0.19045	16	221	148	14106	22	40994	0x7FF6505C0000	0x7FFD31850000	0	0x7FFD3B150000	0x7FFD3A990000	0x7FFD38C80000	0x7FFD39160000	0x7FFD39920000	0x7FFD3ADF0000	0x7FFD3A8D0000	0xC0000005	0x7FFD3B400001	2	0x8	0x7FFD3B400001	0x7FFD3B400001					AV+EXEC+PLUS1	0x7FFD3B400000	0x7000	COMMIT	IMAGE	READONLY	EXECUTE_WRITECOPY	0x7FFD3B400000	15	0x4066000	4	0
19bbcf9d-f245-4de8-8e21-895075cc664a.dmp	dumps/crashpad-20260807-181732-s112c-ctl-23/reports/19bbcf9d-f245-4de8-8e21-895075cc664a.dmp	2	44079936	3,4,5,6,7,12,14,15,16,24,1129316353	49200	1786144376	2026-08-07T18:12:56	1786144631	2026-08-07T18:17:11	10.0.19045	16	221	142	15682	22	48687	0x7FF6505C0000	0x7FFD31830000	0	0x7FFD3B150000	0x7FFD3A990000	0x7FFD38C80000	0x7FFD39160000	0x7FFD39920000	0x7FFD3ADF0000	0x7FFD3A8D0000	0xC0000005	0x7FFD3B400001	2	0x8	0x7FFD3B400001	0x7FFD3B400001					AV+EXEC+PLUS1	0x7FFD3B400000	0x7000	COMMIT	IMAGE	READONLY	EXECUTE_WRITECOPY	0x7FFD3B400000	15	0x4066000	4	0
1fa9d51c-5eef-447e-9753-a0939f3392a1.dmp	dumps/crashpad-20260805-023322-tuta3-DEATH/reports/1fa9d51c-5eef-447e-9753-a0939f3392a1.dmp	2	43776016	3,4,5,6,7,12,14,15,16,24,1129316353	42192	1785914925	2026-08-05T02:28:45	1785915190	2026-08-05T02:33:10	10.0.19045	16	221	137	14884	22	44513	0x7FF681610000	0x7FFD338A0000	0	0x7FFD3B150000	0x7FFD3A990000	0x7FFD38C80000	0x7FFD39160000	0x7FFD39920000	0x7FFD3ADF0000	0x7FFD3A8D0000	0xC0000005	0x7FFD3B400001	2	0x8	0x7FFD3B400001	0x7FFD3B400001					AV+EXEC+PLUS1	0x7FFD3B400000	0x7000	COMMIT	IMAGE	READONLY	EXECUTE_WRITECOPY	0x7FFD3B400000	15	0x4066000	4	0
22e6f5f9-ea29-43f5-bb4c-8498d2d16c7f.dmp	dumps/crashpad-20260809-005356-s112ship-02/reports/22e6f5f9-ea29-43f5-bb4c-8498d2d16c7f.dmp	2	44676368	3,4,5,6,7,12,14,15,16,24,1129316353	58736	1786254454	2026-08-09T00:47:34	1786254814	2026-08-09T00:53:34	10.0.19045	16	220	139	12332	32	65553	0x7FF6A5280000	0x7FFD33960000	0	0x7FFD3B150000	0x7FFD3A990000	0x7FFD38C80000	0x7FFD39160000	0x7FFD39920000	0x7FFD3ADF0000	0x7FFD3A8D0000	0xC0000005	0x7FFD3B400001	2	0x8	0x7FFD3B400001	0x7FFD3B400001					AV+EXEC+PLUS1	0x7FFD3B400000	0x7000	COMMIT	IMAGE	READONLY	EXECUTE_WRITECOPY	0x7FFD3B400000	15	0x4066000	4	0
233fe885-b392-488e-a33f-e9ded512476a.dmp	dumps/crashpad-20260808-155558-s112p3-ctl-20/reports/233fe885-b392-488e-a33f-e9ded512476a.dmp	2	41558048	3,4,5,6,7,12,14,15,16,24,1129316353	43156	1786222395	2026-08-08T15:53:15	1786222538	2026-08-08T15:55:38	10.0.19045	16	220	130	12923	22	42879	0x7FF6E95E0000	0x7FFD339C0000	0	0x7FFD3B150000	0x7FFD3A990000	0x7FFD38C80000	0x7FFD39160000	0x7FFD39920000	0x7FFD3ADF0000	0x7FFD3A8D0000	0xC0000005	0x7FFD3B400001	2	0x8	0x7FFD3B400001	0x7FFD3B400001					AV+EXEC+PLUS1	0x7FFD3B400000	0x7000	COMMIT	IMAGE	READONLY	EXECUTE_WRITECOPY	0x7FFD3B400000	15	0x4066000	4	0
2432183f-4889-49ae-a673-da14cb8f617c.dmp	dumps/crashpad-20260805-182113-animref-SUCCESS/reports/2432183f-4889-49ae-a673-da14cb8f617c.dmp	2	43740464	3,4,5,6,7,12,14,15,16,24,1129316353	18536	1785971646	2026-08-05T18:14:06	1785971983	2026-08-05T18:19:43	10.0.19045	16	221	137	14239	22	44543	0x7FF681610000	0x7FFCF4B90000	0	0x7FFD3B150000	0x7FFD3A990000	0x7FFD38C80000	0x7FFD39160000	0x7FFD39920000	0x7FFD3ADF0000	0x7FFD3A8D0000	0xC0000005	0x7FFD3B400001	2	0x8	0x7FFD3B400001	0x7FFD3B400001					AV+EXEC+PLUS1	0x7FFD3B400000	0x7000	COMMIT	IMAGE	READONLY	EXECUTE_WRITECOPY	0x7FFD3B400000	15	0x4066000	4	0
271d081e-c5de-43b4-aab6-c4e15da9877f.dmp	dumps/crashpad-20260814-155530/reports/271d081e-c5de-43b4-aab6-c4e15da9877f.dmp	1	41231184	3,4,5,6,7,12,14,15,16,24,1129316353	37972	1786740799	2026-08-14T15:53:19	1786740852	2026-08-14T15:54:12	10.0.19045	16	220	124	12562	22	40078	0x7FF7BFF50000	0x7FFA0A800000	0	0x7FFA422D0000	0x7FFA415A0000	0x7FFA3FE20000	0x7FFA41670000	0x7FFA418C0000	0x7FFA420A0000	0x7FFA41DE0000	0xC0000005	0x1D5D5B419F2	2	0x0	0x7FF7BFF51000	0x1D5D5B419F2					AV+READ	0x1D5D5B40000	0x25000	COMMIT	PRIVATE	EXECUTE_READWRITE	EXECUTE_READWRITE	0x1D5D5B40000	1	0x25000	1	0
27517e1c-65de-4803-a045-16f47d5d8b4c.dmp	dumps/crashpad-20260812-204012-s114-fk13-stage-death/reports/27517e1c-65de-4803-a045-16f47d5d8b4c.dmp	2	43620032	3,4,5,6,7,12,14,15,16,24,1129316353	49164	1786584987	2026-08-12T20:36:27	1786585156	2026-08-12T20:39:16	10.0.19045	16	220	136	13862	22	43724	0x7FF7C7EF0000	0x7FFA3B100000	0	0x7FFA422D0000	0x7FFA415A0000	0x7FFA3FE20000	0x7FFA41670000	0x7FFA418C0000	0x7FFA420A0000	0x7FFA41DE0000	0xC0000005	0x7FFA42600001	2	0x8	0x7FFA42600001	0x7FFA42600001					AV+EXEC+PLUS1	0x7FFA42600000	0x7000	COMMIT	IMAGE	READONLY	EXECUTE_WRITECOPY	0x7FFA42600000	15	0x4066000	4	0
27b26cae-f366-463f-8d39-0a27ccc5fe0f.dmp	dumps/crashpad-20260805-230519-s111-oldNM3/reports/27b26cae-f366-463f-8d39-0a27ccc5fe0f.dmp	2	40898320	3,4,5,6,7,12,14,15,16,24,1129316353	39208	1785989099	2026-08-05T23:04:59	1785989115	2026-08-05T23:05:15	10.0.19045	16	220	141	11632	22	27247	0x7FF6505C0000	0x7FFD31820000	0	0x7FFD3B150000	0x7FFD3A990000	0x7FFD38C80000	0x7FFD39160000	0x7FFD39920000	0x7FFD3ADF0000	0x7FFD3A8D0000	0xC0000005	0x22A4945205D	2	0x0	0x22A8A7F0000	0x22A4945205D					AV+READ	0x22A49450000	0x2B000	COMMIT	PRIVATE	EXECUTE_READWRITE	EXECUTE_READWRITE	0x22A49450000	1	0x2B000	1	0
2820dd71-653e-43f5-92dc-a7cac13e06d8.dmp	dumps/crashpad-20260807-162715-s112c-ctl-06/reports/2820dd71-653e-43f5-92dc-a7cac13e06d8.dmp	2	43816000	3,4,5,6,7,12,14,15,16,24,1129316353	14348	1786137712	2026-08-07T16:21:52	1786138013	2026-08-07T16:26:53	10.0.19045	16	221	138	13895	22	44908	0x7FF6505C0000	0x7FFD329D0000	0	0x7FFD3B150000	0x7FFD3A990000	0x7FFD38C80000	0x7FFD39160000	0x7FFD39920000	0x7FFD3ADF0000	0x7FFD3A8D0000	0xC0000005	0x7FFD3B400001	2	0x8	0x7FFD3B400001	0x7FFD3B400001					AV+EXEC+PLUS1	0x7FFD3B400000	0x7000	COMMIT	IMAGE	READONLY	EXECUTE_WRITECOPY	0x7FFD3B400000	15	0x4066000	4	0
2b109408-47f6-4626-8f10-dea53209e8dd.dmp	dumps/crashpad-20260804-231115-sub-NoPasses-2-DEATH/reports/2b109408-47f6-4626-8f10-dea53209e8dd.dmp	2	41424784	3,4,5,6,7,12,14,15,16,24,1129316353	34668	1785903016	2026-08-04T23:10:16	1785903061	2026-08-04T23:11:01	10.0.19045	16	220	130	13556	22	40754	0x7FF7E3CB0000	0x7FFD31850000	0	0x7FFD3B150000	0x7FFD3A990000	0x7FFD38C80000	0x7FFD39160000	0x7FFD39920000	0x7FFD3ADF0000	0x7FFD3A8D0000	0xC0000005	0x2154F6C205D	2	0x0	0x216153E6000	0x2154F6C205D					AV+READ	0x2154F6C0000	0x2B000	COMMIT	PRIVATE	EXECUTE_READWRITE	EXECUTE_READWRITE	0x2154F6C0000	1	0x2B000	1	0
3044e714-56fb-4253-ab5e-528e183a1e46.dmp	dumps/crashpad-20260806-135215-s111ab-C1r3/reports/3044e714-56fb-4253-ab5e-528e183a1e46.dmp	2	41277904	3,4,5,6,7,12,14,15,16,24,1129316353	23576	1786042310	2026-08-06T13:51:50	1786042323	2026-08-06T13:52:03	10.0.19045	16	219	151	14463	22	28571	0x7FF6505C0000	0x7FFD31850000	0	0x7FFD3B150000	0x7FFD3A990000	0x7FFD38C80000	0x7FFD39160000	0x7FFD39920000	0x7FFD3ADF0000	0x7FFD3A8D0000	0xC0000005	0x7FFD3B400001	2	0x8	0x7FFD3B400001	0x7FFD3B400001					AV+EXEC+PLUS1	0x7FFD3B400000	0x7000	COMMIT	IMAGE	READONLY	EXECUTE_WRITECOPY	0x7FFD3B400000	15	0x4066000	4	0
3e17e732-dd9f-4174-a291-66e9c3f036fc.dmp	dumps/crashpad-20260804-181909-shimrun2-DEATH/reports/3e17e732-dd9f-4174-a291-66e9c3f036fc.dmp	4	5420624	3,4,5,6,7,12,14,15,16,24,1129316353	4388	1785885516	2026-08-04T18:18:36	1785885539	2026-08-04T18:18:59	10.0.19045	16	185	127	3675	22	14929	0x7FF6A6EF0000	0x7FFCEC850000	0	0x7FFD3B150000	0x7FFD3A990000	0x7FFD38C80000	0x7FFD39160000	0x7FFD39920000	0x7FFD3ADF0000	0x7FFD3A8D0000	0xC0000005	0x7FFD3B400001	2	0x8	0x7FFD3B400001	0x7FFD3B400001					AV+EXEC+PLUS1	0x7FFD3B400000	0x7000	COMMIT	IMAGE	READONLY	EXECUTE_WRITECOPY	0x7FFD3B400000	15	0x4066000	4	0
3fa0b7d3-0b5b-4867-a766-650f55db596b.dmp	dumps/crashpad-20260805-010927-knee-g30-2-DEATH/reports/3fa0b7d3-0b5b-4867-a766-650f55db596b.dmp	2	40901888	3,4,5,6,7,12,14,15,16,24,1129316353	14160	1785910139	2026-08-05T01:08:59	1785910157	2026-08-05T01:09:17	10.0.19045	16	220	131	14683	22	31260	0x7FF7E3CB0000	0x7FFD317D0000	0	0x7FFD3B150000	0x7FFD3A990000	0x7FFD38C80000	0x7FFD39160000	0x7FFD39920000	0x7FFD3ADF0000	0x7FFD3A8D0000	0xC0000005	0x202FAF8205D	2	0x0	0x2034B0CFC58	0x202FAF8205D					AV+READ	0x202FAF80000	0x2B000	COMMIT	PRIVATE	EXECUTE_READWRITE	EXECUTE_READWRITE	0x202FAF80000	1	0x2B000	1	0
40d6100a-b98a-4cd7-a3d0-d729ef326f3c.dmp	dumps/crashpad-20260805-011023-knee-g30-3-DEATH/reports/40d6100a-b98a-4cd7-a3d0-d729ef326f3c.dmp	2	43250128	3,4,5,6,7,12,14,15,16,24,1129316353	49096	1785910174	2026-08-05T01:09:34	1785910210	2026-08-05T01:10:10	10.0.19045	16	220	151	13298	22	31444	0x7FF7E3CB0000	0x7FFD338A0000	0	0x7FFD3B150000	0x7FFD3A990000	0x7FFD38C80000	0x7FFD39160000	0x7FFD39920000	0x7FFD3ADF0000	0x7FFD3A8D0000	0xC0000005	0x24F44DC205D	2	0x0	0x25010EA0000	0x24F44DC205D					AV+READ	0x24F44DC0000	0x2B000	COMMIT	PRIVATE	EXECUTE_READWRITE	EXECUTE_READWRITE	0x24F44DC0000	1	0x2B000	1	0
41cdafa3-ceff-4d83-8d11-69fa9b75b54a.dmp	dumps/crashpad-20260804-151455-s109-positive-control/reports/41cdafa3-ceff-4d83-8d11-69fa9b75b54a.dmp	3	43804912	3,4,5,6,7,12,14,15,16,24,1129316353	24700	1785870133	2026-08-04T14:02:13	1785870626	2026-08-04T14:10:26	10.0.19045	16	221	136	15325	22	44804	0x7FF6EAA10000	0x7FFD23200000	0	0x7FFD3B150000	0x7FFD3A990000	0x7FFD38C80000	0x7FFD39160000	0x7FFD39920000	0x7FFD3ADF0000	0x7FFD3A8D0000	0xC0000005	0x7FFD3B400001	2	0x8	0x7FFD3B400001	0x7FFD3B400001					AV+EXEC+PLUS1	0x7FFD3B400000	0x7000	COMMIT	IMAGE	READONLY	EXECUTE_WRITECOPY	0x7FFD3B400000	15	0x4066000	4	0
42d05faa-f278-424e-86fb-a4409611b541.dmp	dumps/crashpad-20260806-135511-s111ab-C1r6/reports/42d05faa-f278-424e-86fb-a4409611b541.dmp	12	7847424	3,4,5,6,7,12,14,15,16,24,1129316353	31440	1786042486	2026-08-06T13:54:46	1786042499	2026-08-06T13:54:59	10.0.19045	16	196	146	5325	22	17098	0x7FF6505C0000	0x7FFD31850000	0	0x7FFD3B150000	0x7FFD3A990000	0x7FFD38C80000	0x7FFD39160000	0x7FFD39920000	0x7FFD3ADF0000	0x7FFD3A8D0000	0xC0000005	0x7FFD3B400001	2	0x8	0x7FFD3B400001	0x7FFD3B400001					AV+EXEC+PLUS1	0x7FFD3B400000	0x7000	COMMIT	IMAGE	READONLY	EXECUTE_WRITECOPY	0x7FFD3B400000	15	0x4066000	4	0
443b9e94-f87e-4633-b8fc-94c83cc70012.dmp	dumps/crashpad-20260805-235601-s111ab-A2r6/reports/443b9e94-f87e-4633-b8fc-94c83cc70012.dmp	2	43314432	3,4,5,6,7,12,14,15,16,24,1129316353	27632	1785992136	2026-08-05T23:55:36	1785992158	2026-08-05T23:55:58	10.0.19045	16	220	157	13562	22	28957	0x7FF6505C0000	0x7FFD31830000	0	0x7FFD3B150000	0x7FFD3A990000	0x7FFD38C80000	0x7FFD39160000	0x7FFD39920000	0x7FFD3ADF0000	0x7FFD3A8D0000	0xC0000005	0x7FFD3B400001	2	0x8	0x7FFD3B400001	0x7FFD3B400001					AV+EXEC+PLUS1	0x7FFD3B400000	0x7000	COMMIT	IMAGE	READONLY	EXECUTE_WRITECOPY	0x7FFD3B400000	15	0x4066000	4	0
455fe74e-dbb5-41e7-a1b0-d39819f2f8f4.dmp	dumps/crashpad-20260806-234958-s111pi-I6_1/reports/455fe74e-dbb5-41e7-a1b0-d39819f2f8f4.dmp	2	43561056	3,4,5,6,7,12,14,15,16,24,1129316353	35068	1786078115	2026-08-06T23:48:35	1786078185	2026-08-06T23:49:45	10.0.19045	16	221	144	12200	22	41380	0x7FF6505C0000	0x7FFD31890000	0	0x7FFD3B150000	0x7FFD3A990000	0x7FFD38C80000	0x7FFD39160000	0x7FFD39920000	0x7FFD3ADF0000	0x7FFD3A8D0000	0xC0000005	0x7FFD3B400001	2	0x8	0x7FFD3B400001	0x7FFD3B400001					AV+EXEC+PLUS1	0x7FFD3B400000	0x7000	COMMIT	IMAGE	READONLY	EXECUTE_WRITECOPY	0x7FFD3B400000	15	0x4066000	4	0
45b740e8-67a3-401c-b530-21ce9760ee3e.dmp	dumps/crashpad-20260805-030027/reports/45b740e8-67a3-401c-b530-21ce9760ee3e.dmp	1	43609888	3,4,5,6,7,12,14,15,16,24,1129316353	47940	1785916514	2026-08-05T02:55:14	1785916683	2026-08-05T02:58:03	10.0.19045	16	220	142	14008	22	42708	0x7FF681610000	0x7FFD31810000	0	0x7FFD3B150000	0x7FFD3A990000	0x7FFD38C80000	0x7FFD39160000	0x7FFD39920000	0x7FFD3ADF0000	0x7FFD3A8D0000	0xC0000005	0x7FFD3B400001	2	0x8	0x7FFD3B400001	0x7FFD3B400001					AV+EXEC+PLUS1	0x7FFD3B400000	0x7000	COMMIT	IMAGE	READONLY	EXECUTE_WRITECOPY	0x7FFD3B400000	15	0x4066000	4	0
4636381f-41f7-41f3-837f-9d95c5c58890.dmp	dumps/crashpad-20260805-204616-s111-scanfix-run1/reports/4636381f-41f7-41f3-837f-9d95c5c58890.dmp	3	43578336	3,4,5,6,7,12,14,15,16,24,1129316353	13936	1785980653	2026-08-05T20:44:13	1785980758	2026-08-05T20:45:58	10.0.19045	16	221	140	14167	22	40835	0x7FF6505C0000	0x7FFCFF520000	0	0x7FFD3B150000	0x7FFD3A990000	0x7FFD38C80000	0x7FFD39160000	0x7FFD39920000	0x7FFD3ADF0000	0x7FFD3A8D0000	0xC0000005	0x7FFD3B400001	2	0x8	0x7FFD3B400001	0x7FFD3B400001					AV+EXEC+PLUS1	0x7FFD3B400000	0x7000	COMMIT	IMAGE	READONLY	EXECUTE_WRITECOPY	0x7FFD3B400000	15	0x4066000	4	0
46b248c4-206b-4eec-8940-7de67956a9f9.dmp	dumps/crashpad-20260809-005727-s112ship-03/reports/46b248c4-206b-4eec-8940-7de67956a9f9.dmp	2	43773616	3,4,5,6,7,12,14,15,16,24,1129316353	18596	1786254849	2026-08-09T00:54:09	1786255022	2026-08-09T00:57:02	10.0.19045	16	220	138	13669	22	43842	0x7FF6A5280000	0x7FFD33960000	0	0x7FFD3B150000	0x7FFD3A990000	0x7FFD38C80000	0x7FFD39160000	0x7FFD39920000	0x7FFD3ADF0000	0x7FFD3A8D0000	0xC0000005	0x7FFD3B400001	2	0x8	0x7FFD3B400001	0x7FFD3B400001					AV+EXEC+PLUS1	0x7FFD3B400000	0x7000	COMMIT	IMAGE	READONLY	EXECUTE_WRITECOPY	0x7FFD3B400000	15	0x4066000	4	0
476a7ded-00d3-47ab-8210-d33f3a8663d4.dmp	dumps/crashpad-20260807-183411-s112c-ctl-25/reports/476a7ded-00d3-47ab-8210-d33f3a8663d4.dmp	2	42064464	3,4,5,6,7,12,14,15,16,24,1129316353	54956	1786145328	2026-08-07T18:28:48	1786145631	2026-08-07T18:33:51	10.0.19045	16	221	124	15285	22	53927	0x7FF6505C0000	0x7FFD31830000	0	0x7FFD3B150000	0x7FFD3A990000	0x7FFD38C80000	0x7FFD39160000	0x7FFD39920000	0x7FFD3ADF0000	0x7FFD3A8D0000	0xC0000005	0x7FFD3B400001	2	0x8	0x7FFD3B400001	0x7FFD3B400001					AV+EXEC+PLUS1	0x7FFD3B400000	0x7000	COMMIT	IMAGE	READONLY	EXECUTE_WRITECOPY	0x7FFD3B400000	15	0x4066000	4	0
4c2b7a2d-6169-4fe6-bcb6-fdaa185824d7.dmp	dumps/crashpad-20260820-143225/reports/4c2b7a2d-6169-4fe6-bcb6-fdaa185824d7.dmp	1	41496016	3,4,5,6,7,12,14,15,16,24,1129316353	16944	1787254138	2026-08-20T14:28:58	1787254279	2026-08-20T14:31:19	10.0.19045	16	220	123	14451	22	44081	0x7FF7A5A20000	0x7FFB4C9F0000	0	0x7FFB57050000	0x7FFB56630000	0x7FFB54B00000	0x7FFB562C0000	0x7FFB55F60000	0x7FFB55CC0000	0x7FFB55EB0000	0xC0000005	0x7FFB57400001	2	0x8	0x7FFB57400001	0x7FFB57400001					AV+EXEC+PLUS1	0x7FFB57400000	0x7000	COMMIT	IMAGE	READONLY	EXECUTE_WRITECOPY	0x7FFB57400000	15	0x4066000	4	0
4fb67c1c-0798-42b9-a8b2-0d4f1d1b669e.dmp	dumps/crashpad-20260805-205659-s111-VOID-concurrent/reports/4fb67c1c-0798-42b9-a8b2-0d4f1d1b669e.dmp	2	40874144	3,4,5,6,7,12,14,15,16,24,1129316353	28552	1785981230	2026-08-05T20:53:50	1785981307	2026-08-05T20:55:07	10.0.19045	16	220	129	12871	22	31640	0x7FF6505C0000	0x7FFD02830000	0	0x7FFD3B150000	0x7FFD3A990000	0x7FFD38C80000	0x7FFD39160000	0x7FFD39920000	0x7FFD3ADF0000	0x7FFD3A8D0000	0xC0000005	0x7FFD3B400001	2	0x8	0x7FFD3B400001	0x7FFD3B400001					AV+EXEC+PLUS1	0x7FFD3B400000	0x7000	COMMIT	IMAGE	READONLY	EXECUTE_WRITECOPY	0x7FFD3B400000	15	0x4066000	4	0
54856018-d4b8-483d-b984-2c4c3dd6309a.dmp	dumps/crashpad-20260807-163627-s112c-trt-08/reports/54856018-d4b8-483d-b984-2c4c3dd6309a.dmp	2	41530288	3,4,5,6,7,12,14,15,16,24,1129316353	42544	1786138259	2026-08-07T16:30:59	1786138452	2026-08-07T16:34:12	10.0.19045	16	220	121	14822	22	44812	0x7FF6505C0000	0x7FFD329D0000	0	0x7FFD3B150000	0x7FFD3A990000	0x7FFD38C80000	0x7FFD39160000	0x7FFD39920000	0x7FFD3ADF0000	0x7FFD3A8D0000	0xC0000005	0x7FFD3B400001	2	0x8	0x7FFD3B400001	0x7FFD3B400001					AV+EXEC+PLUS1	0x7FFD3B400000	0x7000	COMMIT	IMAGE	READONLY	EXECUTE_WRITECOPY	0x7FFD3B400000	15	0x4066000	4	0
55cc813f-854d-4649-a0a7-b807ab673ab7.dmp	dumps/crashpad-20260807-160235-s112c-ctl-01/reports/55cc813f-854d-4649-a0a7-b807ab673ab7.dmp	2	43763472	3,4,5,6,7,12,14,15,16,24,1129316353	52644	1786136218	2026-08-07T15:56:58	1786136548	2026-08-07T16:02:28	10.0.19045	16	221	139	15536	22	44529	0x7FF6505C0000	0x7FFCF92A0000	0	0x7FFD3B150000	0x7FFD3A990000	0x7FFD38C80000	0x7FFD39160000	0x7FFD39920000	0x7FFD3ADF0000	0x7FFD3A8D0000	0xC0000005	0x7FFD3B400001	2	0x8	0x7FFD3B400001	0x7FFD3B400001					AV+EXEC+PLUS1	0x7FFD3B400000	0x7000	COMMIT	IMAGE	READONLY	EXECUTE_WRITECOPY	0x7FFD3B400000	15	0x4066000	4	0
58d7015d-480a-40f7-ad4d-4539c7f09c45.dmp	dumps/crashpad-20260808-134406-s112p3-trt-08/reports/58d7015d-480a-40f7-ad4d-4539c7f09c45.dmp	2	42099632	3,4,5,6,7,12,14,15,16,24,1129316353	27964	1786214171	2026-08-08T13:36:11	1786214622	2026-08-08T13:43:42	10.0.19045	16	220	124	15230	30	55294	0x7FF650FD0000	0x7FFD339C0000	0	0x7FFD3B150000	0x7FFD3A990000	0x7FFD38C80000	0x7FFD39160000	0x7FFD39920000	0x7FFD3ADF0000	0x7FFD3A8D0000	0xC0000005	0x7FFD3B400001	2	0x8	0x7FFD3B400001	0x7FFD3B400001					AV+EXEC+PLUS1	0x7FFD3B400000	0x7000	COMMIT	IMAGE	READONLY	EXECUTE_WRITECOPY	0x7FFD3B400000	15	0x4066000	4	0
58f9652a-06d1-407c-9ce5-0e63d6cebf28.dmp	dumps/crashpad-20260807-210330-s112c-ctl-39/reports/58f9652a-06d1-407c-9ce5-0e63d6cebf28.dmp	2	43963040	3,4,5,6,7,12,14,15,16,24,1129316353	50252	1786154308	2026-08-07T20:58:28	1786154589	2026-08-07T21:03:09	10.0.19045	16	221	142	13175	22	45107	0x7FF6505C0000	0x7FFD329D0000	0	0x7FFD3B150000	0x7FFD3A990000	0x7FFD38C80000	0x7FFD39160000	0x7FFD39920000	0x7FFD3ADF0000	0x7FFD3A8D0000	0xC0000005	0x7FFD3B400001	2	0x8	0x7FFD3B400001	0x7FFD3B400001					AV+EXEC+PLUS1	0x7FFD3B400000	0x7000	COMMIT	IMAGE	READONLY	EXECUTE_WRITECOPY	0x7FFD3B400000	15	0x4066000	4	0
590cfd83-b140-479b-8bbb-6b77c1cf7efb.dmp	dumps/crashpad-20260804-182004-shimrun3-DEATH/reports/590cfd83-b140-479b-8bbb-6b77c1cf7efb.dmp	2	43740912	3,4,5,6,7,12,14,15,16,24,1129316353	18000	1785885555	2026-08-04T18:19:15	1785885592	2026-08-04T18:19:52	10.0.19045	16	220	151	13503	22	40680	0x7FF6A6EF0000	0x7FFCE4290000	0	0x7FFD3B150000	0x7FFD3A990000	0x7FFD38C80000	0x7FFD39160000	0x7FFD39920000	0x7FFD3ADF0000	0x7FFD3A8D0000	0xC0000005	0x1C835EC205D	2	0x0	0x1C8E65C0000	0x1C835EC205D					AV+READ	0x1C835EC0000	0x2B000	COMMIT	PRIVATE	EXECUTE_READWRITE	EXECUTE_READWRITE	0x1C835EC0000	1	0x2B000	1	0
59ca3de5-92d4-4767-bd5e-3a864c91412c.dmp	dumps/crashpad-20260805-234147-s111ab-A1r4/reports/59ca3de5-92d4-4767-bd5e-3a864c91412c.dmp	2	41488880	3,4,5,6,7,12,14,15,16,24,1129316353	30752	1785991274	2026-08-05T23:41:14	1785991303	2026-08-05T23:41:43	10.0.19045	16	220	134	13081	22	40854	0x7FF6505C0000	0x7FFD31830000	0	0x7FFD3B150000	0x7FFD3A990000	0x7FFD38C80000	0x7FFD39160000	0x7FFD39920000	0x7FFD3ADF0000	0x7FFD3A8D0000	0xC0000005	0x7FFD3B400001	2	0x8	0x7FFD3B400001	0x7FFD3B400001					AV+EXEC+PLUS1	0x7FFD3B400000	0x7000	COMMIT	IMAGE	READONLY	EXECUTE_WRITECOPY	0x7FFD3B400000	15	0x4066000	4	0
5cfc2df8-3526-46f4-8382-9492ceec60f1.dmp	dumps/crashpad-20260807-170919-s112c-trt-15/reports/5cfc2df8-3526-46f4-8382-9492ceec60f1.dmp	2	44009312	3,4,5,6,7,12,14,15,16,24,1129316353	9800	1786140401	2026-08-07T17:06:41	1786140538	2026-08-07T17:08:58	10.0.19045	16	220	146	11563	24	47902	0x7FF6505C0000	0x7FFD31810000	0	0x7FFD3B150000	0x7FFD3A990000	0x7FFD38C80000	0x7FFD39160000	0x7FFD39920000	0x7FFD3ADF0000	0x7FFD3A8D0000	0xC0000005	0x7FFD3B400001	2	0x8	0x7FFD3B400001	0x7FFD3B400001					AV+EXEC+PLUS1	0x7FFD3B400000	0x7000	COMMIT	IMAGE	READONLY	EXECUTE_WRITECOPY	0x7FFD3B400000	15	0x4066000	4	0
5e4cce11-0836-4b55-96ed-a5aef4d21aae.dmp	dumps/crashpad-20260804-230408-sub-NoMissions-2-DEATH/reports/5e4cce11-0836-4b55-96ed-a5aef4d21aae.dmp	2	43450944	3,4,5,6,7,12,14,15,16,24,1129316353	33480	1785902614	2026-08-04T23:03:34	1785902634	2026-08-04T23:03:54	10.0.19045	16	220	148	15641	22	34356	0x7FF7E3CB0000	0x7FFD31850000	0	0x7FFD3B150000	0x7FFD3A990000	0x7FFD38C80000	0x7FFD39160000	0x7FFD39920000	0x7FFD3ADF0000	0x7FFD3A8D0000	0xC0000005	0x1830F7C205D	2	0x0	0x183CC5A4000	0x1830F7C205D					AV+READ	0x1830F7C0000	0x2B000	COMMIT	PRIVATE	EXECUTE_READWRITE	EXECUTE_READWRITE	0x1830F7C0000	1	0x2B000	1	0
5e795b99-29bf-4db2-8ae3-f7b78ae56396.dmp	dumps/crashpad-20260807-180351-s112c-ctl-21/reports/5e795b99-29bf-4db2-8ae3-f7b78ae56396.dmp	2	42952352	3,4,5,6,7,12,14,15,16,24,1129316353	14160	1786143258	2026-08-07T17:54:18	1786143811	2026-08-07T18:03:31	10.0.19045	16	221	127	11569	27	74606	0x7FF6505C0000	0x7FFD31820000	0	0x7FFD3B150000	0x7FFD3A990000	0x7FFD38C80000	0x7FFD39160000	0x7FFD39920000	0x7FFD3ADF0000	0x7FFD3A8D0000	0xC0000005	0x7FFD3B400001	2	0x8	0x7FFD3B400001	0x7FFD3B400001					AV+EXEC+PLUS1	0x7FFD3B400000	0x7000	COMMIT	IMAGE	READONLY	EXECUTE_WRITECOPY	0x7FFD3B400000	15	0x4066000	4	0
626dad64-3ba6-49f4-be06-54aa40f894fd.dmp	dumps/crashpad-20260808-141744-s112p3-trt-12/reports/626dad64-3ba6-49f4-be06-54aa40f894fd.dmp	2	41184608	3,4,5,6,7,12,14,15,16,24,1129316353	9016	1786216480	2026-08-08T14:14:40	1786216641	2026-08-08T14:17:21	10.0.19045	16	220	121	13600	22	37531	0x7FF6EE4A0000	0x7FFD339C0000	0	0x7FFD3B150000	0x7FFD3A990000	0x7FFD38C80000	0x7FFD39160000	0x7FFD39920000	0x7FFD3ADF0000	0x7FFD3A8D0000	0xC0000005	0x7FFD3B400001	2	0x8	0x7FFD3B400001	0x7FFD3B400001					AV+EXEC+PLUS1	0x7FFD3B400000	0x7000	COMMIT	IMAGE	READONLY	EXECUTE_WRITECOPY	0x7FFD3B400000	15	0x4066000	4	0
667ebe16-b6c7-4854-ab90-632ff6019028.dmp	dumps/crashpad-20260808-011032-s112p2-foSTD-07/reports/667ebe16-b6c7-4854-ab90-632ff6019028.dmp	2	41559744	3,4,5,6,7,12,14,15,16,24,1129316353	53340	1786169238	2026-08-08T01:07:18	1786169411	2026-08-08T01:10:11	10.0.19045	16	220	122	14920	22	44057	0x7FF6505C0000	0x7FFD31800000	0	0x7FFD3B150000	0x7FFD3A990000	0x7FFD38C80000	0x7FFD39160000	0x7FFD39920000	0x7FFD3ADF0000	0x7FFD3A8D0000	0xC0000005	0x7FFD3B400001	2	0x8	0x7FFD3B400001	0x7FFD3B400001					AV+EXEC+PLUS1	0x7FFD3B400000	0x7000	COMMIT	IMAGE	READONLY	EXECUTE_WRITECOPY	0x7FFD3B400000	15	0x4066000	4	0
673de738-afc8-49e1-99d0-7ce0bda6f536.dmp	dumps/crashpad-20260804-210459-pi1run3-DEATH/reports/673de738-afc8-49e1-99d0-7ce0bda6f536.dmp	2	43385024	3,4,5,6,7,12,14,15,16,24,1129316353	24580	1785895436	2026-08-04T21:03:56	1785895489	2026-08-04T21:04:49	10.0.19045	16	220	153	14604	22	31370	0x7FF7E3CB0000	0x7FFD23210000	0	0x7FFD3B150000	0x7FFD3A990000	0x7FFD38C80000	0x7FFD39160000	0x7FFD39920000	0x7FFD3ADF0000	0x7FFD3A8D0000	0xC0000005	0x7FFD3B400001	2	0x8	0x7FFD3B400001	0x7FFD3B400001					AV+EXEC+PLUS1	0x7FFD3B400000	0x7000	COMMIT	IMAGE	READONLY	EXECUTE_WRITECOPY	0x7FFD3B400000	15	0x4066000	4	0
6857bfe4-fa85-4096-863e-cf48a17685e2.dmp	dumps/crashpad-20260807-163048-s112c-trt-07/reports/6857bfe4-fa85-4096-863e-cf48a17685e2.dmp	2	41537872	3,4,5,6,7,12,14,15,16,24,1129316353	54800	1786138046	2026-08-07T16:27:26	1786138219	2026-08-07T16:30:19	10.0.19045	16	220	120	14970	22	43619	0x7FF6505C0000	0x7FFD329D0000	0	0x7FFD3B150000	0x7FFD3A990000	0x7FFD38C80000	0x7FFD39160000	0x7FFD39920000	0x7FFD3ADF0000	0x7FFD3A8D0000	0xC0000005	0x7FFD3B400001	2	0x8	0x7FFD3B400001	0x7FFD3B400001					AV+EXEC+PLUS1	0x7FFD3B400000	0x7000	COMMIT	IMAGE	READONLY	EXECUTE_WRITECOPY	0x7FFD3B400000	15	0x4066000	4	0
6b62f3fa-224c-4579-9d45-5eeabfab6c53.dmp	dumps/crashpad-20260805-233955-s111ab-A1r2/reports/6b62f3fa-224c-4579-9d45-5eeabfab6c53.dmp	2	43694304	3,4,5,6,7,12,14,15,16,24,1129316353	47324	1785991159	2026-08-05T23:39:19	1785991192	2026-08-05T23:39:52	10.0.19045	16	220	152	12993	22	39298	0x7FF6505C0000	0x7FFD31830000	0	0x7FFD3B150000	0x7FFD3A990000	0x7FFD38C80000	0x7FFD39160000	0x7FFD39920000	0x7FFD3ADF0000	0x7FFD3A8D0000	0xC0000005	0x7FFD3B400001	2	0x8	0x7FFD3B400001	0x7FFD3B400001					AV+EXEC+PLUS1	0x7FFD3B400000	0x7000	COMMIT	IMAGE	READONLY	EXECUTE_WRITECOPY	0x7FFD3B400000	15	0x4066000	4	0
702ee15a-63b7-42da-acbb-e72079e1d2e7.dmp	dumps/crashpad-20260805-234850-s111ab-B2r5/reports/702ee15a-63b7-42da-acbb-e72079e1d2e7.dmp	4	43408976	3,4,5,6,7,12,14,15,16,24,1129316353	39752	1785991709	2026-08-05T23:48:29	1785991726	2026-08-05T23:48:46	10.0.19045	16	220	156	14947	22	31351	0x7FF6505C0000	0x7FFD31830000	0	0x7FFD3B150000	0x7FFD3A990000	0x7FFD38C80000	0x7FFD39160000	0x7FFD39920000	0x7FFD3ADF0000	0x7FFD3A8D0000	0xC0000005	0x23C5C40205D	2	0x0	0x23CF3690000	0x23C5C40205D					AV+READ	0x23C5C400000	0x2B000	COMMIT	PRIVATE	EXECUTE_READWRITE	EXECUTE_READWRITE	0x23C5C400000	1	0x2B000	1	0
73149cae-07b9-4d5f-a87d-50bdf1577f97.dmp	dumps/crashpad-20260806-174546-s111bisect-E2a_1/reports/73149cae-07b9-4d5f-a87d-50bdf1577f97.dmp	2	43637040	3,4,5,6,7,12,14,15,16,24,1129316353	13144	1786056127	2026-08-06T17:42:07	1786056332	2026-08-06T17:45:32	10.0.19045	16	220	138	15137	22	40877	0x7FF6505C0000	0x7FFD01F80000	0	0x7FFD3B150000	0x7FFD3A990000	0x7FFD38C80000	0x7FFD39160000	0x7FFD39920000	0x7FFD3ADF0000	0x7FFD3A8D0000	0xC0000005	0x7FFD3B400001	2	0x8	0x7FFD3B400001	0x7FFD3B400001					AV+EXEC+PLUS1	0x7FFD3B400000	0x7000	COMMIT	IMAGE	READONLY	EXECUTE_WRITECOPY	0x7FFD3B400000	15	0x4066000	4	0
7330ee70-d223-4b9e-9537-ae99d1de886f.dmp	dumps/crashpad-20260807-161828-s112c-ctl-04/reports/7330ee70-d223-4b9e-9537-ae99d1de886f.dmp	2	43616512	3,4,5,6,7,12,14,15,16,24,1129316353	57416	1786137200	2026-08-07T16:13:20	1786137374	2026-08-07T16:16:14	10.0.19045	16	220	135	12852	22	44392	0x7FF6505C0000	0x7FFD2F7A0000	0	0x7FFD3B150000	0x7FFD3A990000	0x7FFD38C80000	0x7FFD39160000	0x7FFD39920000	0x7FFD3ADF0000	0x7FFD3A8D0000	0xC0000005	0x7FFD3B400001	2	0x8	0x7FFD3B400001	0x7FFD3B400001					AV+EXEC+PLUS1	0x7FFD3B400000	0x7000	COMMIT	IMAGE	READONLY	EXECUTE_WRITECOPY	0x7FFD3B400000	15	0x4066000	4	0
74876872-1314-41d4-b5ba-8d62e7df8b35.dmp	dumps/crashpad-20260806-000841-s111ab-B4r1/reports/74876872-1314-41d4-b5ba-8d62e7df8b35.dmp	2	40783568	3,4,5,6,7,12,14,15,16,24,1129316353	48048	1785992897	2026-08-06T00:08:17	1785992918	2026-08-06T00:08:38	10.0.19045	16	220	143	12116	22	28493	0x7FF6505C0000	0x7FFD23270000	0	0x7FFD3B150000	0x7FFD3A990000	0x7FFD38C80000	0x7FFD39160000	0x7FFD39920000	0x7FFD3ADF0000	0x7FFD3A8D0000	0xC0000005	0x7FFD3B400001	2	0x8	0x7FFD3B400001	0x7FFD3B400001					AV+EXEC+PLUS1	0x7FFD3B400000	0x7000	COMMIT	IMAGE	READONLY	EXECUTE_WRITECOPY	0x7FFD3B400000	15	0x4066000	4	0
7576d9ff-6a99-4327-88e8-a703855ca4c1.dmp	dumps/crashpad-20260806-221813-s111ab-P2r2/reports/7576d9ff-6a99-4327-88e8-a703855ca4c1.dmp	2	42224192	3,4,5,6,7,12,14,15,16,24,1129316353	43060	1786072659	2026-08-06T22:17:39	1786072681	2026-08-06T22:18:01	10.0.19045	16	210	161	7228	22	22274	0x7FF6505C0000	0x7FFD317C0000	0	0x7FFD3B150000	0x7FFD3A990000	0x7FFD38C80000	0x7FFD39160000	0x7FFD39920000	0x7FFD3ADF0000	0x7FFD3A8D0000	0xC0000005	0x7FFD3B400001	2	0x8	0x7FFD3B400001	0x7FFD3B400001					AV+EXEC+PLUS1	0x7FFD3B400000	0x7000	COMMIT	IMAGE	READONLY	EXECUTE_WRITECOPY	0x7FFD3B400000	15	0x4066000	4	0
760543ca-d187-404c-8fbd-af50864901f2.dmp	dumps/crashpad-20260807-173942-s112c-ctl-18/reports/760543ca-d187-404c-8fbd-af50864901f2.dmp	2	44035760	3,4,5,6,7,12,14,15,16,24,1129316353	10788	1786142029	2026-08-07T17:33:49	1786142246	2026-08-07T17:37:26	10.0.19045	16	220	143	14680	22	45302	0x7FF6505C0000	0x7FFD31810000	0	0x7FFD3B150000	0x7FFD3A990000	0x7FFD38C80000	0x7FFD39160000	0x7FFD39920000	0x7FFD3ADF0000	0x7FFD3A8D0000	0xC0000005	0x7FFD3B400001	2	0x8	0x7FFD3B400001	0x7FFD3B400001					AV+EXEC+PLUS1	0x7FFD3B400000	0x7000	COMMIT	IMAGE	READONLY	EXECUTE_WRITECOPY	0x7FFD3B400000	15	0x4066000	4	0
7848386a-e443-4df6-b60d-925bd2555f5e.dmp	dumps/crashpad-20260814-022942/reports/7848386a-e443-4df6-b60d-925bd2555f5e.dmp	1	44148848	3,4,5,6,7,12,14,15,16,24,1129316353	64368	1786689543	2026-08-14T01:39:03	1786691788	2026-08-14T02:16:28	10.0.19045	16	221	140	13626	22	45481	0x7FF7C7EF0000	0x7FFA375D0000	0	0x7FFA422D0000	0x7FFA415A0000	0x7FFA3FE20000	0x7FFA41670000	0x7FFA418C0000	0x7FFA420A0000	0x7FFA41DE0000	0xC0000005	0x7FFA42600001	2	0x8	0x7FFA42600001	0x7FFA42600001					AV+EXEC+PLUS1	0x7FFA42600000	0x7000	COMMIT	IMAGE	READONLY	EXECUTE_WRITECOPY	0x7FFA42600000	15	0x4066000	4	0
7ab0475e-88ca-4095-bf34-35a23b33c692.dmp	dumps/crashpad-20260808-141428-s112p3-trt-11/reports/7ab0475e-88ca-4095-bf34-35a23b33c692.dmp	2	41766544	3,4,5,6,7,12,14,15,16,24,1129316353	13088	1786216302	2026-08-08T14:11:42	1786216446	2026-08-08T14:14:06	10.0.19045	16	220	126	14810	30	48328	0x7FF6EE4A0000	0x7FFD339C0000	0	0x7FFD3B150000	0x7FFD3A990000	0x7FFD38C80000	0x7FFD39160000	0x7FFD39920000	0x7FFD3ADF0000	0x7FFD3A8D0000	0xC0000005	0x7FFD3B400001	2	0x8	0x7FFD3B400001	0x7FFD3B400001					AV+EXEC+PLUS1	0x7FFD3B400000	0x7000	COMMIT	IMAGE	READONLY	EXECUTE_WRITECOPY	0x7FFD3B400000	15	0x4066000	4	0
7bc35585-e027-4681-8bae-c6ccb07fb01f.dmp	dumps/crashpad-20260806-000650-s111ab-A3r5/reports/7bc35585-e027-4681-8bae-c6ccb07fb01f.dmp	2	41582160	3,4,5,6,7,12,14,15,16,24,1129316353	47244	1785992782	2026-08-06T00:06:22	1785992807	2026-08-06T00:06:47	10.0.19045	16	220	134	14573	22	40864	0x7FF6505C0000	0x7FFD31830000	0	0x7FFD3B150000	0x7FFD3A990000	0x7FFD38C80000	0x7FFD39160000	0x7FFD39920000	0x7FFD3ADF0000	0x7FFD3A8D0000	0xC0000005	0x7FFD3B400001	2	0x8	0x7FFD3B400001	0x7FFD3B400001					AV+EXEC+PLUS1	0x7FFD3B400000	0x7000	COMMIT	IMAGE	READONLY	EXECUTE_WRITECOPY	0x7FFD3B400000	15	0x4066000	4	0
7cc09371-1e1b-4693-b51a-8764920b145d.dmp	dumps/crashpad-20260807-200606-s112c-ctl-34/reports/7cc09371-1e1b-4693-b51a-8764920b145d.dmp	2	43832336	3,4,5,6,7,12,14,15,16,24,1129316353	47396	1786150978	2026-08-07T20:02:58	1786151143	2026-08-07T20:05:43	10.0.19045	16	220	139	14338	22	44338	0x7FF6505C0000	0x7FFD329D0000	0	0x7FFD3B150000	0x7FFD3A990000	0x7FFD38C80000	0x7FFD39160000	0x7FFD39920000	0x7FFD3ADF0000	0x7FFD3A8D0000	0xC0000005	0x7FFD3B400001	2	0x8	0x7FFD3B400001	0x7FFD3B400001					AV+EXEC+PLUS1	0x7FFD3B400000	0x7000	COMMIT	IMAGE	READONLY	EXECUTE_WRITECOPY	0x7FFD3B400000	15	0x4066000	4	0
855d2696-5599-49a9-b34e-2afe4e1a1186.dmp	dumps/crashpad-20260806-173022-s111arme-E7_1/reports/855d2696-5599-49a9-b34e-2afe4e1a1186.dmp	2	43657136	3,4,5,6,7,12,14,15,16,24,1129316353	18080	1786055279	2026-08-06T17:27:59	1786055408	2026-08-06T17:30:08	10.0.19045	16	220	141	14362	22	40925	0x7FF6505C0000	0x7FFD23210000	0	0x7FFD3B150000	0x7FFD3A990000	0x7FFD38C80000	0x7FFD39160000	0x7FFD39920000	0x7FFD3ADF0000	0x7FFD3A8D0000	0xC0000005	0x7FFD3B400001	2	0x8	0x7FFD3B400001	0x7FFD3B400001					AV+EXEC+PLUS1	0x7FFD3B400000	0x7000	COMMIT	IMAGE	READONLY	EXECUTE_WRITECOPY	0x7FFD3B400000	15	0x4066000	4	0
85a8fcb8-966c-4002-9907-bb7ceb25117c.dmp	dumps/crashpad-20260806-174123-s111bisect-E1a_1/reports/85a8fcb8-966c-4002-9907-bb7ceb25117c.dmp	2	43503536	3,4,5,6,7,12,14,15,16,24,1129316353	56244	1786056003	2026-08-06T17:40:03	1786056068	2026-08-06T17:41:08	10.0.19045	16	220	137	14776	22	40880	0x7FF6505C0000	0x7FFD02860000	0	0x7FFD3B150000	0x7FFD3A990000	0x7FFD38C80000	0x7FFD39160000	0x7FFD39920000	0x7FFD3ADF0000	0x7FFD3A8D0000	0xC0000005	0x7FFD3B400001	2	0x8	0x7FFD3B400001	0x7FFD3B400001					AV+EXEC+PLUS1	0x7FFD3B400000	0x7000	COMMIT	IMAGE	READONLY	EXECUTE_WRITECOPY	0x7FFD3B400000	15	0x4066000	4	0
85f158bd-ad51-433d-9727-1c672418e735.dmp	dumps/crashpad-20260805-020141-tut3-NOSTAGE/reports/85f158bd-ad51-433d-9727-1c672418e735.dmp	2	44346416	3,4,5,6,7,12,14,15,16,24,1129316353	52404	1785912956	2026-08-05T01:55:56	1785913123	2026-08-05T01:58:43	10.0.19045	16	220	143	11293	29	59233	0x7FF681610000	0x7FFD1ECE0000	0	0x7FFD3B150000	0x7FFD3A990000	0x7FFD38C80000	0x7FFD39160000	0x7FFD39920000	0x7FFD3ADF0000	0x7FFD3A8D0000	0xC0000005	0x7FFD3B400001	2	0x8	0x7FFD3B400001	0x7FFD3B400001					AV+EXEC+PLUS1	0x7FFD3B400000	0x7000	COMMIT	IMAGE	READONLY	EXECUTE_WRITECOPY	0x7FFD3B400000	15	0x4066000	4	0
89a0d1aa-2c67-45ef-8acd-55e9142634e4.dmp	dumps/crashpad-20260805-014523-tut1-DEATH/reports/89a0d1aa-2c67-45ef-8acd-55e9142634e4.dmp	2	43683536	3,4,5,6,7,12,14,15,16,24,1129316353	30772	1785911787	2026-08-05T01:36:27	1785912312	2026-08-05T01:45:12	10.0.19045	16	221	138	12426	22	44669	0x7FF7E3CB0000	0x7FFCE87C0000	0	0x7FFD3B150000	0x7FFD3A990000	0x7FFD38C80000	0x7FFD39160000	0x7FFD39920000	0x7FFD3ADF0000	0x7FFD3A8D0000	0xC0000005	0x7FFD3B400001	2	0x8	0x7FFD3B400001	0x7FFD3B400001					AV+EXEC+PLUS1	0x7FFD3B400000	0x7000	COMMIT	IMAGE	READONLY	EXECUTE_WRITECOPY	0x7FFD3B400000	15	0x4066000	4	0
8d9f2552-32e5-4590-9f8c-bedc22ef8556.dmp	dumps/crashpad-20260809-010020-s112ship-04/reports/8d9f2552-32e5-4590-9f8c-bedc22ef8556.dmp	2	41341504	3,4,5,6,7,12,14,15,16,24,1129316353	9016	1786255059	2026-08-09T00:57:39	1786255197	2026-08-09T00:59:57	10.0.19045	16	220	124	13146	22	42516	0x7FF6A5280000	0x7FFD33960000	0	0x7FFD3B150000	0x7FFD3A990000	0x7FFD38C80000	0x7FFD39160000	0x7FFD39920000	0x7FFD3ADF0000	0x7FFD3A8D0000	0xC0000005	0x7FFD3B400001	2	0x8	0x7FFD3B400001	0x7FFD3B400001					AV+EXEC+PLUS1	0x7FFD3B400000	0x7000	COMMIT	IMAGE	READONLY	EXECUTE_WRITECOPY	0x7FFD3B400000	15	0x4066000	4	0
8eece45c-185f-4b14-b05f-a543d4cc2ade.dmp	dumps/crashpad-20260806-140010-s111ab-C2r4/reports/8eece45c-185f-4b14-b05f-a543d4cc2ade.dmp	4	41400512	3,4,5,6,7,12,14,15,16,24,1129316353	56768	1786042749	2026-08-06T13:59:09	1786042798	2026-08-06T13:59:58	10.0.19045	16	221	129	14699	22	40910	0x7FF6505C0000	0x7FFD02830000	0	0x7FFD3B150000	0x7FFD3A990000	0x7FFD38C80000	0x7FFD39160000	0x7FFD39920000	0x7FFD3ADF0000	0x7FFD3A8D0000	0xC0000005	0x7FFD3B400001	2	0x8	0x7FFD3B400001	0x7FFD3B400001					AV+EXEC+PLUS1	0x7FFD3B400000	0x7000	COMMIT	IMAGE	READONLY	EXECUTE_WRITECOPY	0x7FFD3B400000	15	0x4066000	4	0
9153ee65-9706-4f79-b653-2fb1b2fe8b50.dmp	dumps/crashpad-20260805-231646-s111-oldNM5/reports/9153ee65-9706-4f79-b653-2fb1b2fe8b50.dmp	2	42846432	3,4,5,6,7,12,14,15,16,24,1129316353	43828	1785989785	2026-08-05T23:16:25	1785989802	2026-08-05T23:16:42	10.0.19045	16	220	153	13605	22	31397	0x7FF6505C0000	0x7FFD31820000	0	0x7FFD3B150000	0x7FFD3A990000	0x7FFD38C80000	0x7FFD39160000	0x7FFD39920000	0x7FFD3ADF0000	0x7FFD3A8D0000	0xC0000005	0x7FFD3B400001	2	0x8	0x7FFD3B400001	0x7FFD3B400001					AV+EXEC+PLUS1	0x7FFD3B400000	0x7000	COMMIT	IMAGE	READONLY	EXECUTE_WRITECOPY	0x7FFD3B400000	15	0x4066000	4	0
92eec4e0-501b-4794-a316-68661a179e91.dmp	dumps/crashpad-20260807-154458-s112-ctl-02/reports/92eec4e0-501b-4794-a316-68661a179e91.dmp	2	43796496	3,4,5,6,7,12,14,15,16,24,1129316353	29568	1786135151	2026-08-07T15:39:11	1786135492	2026-08-07T15:44:52	10.0.19045	16	221	139	14905	22	44187	0x7FF6505C0000	0x7FFCF9C00000	0	0x7FFD3B150000	0x7FFD3A990000	0x7FFD38C80000	0x7FFD39160000	0x7FFD39920000	0x7FFD3ADF0000	0x7FFD3A8D0000	0xC0000005	0x7FFD3B400001	2	0x8	0x7FFD3B400001	0x7FFD3B400001					AV+EXEC+PLUS1	0x7FFD3B400000	0x7000	COMMIT	IMAGE	READONLY	EXECUTE_WRITECOPY	0x7FFD3B400000	15	0x4066000	4	0
9317ebe9-f77b-486b-b095-4c384b8b01d4.dmp	dumps/crashpad-20260806-142122-s111ab-C5r5/reports/9317ebe9-f77b-486b-b095-4c384b8b01d4.dmp	4	8368512	3,4,5,6,7,12,14,15,16,24,1129316353	32444	1786044060	2026-08-06T14:21:00	1786044069	2026-08-06T14:21:09	10.0.19045	16	204	147	8598	22	23524	0x7FF6505C0000	0x7FFD31850000	0	0x7FFD3B150000	0x7FFD3A990000	0x7FFD38C80000	0x7FFD39160000	0x7FFD39920000	0x7FFD3ADF0000	0x7FFD3A8D0000	0xC0000005	0x7FFD3B400001	2	0x8	0x7FFD3B400001	0x7FFD3B400001					AV+EXEC+PLUS1	0x7FFD3B400000	0x7000	COMMIT	IMAGE	READONLY	EXECUTE_WRITECOPY	0x7FFD3B400000	15	0x4066000	4	0
94f62fec-a77b-48ee-b083-0378a4e0c27e.dmp	dumps/crashpad-20260807-001439-s111pi-I11_1/reports/94f62fec-a77b-48ee-b083-0378a4e0c27e.dmp	28	7874976	3,4,5,6,7,12,14,15,16,24,1129316353	57072	1786079632	2026-08-07T00:13:52	1786079666	2026-08-07T00:14:26	10.0.19045	16	198	142	5229	22	18606	0x7FF6505C0000	0x7FFD329E0000	0	0x7FFD3B150000	0x7FFD3A990000	0x7FFD38C80000	0x7FFD39160000	0x7FFD39920000	0x7FFD3ADF0000	0x7FFD3A8D0000	0xC0000005	0x7FFD3B400001	2	0x8	0x7FFD3B400001	0x7FFD3B400001					AV+EXEC+PLUS1	0x7FFD3B400000	0x7000	COMMIT	IMAGE	READONLY	EXECUTE_WRITECOPY	0x7FFD3B400000	15	0x4066000	4	0
975f7bc9-ec69-4714-86f0-c5a9415cfb54.dmp	dumps/crashpad-20260805-230951-s111-newNM2/reports/975f7bc9-ec69-4714-86f0-c5a9415cfb54.dmp	2	43680432	3,4,5,6,7,12,14,15,16,24,1129316353	51516	1785989361	2026-08-05T23:09:21	1785989386	2026-08-05T23:09:46	10.0.19045	16	220	151	12335	22	40795	0x7FF6505C0000	0x7FFD31820000	0	0x7FFD3B150000	0x7FFD3A990000	0x7FFD38C80000	0x7FFD39160000	0x7FFD39920000	0x7FFD3ADF0000	0x7FFD3A8D0000	0xC0000005	0x7FFD3B400001	2	0x8	0x7FFD3B400001	0x7FFD3B400001					AV+EXEC+PLUS1	0x7FFD3B400000	0x7000	COMMIT	IMAGE	READONLY	EXECUTE_WRITECOPY	0x7FFD3B400000	15	0x4066000	4	0
9d8a2194-101e-4280-81a3-c91e21e1e53a.dmp	dumps/crashpad-20260806-171102-s111arme-E2_1/reports/9d8a2194-101e-4280-81a3-c91e21e1e53a.dmp	2	43516016	3,4,5,6,7,12,14,15,16,24,1129316353	27632	1786054177	2026-08-06T17:09:37	1786054250	2026-08-06T17:10:50	10.0.19045	16	220	139	14466	22	40952	0x7FF6505C0000	0x7FFD1FA70000	0	0x7FFD3B150000	0x7FFD3A990000	0x7FFD38C80000	0x7FFD39160000	0x7FFD39920000	0x7FFD3ADF0000	0x7FFD3A8D0000	0xC0000005	0x7FFD3B400001	2	0x8	0x7FFD3B400001	0x7FFD3B400001					AV+EXEC+PLUS1	0x7FFD3B400000	0x7000	COMMIT	IMAGE	READONLY	EXECUTE_WRITECOPY	0x7FFD3B400000	15	0x4066000	4	0
9f46e3c5-b6bb-411a-b6e0-9449d5355f86.dmp	dumps/crashpad-20260806-141645-s111ab-C4r6/reports/9f46e3c5-b6bb-411a-b6e0-9449d5355f86.dmp	2	43598256	3,4,5,6,7,12,14,15,16,24,1129316353	19108	1786043735	2026-08-06T14:15:35	1786043792	2026-08-06T14:16:32	10.0.19045	16	221	143	13290	22	41029	0x7FF6505C0000	0x7FFD31850000	0	0x7FFD3B150000	0x7FFD3A990000	0x7FFD38C80000	0x7FFD39160000	0x7FFD39920000	0x7FFD3ADF0000	0x7FFD3A8D0000	0xC0000005	0x7FFD3B400001	2	0x8	0x7FFD3B400001	0x7FFD3B400001					AV+EXEC+PLUS1	0x7FFD3B400000	0x7000	COMMIT	IMAGE	READONLY	EXECUTE_WRITECOPY	0x7FFD3B400000	15	0x4066000	4	0
a1f65db2-7bf4-4b55-87a9-c48b1ad80ca4.dmp	dumps/crashpad-20260807-174435-s112c-ctl-19/reports/a1f65db2-7bf4-4b55-87a9-c48b1ad80ca4.dmp	2	44109072	3,4,5,6,7,12,14,15,16,24,1129316353	4968	1786142393	2026-08-07T17:39:53	1786142654	2026-08-07T17:44:14	10.0.19045	16	221	145	16757	22	44959	0x7FF6505C0000	0x7FFD31820000	0	0x7FFD3B150000	0x7FFD3A990000	0x7FFD38C80000	0x7FFD39160000	0x7FFD39920000	0x7FFD3ADF0000	0x7FFD3A8D0000	0xC0000005	0x7FFD3B400001	2	0x8	0x7FFD3B400001	0x7FFD3B400001					AV+EXEC+PLUS1	0x7FFD3B400000	0x7000	COMMIT	IMAGE	READONLY	EXECUTE_WRITECOPY	0x7FFD3B400000	15	0x4066000	4	0
a47d0a7c-bcc9-4348-b1ca-e2ed8155efdb.dmp	dumps/crashpad-20260807-165231-s112c-ctl-11/reports/a47d0a7c-bcc9-4348-b1ca-e2ed8155efdb.dmp	2	42137520	3,4,5,6,7,12,14,15,16,24,1129316353	41628	1786139285	2026-08-07T16:48:05	1786139530	2026-08-07T16:52:10	10.0.19045	16	220	121	10671	26	60993	0x7FF6505C0000	0x7FFD31830000	0	0x7FFD3B150000	0x7FFD3A990000	0x7FFD38C80000	0x7FFD39160000	0x7FFD39920000	0x7FFD3ADF0000	0x7FFD3A8D0000	0xC0000005	0x7FFD3B400001	2	0x8	0x7FFD3B400001	0x7FFD3B400001					AV+EXEC+PLUS1	0x7FFD3B400000	0x7000	COMMIT	IMAGE	READONLY	EXECUTE_WRITECOPY	0x7FFD3B400000	15	0x4066000	4	0
a55d2d2e-a45e-497f-9396-e5685b494d92.dmp	dumps/crashpad-20260820-010158-s130-cdopoke-att1/reports/a55d2d2e-a45e-497f-9396-e5685b494d92.dmp	2	41292688	3,4,5,6,7,12,14,15,16,24,1129316353	32144	1787205542	2026-08-20T00:59:02	1787205680	2026-08-20T01:01:20	10.0.19045	16	220	123	9410	22	43020	0x7FF7C4050000	0x7FFB4C9C0000	0	0x7FFB57050000	0x7FFB56630000	0x7FFB54B00000	0x7FFB562C0000	0x7FFB55F60000	0x7FFB55CC0000	0x7FFB55EB0000	0xC0000005	0x7FFB57400001	2	0x8	0x7FFB57400001	0x7FFB57400001					AV+EXEC+PLUS1	0x7FFB57400000	0x7000	COMMIT	IMAGE	READONLY	EXECUTE_WRITECOPY	0x7FFB57400000	15	0x4066000	4	0
a62a2996-353f-4a30-8f4c-1708fc4e3081.dmp	dumps/crashpad-20260806-000010-s111ab-B3r5/reports/a62a2996-353f-4a30-8f4c-1708fc4e3081.dmp	2	43432704	3,4,5,6,7,12,14,15,16,24,1129316353	28704	1785992377	2026-08-05T23:59:37	1785992408	2026-08-06T00:00:08	10.0.19045	16	220	151	13781	22	33050	0x7FF6505C0000	0x7FFD31830000	0	0x7FFD3B150000	0x7FFD3A990000	0x7FFD38C80000	0x7FFD39160000	0x7FFD39920000	0x7FFD3ADF0000	0x7FFD3A8D0000	0xC0000005	0x242ADAF205D	2	0x0	0x2438E600000	0x242ADAF205D					AV+READ	0x242ADAF0000	0x2B000	COMMIT	PRIVATE	EXECUTE_READWRITE	EXECUTE_READWRITE	0x242ADAF0000	1	0x2B000	1	0
a687645b-ff33-4ecf-8787-1ad7d96a3560.dmp	dumps/crashpad-20260808-124317-s112p3-ctl-03/reports/a687645b-ff33-4ecf-8787-1ad7d96a3560.dmp	2	42918304	3,4,5,6,7,12,14,15,16,24,1129316353	49212	1786210478	2026-08-08T12:34:38	1786210974	2026-08-08T12:42:54	10.0.19045	16	220	123	11214	32	76374	0x7FF6505C0000	0x7FFD05AD0000	0	0x7FFD3B150000	0x7FFD3A990000	0x7FFD38C80000	0x7FFD39160000	0x7FFD39920000	0x7FFD3ADF0000	0x7FFD3A8D0000	0xC0000005	0x7FFD3B400001	2	0x8	0x7FFD3B400001	0x7FFD3B400001					AV+EXEC+PLUS1	0x7FFD3B400000	0x7000	COMMIT	IMAGE	READONLY	EXECUTE_WRITECOPY	0x7FFD3B400000	15	0x4066000	4	0
ad42bf28-4082-4a60-ad89-116e1070654a.dmp	dumps/crashpad-20260807-165613-s112c-ctl-12/reports/ad42bf28-4082-4a60-ad89-116e1070654a.dmp	2	43796240	3,4,5,6,7,12,14,15,16,24,1129316353	15816	1786139562	2026-08-07T16:52:42	1786139751	2026-08-07T16:55:51	10.0.19045	16	220	139	16041	22	43434	0x7FF6505C0000	0x7FFD31830000	0	0x7FFD3B150000	0x7FFD3A990000	0x7FFD38C80000	0x7FFD39160000	0x7FFD39920000	0x7FFD3ADF0000	0x7FFD3A8D0000	0xC0000005	0x7FFD3B400001	2	0x8	0x7FFD3B400001	0x7FFD3B400001					AV+EXEC+PLUS1	0x7FFD3B400000	0x7000	COMMIT	IMAGE	READONLY	EXECUTE_WRITECOPY	0x7FFD3B400000	15	0x4066000	4	0
b64c7089-b1d8-4ae3-bea0-d023ea6d2ecd.dmp	dumps/crashpad-20260806-001638-s111ab-A4r2/reports/b64c7089-b1d8-4ae3-bea0-d023ea6d2ecd.dmp	2	41404800	3,4,5,6,7,12,14,15,16,24,1129316353	27160	1785993334	2026-08-06T00:15:34	1785993363	2026-08-06T00:16:03	10.0.19045	16	220	137	15177	22	37073	0x7FF6505C0000	0x7FFD31830000	0	0x7FFD3B150000	0x7FFD3A990000	0x7FFD38C80000	0x7FFD39160000	0x7FFD39920000	0x7FFD3ADF0000	0x7FFD3A8D0000	0xC0000005	0x7FFD3B400001	2	0x8	0x7FFD3B400001	0x7FFD3B400001					AV+EXEC+PLUS1	0x7FFD3B400000	0x7000	COMMIT	IMAGE	READONLY	EXECUTE_WRITECOPY	0x7FFD3B400000	15	0x4066000	4	0
b7173bfa-8453-4e05-8b2c-28c8d471fdde.dmp	dumps/crashpad-20260808-005413-s112p2-foSTD-03/reports/b7173bfa-8453-4e05-8b2c-28c8d471fdde.dmp	2	41633936	3,4,5,6,7,12,14,15,16,24,1129316353	37200	1786168261	2026-08-08T00:51:01	1786168430	2026-08-08T00:53:50	10.0.19045	16	220	124	14965	22	44242	0x7FF6505C0000	0x7FFD2A200000	0	0x7FFD3B150000	0x7FFD3A990000	0x7FFD38C80000	0x7FFD39160000	0x7FFD39920000	0x7FFD3ADF0000	0x7FFD3A8D0000	0xC0000005	0x7FFD3B400001	2	0x8	0x7FFD3B400001	0x7FFD3B400001					AV+EXEC+PLUS1	0x7FFD3B400000	0x7000	COMMIT	IMAGE	READONLY	EXECUTE_WRITECOPY	0x7FFD3B400000	15	0x4066000	4	0
b726dea8-4bbe-4f54-8a79-3bc6bf111496.dmp	dumps/crashpad-20260805-025508-tutr1-DEATH/reports/b726dea8-4bbe-4f54-8a79-3bc6bf111496.dmp	2	43752112	3,4,5,6,7,12,14,15,16,24,1129316353	21140	1785916225	2026-08-05T02:50:25	1785916494	2026-08-05T02:54:54	10.0.19045	16	221	139	15237	22	44753	0x7FF681610000	0x7FFD31810000	0	0x7FFD3B150000	0x7FFD3A990000	0x7FFD38C80000	0x7FFD39160000	0x7FFD39920000	0x7FFD3ADF0000	0x7FFD3A8D0000	0xC0000005	0x7FFD3B400001	2	0x8	0x7FFD3B400001	0x7FFD3B400001					AV+EXEC+PLUS1	0x7FFD3B400000	0x7000	COMMIT	IMAGE	READONLY	EXECUTE_WRITECOPY	0x7FFD3B400000	15	0x4066000	4	0
b869ecda-0839-49e3-afad-da4159dcc675.dmp	dumps/crashpad-20260805-143222-s110itemwatch/reports/b869ecda-0839-49e3-afad-da4159dcc675.dmp	2	41642480	3,4,5,6,7,12,14,15,16,24,1129316353	48092	1785957655	2026-08-05T14:20:55	1785958089	2026-08-05T14:28:09	10.0.19045	16	221	123	14705	22	45039	0x7FF681610000	0x7FFCE5B90000	0	0x7FFD3B150000	0x7FFD3A990000	0x7FFD38C80000	0x7FFD39160000	0x7FFD39920000	0x7FFD3ADF0000	0x7FFD3A8D0000	0xC0000005	0x7FFD3B400001	2	0x8	0x7FFD3B400001	0x7FFD3B400001					AV+EXEC+PLUS1	0x7FFD3B400000	0x7000	COMMIT	IMAGE	READONLY	EXECUTE_WRITECOPY	0x7FFD3B400000	15	0x4066000	4	0
bb194a01-f055-444a-9566-28d1250ba323.dmp	dumps/crashpad-20260808-020230-s112d-repro-04/reports/bb194a01-f055-444a-9566-28d1250ba323.dmp	2	41698496	3,4,5,6,7,12,14,15,16,24,1129316353	46520	1786172387	2026-08-08T01:59:47	1786172529	2026-08-08T02:02:09	10.0.19045	16	220	128	17559	22	44518	0x7FF6505C0000	0x7FFD2A200000	0	0x7FFD3B150000	0x7FFD3A990000	0x7FFD38C80000	0x7FFD39160000	0x7FFD39920000	0x7FFD3ADF0000	0x7FFD3A8D0000	0xC0000005	0x7FFD3B400001	2	0x8	0x7FFD3B400001	0x7FFD3B400001					AV+EXEC+PLUS1	0x7FFD3B400000	0x7000	COMMIT	IMAGE	READONLY	EXECUTE_WRITECOPY	0x7FFD3B400000	15	0x4066000	4	0
bdb58e25-cc17-4c4e-b0d9-4f76a6a77ce3.dmp	dumps/crashpad-20260807-170619-s112c-ctl-14/reports/bdb58e25-cc17-4c4e-b0d9-4f76a6a77ce3.dmp	2	43814896	3,4,5,6,7,12,14,15,16,24,1129316353	55312	1786140069	2026-08-07T17:01:09	1786140352	2026-08-07T17:05:52	10.0.19045	16	221	139	13890	22	44478	0x7FF6505C0000	0x7FFD31800000	0	0x7FFD3B150000	0x7FFD3A990000	0x7FFD38C80000	0x7FFD39160000	0x7FFD39920000	0x7FFD3ADF0000	0x7FFD3A8D0000	0xC0000005	0x7FFD3B400001	2	0x8	0x7FFD3B400001	0x7FFD3B400001					AV+EXEC+PLUS1	0x7FFD3B400000	0x7000	COMMIT	IMAGE	READONLY	EXECUTE_WRITECOPY	0x7FFD3B400000	15	0x4066000	4	0
bf1d39c0-4304-45a5-bf2e-42ec00a6c339.dmp	dumps/crashpad-20260814-155319/reports/bf1d39c0-4304-45a5-bf2e-42ec00a6c339.dmp	1	41364880	3,4,5,6,7,12,14,15,16,24,1129316353	23676	1786740541	2026-08-14T15:49:01	1786740594	2026-08-14T15:49:54	10.0.19045	16	220	125	14996	22	42195	0x7FF7BFF50000	0x7FFA36F90000	0	0x7FFA422D0000	0x7FFA415A0000	0x7FFA3FE20000	0x7FFA41670000	0x7FFA418C0000	0x7FFA420A0000	0x7FFA41DE0000	0xC0000005	0x2B2839218E2	2	0x0	0x7FF7FFF50000	0x2B2839218E2					AV+READ	0x2B283920000	0x25000	COMMIT	PRIVATE	EXECUTE_READWRITE	EXECUTE_READWRITE	0x2B283920000	1	0x25000	1	0
c00ded16-fa8a-4b05-8039-9d8f43b589f9.dmp	dumps/crashpad-20260808-124646-s112p3-ctl-04/reports/c00ded16-fa8a-4b05-8039-9d8f43b589f9.dmp	2	41465632	3,4,5,6,7,12,14,15,16,24,1129316353	57636	1786211012	2026-08-08T12:43:32	1786211182	2026-08-08T12:46:22	10.0.19045	16	220	123	14471	22	43948	0x7FF6505C0000	0x7FFD339C0000	0	0x7FFD3B150000	0x7FFD3A990000	0x7FFD38C80000	0x7FFD39160000	0x7FFD39920000	0x7FFD3ADF0000	0x7FFD3A8D0000	0xC0000005	0x7FFD3B400001	2	0x8	0x7FFD3B400001	0x7FFD3B400001					AV+EXEC+PLUS1	0x7FFD3B400000	0x7000	COMMIT	IMAGE	READONLY	EXECUTE_WRITECOPY	0x7FFD3B400000	15	0x4066000	4	0
c196f23e-b89c-48e2-8904-034e329640d9.dmp	dumps/crashpad-20260809-012451-s112ship-07/reports/c196f23e-b89c-48e2-8904-034e329640d9.dmp	2	43663616	3,4,5,6,7,12,14,15,16,24,1129316353	51348	1786256492	2026-08-09T01:21:32	1786256661	2026-08-09T01:24:21	10.0.19045	16	220	137	13395	22	43594	0x7FF628720000	0x7FFD339A0000	0	0x7FFD3B150000	0x7FFD3A990000	0x7FFD38C80000	0x7FFD39160000	0x7FFD39920000	0x7FFD3ADF0000	0x7FFD3A8D0000	0xC0000005	0x7FFD3B400001	2	0x8	0x7FFD3B400001	0x7FFD3B400001					AV+EXEC+PLUS1	0x7FFD3B400000	0x7000	COMMIT	IMAGE	READONLY	EXECUTE_WRITECOPY	0x7FFD3B400000	15	0x4066000	4	0
c2e68cd7-c0a7-44d4-830c-3afb2717818a.dmp	dumps/crashpad-20260806-173429-s111arme-E8b_1/reports/c2e68cd7-c0a7-44d4-830c-3afb2717818a.dmp	2	43653728	3,4,5,6,7,12,14,15,16,24,1129316353	13532	1786055438	2026-08-06T17:30:38	1786055655	2026-08-06T17:34:15	10.0.19045	16	220	139	14541	22	41044	0x7FF6505C0000	0x7FFD329E0000	0	0x7FFD3B150000	0x7FFD3A990000	0x7FFD38C80000	0x7FFD39160000	0x7FFD39920000	0x7FFD3ADF0000	0x7FFD3A8D0000	0xC0000005	0x7FFD3B400001	2	0x8	0x7FFD3B400001	0x7FFD3B400001					AV+EXEC+PLUS1	0x7FFD3B400000	0x7000	COMMIT	IMAGE	READONLY	EXECUTE_WRITECOPY	0x7FFD3B400000	15	0x4066000	4	0
c3b1b52c-7dd7-4b9c-9160-778908d1084a.dmp	dumps/crashpad-20260805-234559-s111ab-B2r2/reports/c3b1b52c-7dd7-4b9c-9160-778908d1084a.dmp	2	41256144	3,4,5,6,7,12,14,15,16,24,1129316353	52736	1785991538	2026-08-05T23:45:38	1785991556	2026-08-05T23:45:56	10.0.19045	16	220	144	13823	22	31331	0x7FF6505C0000	0x7FFD31830000	0	0x7FFD3B150000	0x7FFD3A990000	0x7FFD38C80000	0x7FFD39160000	0x7FFD39920000	0x7FFD3ADF0000	0x7FFD3A8D0000	0xC0000005	0x1ECC170205D	2	0x0	0x1ED3F2BE000	0x1ECC170205D					AV+READ	0x1ECC1700000	0x2B000	COMMIT	PRIVATE	EXECUTE_READWRITE	EXECUTE_READWRITE	0x1ECC1700000	1	0x2B000	1	0
c542a1e1-aa1e-4b1c-a43b-d3c47c027a91.dmp	dumps/crashpad-20260819-205709-s128-fk31-longpark/reports/c542a1e1-aa1e-4b1c-a43b-d3c47c027a91.dmp	2	42001216	3,4,5,6,7,12,14,15,16,24,1129316353	15320	1787187689	2026-08-19T20:01:29	1787191011	2026-08-19T20:56:51	10.0.19045	16	220	121	16049	22	48047	0x7FF7B86D0000	0x7FFB4C140000	0	0x7FFB57050000	0x7FFB56630000	0x7FFB54B00000	0x7FFB562C0000	0x7FFB55F60000	0x7FFB55CC0000	0x7FFB55EB0000	0xC0000005	0x7FFB57400001	2	0x8	0x7FFB57400001	0x7FFB57400001					AV+EXEC+PLUS1	0x7FFB57400000	0x7000	COMMIT	IMAGE	READONLY	EXECUTE_WRITECOPY	0x7FFB57400000	15	0x4066000	4	0
c62fdc53-3456-46b3-b4fb-bb157363c055.dmp	dumps/crashpad-20260806-003438-s111ab-A5r6/reports/c62fdc53-3456-46b3-b4fb-bb157363c055.dmp	2	40834976	3,4,5,6,7,12,14,15,16,24,1129316353	47840	1785994443	2026-08-06T00:34:03	1785994465	2026-08-06T00:34:25	10.0.19045	16	220	139	13179	22	31349	0x7FF6505C0000	0x7FFD31820000	0	0x7FFD3B150000	0x7FFD3A990000	0x7FFD38C80000	0x7FFD39160000	0x7FFD39920000	0x7FFD3ADF0000	0x7FFD3A8D0000	0xC0000005	0x7FFD3B400001	2	0x8	0x7FFD3B400001	0x7FFD3B400001					AV+EXEC+PLUS1	0x7FFD3B400000	0x7000	COMMIT	IMAGE	READONLY	EXECUTE_WRITECOPY	0x7FFD3B400000	15	0x4066000	4	0
c82826bf-3edd-4997-8000-8c5da1979c2c.dmp	dumps/crashpad-20260819-193650-s127-fk31-staging-death/reports/c82826bf-3edd-4997-8000-8c5da1979c2c.dmp	2	42197552	3,4,5,6,7,12,14,15,16,24,1129316353	30400	1787181359	2026-08-19T18:15:59	1787186187	2026-08-19T19:36:27	10.0.19045	16	220	122	18429	60	50018	0x7FF7B86D0000	0x7FFB39B80000	0	0x7FFB57050000	0x7FFB56630000	0x7FFB54B00000	0x7FFB562C0000	0x7FFB55F60000	0x7FFB55CC0000	0x7FFB55EB0000	0xC0000005	0x7FFB57400001	2	0x8	0x7FFB57400001	0x7FFB57400001					AV+EXEC+PLUS1	0x7FFB57400000	0x7000	COMMIT	IMAGE	READONLY	EXECUTE_WRITECOPY	0x7FFB57400000	15	0x4066000	4	0
c8c41a6a-ef80-400d-b9ee-3c6492f83c88.dmp	dumps/crashpad-20260807-184856-s112c-ctl-27/reports/c8c41a6a-ef80-400d-b9ee-3c6492f83c88.dmp	2	42154272	3,4,5,6,7,12,14,15,16,24,1129316353	31668	1786146222	2026-08-07T18:43:42	1786146515	2026-08-07T18:48:35	10.0.19045	16	221	128	15027	22	54247	0x7FF6505C0000	0x7FFD31830000	0	0x7FFD3B150000	0x7FFD3A990000	0x7FFD38C80000	0x7FFD39160000	0x7FFD39920000	0x7FFD3ADF0000	0x7FFD3A8D0000	0xC0000005	0x7FFD3B400001	2	0x8	0x7FFD3B400001	0x7FFD3B400001					AV+EXEC+PLUS1	0x7FFD3B400000	0x7000	COMMIT	IMAGE	READONLY	EXECUTE_WRITECOPY	0x7FFD3B400000	15	0x4066000	4	0
c9a85003-95c5-4ae8-86b4-918e2d6c66c2.dmp	dumps/crashpad-20260805-030527-tutr3-DEATH/reports/c9a85003-95c5-4ae8-86b4-918e2d6c66c2.dmp	2	43810800	3,4,5,6,7,12,14,15,16,24,1129316353	42124	1785916827	2026-08-05T03:00:27	1785917112	2026-08-05T03:05:12	10.0.19045	16	221	137	14520	22	44883	0x7FF681610000	0x7FFD23250000	0	0x7FFD3B150000	0x7FFD3A990000	0x7FFD38C80000	0x7FFD39160000	0x7FFD39920000	0x7FFD3ADF0000	0x7FFD3A8D0000	0xC0000005	0x7FFD3B400001	2	0x8	0x7FFD3B400001	0x7FFD3B400001					AV+EXEC+PLUS1	0x7FFD3B400000	0x7000	COMMIT	IMAGE	READONLY	EXECUTE_WRITECOPY	0x7FFD3B400000	15	0x4066000	4	0
cfdd0096-f4a8-4c5d-850f-f551e7d83634.dmp	dumps/crashpad-20260805-233911-s111ab-A1r1/reports/cfdd0096-f4a8-4c5d-850f-f551e7d83634.dmp	2	43731120	3,4,5,6,7,12,14,15,16,24,1129316353	56648	1785991124	2026-08-05T23:38:44	1785991149	2026-08-05T23:39:09	10.0.19045	16	220	151	13579	22	40851	0x7FF6505C0000	0x7FFD317C0000	0	0x7FFD3B150000	0x7FFD3A990000	0x7FFD38C80000	0x7FFD39160000	0x7FFD39920000	0x7FFD3ADF0000	0x7FFD3A8D0000	0xC0000005	0x7FFD3B400001	2	0x8	0x7FFD3B400001	0x7FFD3B400001					AV+EXEC+PLUS1	0x7FFD3B400000	0x7000	COMMIT	IMAGE	READONLY	EXECUTE_WRITECOPY	0x7FFD3B400000	15	0x4066000	4	0
cfedb35e-9eba-46d9-ace6-e0b32b9c98a8.dmp	dumps/crashpad-20260805-235818-s111ab-B3r3/reports/cfedb35e-9eba-46d9-ace6-e0b32b9c98a8.dmp	6	8201408	3,4,5,6,7,12,14,15,16,24,1129316353	47804	1785992286	2026-08-05T23:58:06	1785992295	2026-08-05T23:58:15	10.0.19045	16	204	149	7578	22	20929	0x7FF6505C0000	0x7FFD31830000	0	0x7FFD3B150000	0x7FFD3A990000	0x7FFD38C80000	0x7FFD39160000	0x7FFD39920000	0x7FFD3ADF0000	0x7FFD3A8D0000	0xC0000005	0x7FFD3B400001	2	0x8	0x7FFD3B400001	0x7FFD3B400001					AV+EXEC+PLUS1	0x7FFD3B400000	0x7000	COMMIT	IMAGE	READONLY	EXECUTE_WRITECOPY	0x7FFD3B400000	15	0x4066000	4	0
d54eb8a3-6dcb-442a-9433-9b1f971e61fe.dmp	dumps/crashpad-20260806-172150-s111arme-E5_1/reports/d54eb8a3-6dcb-442a-9433-9b1f971e61fe.dmp	2	43552688	3,4,5,6,7,12,14,15,16,24,1129316353	31256	1786054764	2026-08-06T17:19:24	1786054897	2026-08-06T17:21:37	10.0.19045	16	220	136	15512	22	40885	0x7FF6505C0000	0x7FFD31850000	0	0x7FFD3B150000	0x7FFD3A990000	0x7FFD38C80000	0x7FFD39160000	0x7FFD39920000	0x7FFD3ADF0000	0x7FFD3A8D0000	0xC0000005	0x7FFD3B400001	2	0x8	0x7FFD3B400001	0x7FFD3B400001					AV+EXEC+PLUS1	0x7FFD3B400000	0x7000	COMMIT	IMAGE	READONLY	EXECUTE_WRITECOPY	0x7FFD3B400000	15	0x4066000	4	0
d58a6916-9a4b-402d-89bf-d4753e4eef6b.dmp	dumps/crashpad-20260806-181618-s111bisect-E1b_1/reports/d58a6916-9a4b-402d-89bf-d4753e4eef6b.dmp	2	41301552	3,4,5,6,7,12,14,15,16,24,1129316353	13876	1786058077	2026-08-06T18:14:37	1786058166	2026-08-06T18:16:06	10.0.19045	16	220	122	14655	22	40907	0x7FF6505C0000	0x7FFD1FA70000	0	0x7FFD3B150000	0x7FFD3A990000	0x7FFD38C80000	0x7FFD39160000	0x7FFD39920000	0x7FFD3ADF0000	0x7FFD3A8D0000	0xC0000005	0x7FFD3B400001	2	0x8	0x7FFD3B400001	0x7FFD3B400001					AV+EXEC+PLUS1	0x7FFD3B400000	0x7000	COMMIT	IMAGE	READONLY	EXECUTE_WRITECOPY	0x7FFD3B400000	15	0x4066000	4	0
d5ac2037-1e6a-4f2d-b5d4-4a8e2e8c65e9.dmp	dumps/crashpad-20260815-200837-s121-stats-test/reports/d5ac2037-1e6a-4f2d-b5d4-4a8e2e8c65e9.dmp	2	41271200	3,4,5,6,7,12,14,15,16,24,1129316353	48604	1786842314	2026-08-15T20:05:14	1786842393	2026-08-15T20:06:33	10.0.19045	16	221	127	12383	22	40439	0x7FF7BFF50000	0x7FFA10720000	0	0x7FFA422D0000	0x7FFA415A0000	0x7FFA3FE20000	0x7FFA41670000	0x7FFA418C0000	0x7FFA420A0000	0x7FFA41DE0000	0xC0000005	0x7FFA42600001	2	0x8	0x7FFA42600001	0x7FFA42600001					AV+EXEC+PLUS1	0x7FFA42600000	0x7000	COMMIT	IMAGE	READONLY	EXECUTE_WRITECOPY	0x7FFA42600000	15	0x4066000	4	0
d6af67a2-baa5-43c9-822a-63d42a508eea.dmp	dumps/crashpad-20260806-002506-s111ab-B5r3/reports/d6af67a2-baa5-43c9-822a-63d42a508eea.dmp	2	43150960	3,4,5,6,7,12,14,15,16,24,1129316353	39716	1785993835	2026-08-06T00:23:55	1785993852	2026-08-06T00:24:12	10.0.19045	16	210	157	14192	22	27739	0x7FF6505C0000	0x7FFD23270000	0	0x7FFD3B150000	0x7FFD3A990000	0x7FFD38C80000	0x7FFD39160000	0x7FFD39920000	0x7FFD3ADF0000	0x7FFD3A8D0000	0xC0000005	0x7FFD3B400001	2	0x8	0x7FFD3B400001	0x7FFD3B400001					AV+EXEC+PLUS1	0x7FFD3B400000	0x7000	COMMIT	IMAGE	READONLY	EXECUTE_WRITECOPY	0x7FFD3B400000	15	0x4066000	4	0
d9a2e984-8d4e-46f1-9177-90a668fa926e.dmp	dumps/crashpad-20260804-230452-sub-NoMissions-3-DEATH/reports/d9a2e984-8d4e-46f1-9177-90a668fa926e.dmp	3	42958384	3,4,5,6,7,12,14,15,16,24,1129316353	44428	1785902654	2026-08-04T23:04:14	1785902683	2026-08-04T23:04:43	10.0.19045	16	210	158	10211	22	25118	0x7FF7E3CB0000	0x7FFD31850000	0	0x7FFD3B150000	0x7FFD3A990000	0x7FFD38C80000	0x7FFD39160000	0x7FFD39920000	0x7FFD3ADF0000	0x7FFD3A8D0000	0xC0000005	0x7FFD3B400001	2	0x8	0x7FFD3B400001	0x7FFD3B400001					AV+EXEC+PLUS1	0x7FFD3B400000	0x7000	COMMIT	IMAGE	READONLY	EXECUTE_WRITECOPY	0x7FFD3B400000	15	0x4066000	4	0
dc056ebe-d854-4d87-b06e-ddb9be0aad15.dmp	dumps/crashpad-20260806-002847-s111ab-B5r6/reports/dc056ebe-d854-4d87-b06e-ddb9be0aad15.dmp	2	41277408	3,4,5,6,7,12,14,15,16,24,1129316353	37572	1785994063	2026-08-06T00:27:43	1785994093	2026-08-06T00:28:13	10.0.19045	16	220	132	16278	22	36757	0x7FF6505C0000	0x7FFD31830000	0	0x7FFD3B150000	0x7FFD3A990000	0x7FFD38C80000	0x7FFD39160000	0x7FFD39920000	0x7FFD3ADF0000	0x7FFD3A8D0000	0xC0000005	0x181BAD5205D	2	0x0	0x1831BA7E810	0x181BAD5205D					AV+READ	0x181BAD50000	0x2B000	COMMIT	PRIVATE	EXECUTE_READWRITE	EXECUTE_READWRITE	0x181BAD50000	1	0x2B000	1	0
dc25f2aa-c40b-46e2-898f-6637a94b18d4.dmp	dumps/crashpad-20260808-014950-s112d-repro-02/reports/dc25f2aa-c40b-46e2-898f-6637a94b18d4.dmp	2	41942416	3,4,5,6,7,12,14,15,16,24,1129316353	26088	1786171623	2026-08-08T01:47:03	1786171768	2026-08-08T01:49:28	10.0.19045	16	220	129	12835	22	51402	0x7FF6505C0000	0x7FFD329D0000	0	0x7FFD3B150000	0x7FFD3A990000	0x7FFD38C80000	0x7FFD39160000	0x7FFD39920000	0x7FFD3ADF0000	0x7FFD3A8D0000	0xC0000005	0x7FFD3B400001	2	0x8	0x7FFD3B400001	0x7FFD3B400001					AV+EXEC+PLUS1	0x7FFD3B400000	0x7000	COMMIT	IMAGE	READONLY	EXECUTE_WRITECOPY	0x7FFD3B400000	15	0x4066000	4	0
dd2d111b-e7c3-4cac-9107-1a0ec7f8c7a4.dmp	dumps/crashpad-20260808-010352-s112p2-foSTD-05/reports/dd2d111b-e7c3-4cac-9107-1a0ec7f8c7a4.dmp	2	43961424	3,4,5,6,7,12,14,15,16,24,1129316353	27792	1786168677	2026-08-08T00:57:57	1786168898	2026-08-08T01:01:38	10.0.19045	16	220	140	16051	22	44964	0x7FF6505C0000	0x7FFD2A210000	0	0x7FFD3B150000	0x7FFD3A990000	0x7FFD38C80000	0x7FFD39160000	0x7FFD39920000	0x7FFD3ADF0000	0x7FFD3A8D0000	0xC0000005	0x7FFD3B400001	2	0x8	0x7FFD3B400001	0x7FFD3B400001					AV+EXEC+PLUS1	0x7FFD3B400000	0x7000	COMMIT	IMAGE	READONLY	EXECUTE_WRITECOPY	0x7FFD3B400000	15	0x4066000	4	0
df6dbec2-8ca4-4021-b71c-18cff8be8ff5.dmp	dumps/crashpad-20260806-222109-s111ab-P2r5/reports/df6dbec2-8ca4-4021-b71c-18cff8be8ff5.dmp	98	7907536	3,4,5,6,7,12,14,15,16,24,1129316353	57024	1786072844	2026-08-06T22:20:44	1786072858	2026-08-06T22:20:58	10.0.19045	16	198	146	5243	22	18194	0x7FF6505C0000	0x7FFD22F90000	0	0x7FFD3B150000	0x7FFD3A990000	0x7FFD38C80000	0x7FFD39160000	0x7FFD39920000	0x7FFD3ADF0000	0x7FFD3A8D0000	0xC0000005	0x7FFD3B400001	2	0x8	0x7FFD3B400001	0x7FFD3B400001					AV+EXEC+PLUS1	0x7FFD3B400000	0x7000	COMMIT	IMAGE	READONLY	EXECUTE_WRITECOPY	0x7FFD3B400000	15	0x4066000	4	0
e0d14d37-b8b6-4612-baa4-fc75d36f9113.dmp	dumps/crashpad-20260805-173814-phase2-nostage/reports/e0d14d37-b8b6-4612-baa4-fc75d36f9113.dmp	2	41497664	3,4,5,6,7,12,14,15,16,24,1129316353	35328	1785969151	2026-08-05T17:32:31	1785969293	2026-08-05T17:34:53	10.0.19045	16	220	128	12471	25	43304	0x7FF681610000	0x7FFCEDFD0000	0	0x7FFD3B150000	0x7FFD3A990000	0x7FFD38C80000	0x7FFD39160000	0x7FFD39920000	0x7FFD3ADF0000	0x7FFD3A8D0000	0xC0000005	0x7FFD3B400001	2	0x8	0x7FFD3B400001	0x7FFD3B400001					AV+EXEC+PLUS1	0x7FFD3B400000	0x7000	COMMIT	IMAGE	READONLY	EXECUTE_WRITECOPY	0x7FFD3B400000	15	0x4066000	4	0
e0f7e621-bc08-4829-a4fe-4fc52b65c7b1.dmp	dumps/crashpad-20260806-170919-s111arme-E1_1/reports/e0f7e621-bc08-4829-a4fe-4fc52b65c7b1.dmp	2	43464160	3,4,5,6,7,12,14,15,16,24,1129316353	46352	1786054101	2026-08-06T17:08:21	1786054146	2026-08-06T17:09:06	10.0.19045	16	220	141	13193	22	40837	0x7FF6505C0000	0x7FFD23210000	0	0x7FFD3B150000	0x7FFD3A990000	0x7FFD38C80000	0x7FFD39160000	0x7FFD39920000	0x7FFD3ADF0000	0x7FFD3A8D0000	0xC0000005	0x7FFD3B400001	2	0x8	0x7FFD3B400001	0x7FFD3B400001					AV+EXEC+PLUS1	0x7FFD3B400000	0x7000	COMMIT	IMAGE	READONLY	EXECUTE_WRITECOPY	0x7FFD3B400000	15	0x4066000	4	0
e3a19655-df73-4b17-a690-2e3abcba1a41.dmp	dumps/crashpad-20260807-185217-s112c-trt-28/reports/e3a19655-df73-4b17-a690-2e3abcba1a41.dmp	2	43800912	3,4,5,6,7,12,14,15,16,24,1129316353	3912	1786146546	2026-08-07T18:49:06	1786146715	2026-08-07T18:51:55	10.0.19045	16	220	139	14585	22	44246	0x7FF6505C0000	0x7FFD2F7A0000	0	0x7FFD3B150000	0x7FFD3A990000	0x7FFD38C80000	0x7FFD39160000	0x7FFD39920000	0x7FFD3ADF0000	0x7FFD3A8D0000	0xC0000005	0x7FFD3B400001	2	0x8	0x7FFD3B400001	0x7FFD3B400001					AV+EXEC+PLUS1	0x7FFD3B400000	0x7000	COMMIT	IMAGE	READONLY	EXECUTE_WRITECOPY	0x7FFD3B400000	15	0x4066000	4	0
e744eeea-ecca-461f-b5a4-2db8ff45a3df.dmp	dumps/crashpad-20260805-020627-tut4-DEATH/reports/e744eeea-ecca-461f-b5a4-2db8ff45a3df.dmp	2	43780736	3,4,5,6,7,12,14,15,16,24,1129316353	40396	1785913312	2026-08-05T02:01:52	1785913573	2026-08-05T02:06:13	10.0.19045	16	221	141	12911	22	44287	0x7FF681610000	0x7FFCF9BE0000	0	0x7FFD3B150000	0x7FFD3A990000	0x7FFD38C80000	0x7FFD39160000	0x7FFD39920000	0x7FFD3ADF0000	0x7FFD3A8D0000	0xC0000005	0x7FFD3B400001	2	0x8	0x7FFD3B400001	0x7FFD3B400001					AV+EXEC+PLUS1	0x7FFD3B400000	0x7000	COMMIT	IMAGE	READONLY	EXECUTE_WRITECOPY	0x7FFD3B400000	15	0x4066000	4	0
e7d14df5-ddfb-4f74-902c-29acae9bb0ab.dmp	dumps/crashpad-20260804-230329-sub-NoMissions-1-DEATH/reports/e7d14df5-ddfb-4f74-902c-29acae9bb0ab.dmp	2	43312080	3,4,5,6,7,12,14,15,16,24,1129316353	40264	1785902565	2026-08-04T23:02:45	1785902596	2026-08-04T23:03:16	10.0.19045	16	220	151	13421	22	31460	0x7FF7E3CB0000	0x7FFD31850000	0	0x7FFD3B150000	0x7FFD3A990000	0x7FFD38C80000	0x7FFD39160000	0x7FFD39920000	0x7FFD3ADF0000	0x7FFD3A8D0000	0xC0000005	0x14BA020205D	2	0x0	0x14C921B0000	0x14BA020205D					AV+READ	0x14BA0200000	0x2B000	COMMIT	PRIVATE	EXECUTE_READWRITE	EXECUTE_READWRITE	0x14BA0200000	1	0x2B000	1	0
e8ad47c2-811e-4662-9893-c500041c5079.dmp	dumps/crashpad-20260815-161345/reports/e8ad47c2-811e-4662-9893-c500041c5079.dmp	6	7773712	3,4,5,6,7,12,14,15,16,24,1129316353	19620	1786828081	2026-08-15T16:08:01	1786828162	2026-08-15T16:09:22	10.0.19045	16	182	141	5199	42	17449	0x7FF7BFF50000	0x7FFA10720000	0	0x7FFA422D0000	0x7FFA415A0000	0x7FFA3FE20000	0x7FFA41670000	0x7FFA418C0000	0x7FFA420A0000	0x7FFA41DE0000	0xC0000005	0x7FFA42600001	2	0x8	0x7FFA42600001	0x7FFA42600001					AV+EXEC+PLUS1	0x7FFA42600000	0x7000	COMMIT	IMAGE	READONLY	EXECUTE_WRITECOPY	0x7FFA42600000	15	0x4066000	4	0
eaf9b644-c6d0-4361-91da-4a01110a7d3a.dmp	dumps/crashpad-20260807-204928-s112c-ctl-37/reports/eaf9b644-c6d0-4361-91da-4a01110a7d3a.dmp	2	41803264	3,4,5,6,7,12,14,15,16,24,1129316353	37100	1786153414	2026-08-07T20:43:34	1786153747	2026-08-07T20:49:07	10.0.19045	16	221	128	14414	22	45123	0x7FF6505C0000	0x7FFD329D0000	0	0x7FFD3B150000	0x7FFD3A990000	0x7FFD38C80000	0x7FFD39160000	0x7FFD39920000	0x7FFD3ADF0000	0x7FFD3A8D0000	0xC0000005	0x7FFD3B400001	2	0x8	0x7FFD3B400001	0x7FFD3B400001					AV+EXEC+PLUS1	0x7FFD3B400000	0x7000	COMMIT	IMAGE	READONLY	EXECUTE_WRITECOPY	0x7FFD3B400000	15	0x4066000	4	0
ec3d0203-bdc6-48fe-95d3-41578562caae.dmp	dumps/crashpad-20260806-171621-s111arme-E3_1/reports/ec3d0203-bdc6-48fe-95d3-41578562caae.dmp	2	43559760	3,4,5,6,7,12,14,15,16,24,1129316353	36164	1786054277	2026-08-06T17:11:17	1786054567	2026-08-06T17:16:07	10.0.19045	16	220	136	13911	22	41076	0x7FF6505C0000	0x7FFD23210000	0	0x7FFD3B150000	0x7FFD3A990000	0x7FFD38C80000	0x7FFD39160000	0x7FFD39920000	0x7FFD3ADF0000	0x7FFD3A8D0000	0xC0000005	0x7FFD3B400001	2	0x8	0x7FFD3B400001	0x7FFD3B400001					AV+EXEC+PLUS1	0x7FFD3B400000	0x7000	COMMIT	IMAGE	READONLY	EXECUTE_WRITECOPY	0x7FFD3B400000	15	0x4066000	4	0
ecab78dc-2216-4844-b2af-334e5ecebacc.dmp	dumps/crashpad-20260807-155046-s112-trt-01/reports/ecab78dc-2216-4844-b2af-334e5ecebacc.dmp	2	41396448	3,4,5,6,7,12,14,15,16,24,1129316353	30756	1786135644	2026-08-07T15:47:24	1786135805	2026-08-07T15:50:05	10.0.19045	16	220	125	14796	22	42067	0x7FF6505C0000	0x7FFCF20E0000	0	0x7FFD3B150000	0x7FFD3A990000	0x7FFD38C80000	0x7FFD39160000	0x7FFD39920000	0x7FFD3ADF0000	0x7FFD3A8D0000	0xC0000005	0x7FFD3B400001	2	0x8	0x7FFD3B400001	0x7FFD3B400001					AV+EXEC+PLUS1	0x7FFD3B400000	0x7000	COMMIT	IMAGE	READONLY	EXECUTE_WRITECOPY	0x7FFD3B400000	15	0x4066000	4	0
ed92742f-510b-4ea7-99ac-2b4583b481ce.dmp	dumps/crashpad-20260807-170058-s112c-ctl-13/reports/ed92742f-510b-4ea7-99ac-2b4583b481ce.dmp	2	43901264	3,4,5,6,7,12,14,15,16,24,1129316353	54404	1786139783	2026-08-07T16:56:23	1786140053	2026-08-07T17:00:53	10.0.19045	16	220	140	14927	22	44846	0x7FF6505C0000	0x7FFD31800000	0	0x7FFD3B150000	0x7FFD3A990000	0x7FFD38C80000	0x7FFD39160000	0x7FFD39920000	0x7FFD3ADF0000	0x7FFD3A8D0000	0xC0000005	0x7FFD3B400001	2	0x8	0x7FFD3B400001	0x7FFD3B400001					AV+EXEC+PLUS1	0x7FFD3B400000	0x7000	COMMIT	IMAGE	READONLY	EXECUTE_WRITECOPY	0x7FFD3B400000	15	0x4066000	4	0
f053db6e-082f-4628-9cb9-759f9240d7fe.dmp	dumps/crashpad-20260806-001359-s111ab-B4r6/reports/f053db6e-082f-4628-9cb9-759f9240d7fe.dmp	4	41131872	3,4,5,6,7,12,14,15,16,24,1129316353	55780	1785993099	2026-08-06T00:11:39	1785993117	2026-08-06T00:11:57	10.0.19045	16	220	135	15274	22	31459	0x7FF6505C0000	0x7FFD31830000	0	0x7FFD3B150000	0x7FFD3A990000	0x7FFD38C80000	0x7FFD39160000	0x7FFD39920000	0x7FFD3ADF0000	0x7FFD3A8D0000	0xC0000005	0x142AB8F205D	2	0x0	0x14372F59A10	0x142AB8F205D					AV+READ	0x142AB8F0000	0x2B000	COMMIT	PRIVATE	EXECUTE_READWRITE	EXECUTE_READWRITE	0x142AB8F0000	1	0x2B000	1	0
f24e021c-eb1f-4996-bc14-07f2e12587cb.dmp	dumps/crashpad-20260820-021954/reports/f24e021c-eb1f-4996-bc14-07f2e12587cb.dmp	1	41311888	3,4,5,6,7,12,14,15,16,24,1129316353	26604	1787210197	2026-08-20T02:16:37	1787210342	2026-08-20T02:19:02	10.0.19045	16	221	124	14130	22	39399	0x7FF630E90000	0x7FFB4CA90000	0	0x7FFB57050000	0x7FFB56630000	0x7FFB54B00000	0x7FFB562C0000	0x7FFB55F60000	0x7FFB55CC0000	0x7FFB55EB0000	0xC0000005	0x7FFB57400001	2	0x8	0x7FFB57400001	0x7FFB57400001					AV+EXEC+PLUS1	0x7FFB57400000	0x7000	COMMIT	IMAGE	READONLY	EXECUTE_WRITECOPY	0x7FFB57400000	15	0x4066000	4	0
f350db65-12ce-4ce1-b8be-a7565eb59828.dmp	dumps/crashpad-20260805-174425-phase2b-void/reports/f350db65-12ce-4ce1-b8be-a7565eb59828.dmp	2	41569744	3,4,5,6,7,12,14,15,16,24,1129316353	23240	1785969500	2026-08-05T17:38:20	1785969797	2026-08-05T17:43:17	10.0.19045	16	220	121	15730	22	44567	0x7FF681610000	0x7FFD23250000	0	0x7FFD3B150000	0x7FFD3A990000	0x7FFD38C80000	0x7FFD39160000	0x7FFD39920000	0x7FFD3ADF0000	0x7FFD3A8D0000	0xC0000005	0x7FFD3B400001	2	0x8	0x7FFD3B400001	0x7FFD3B400001					AV+EXEC+PLUS1	0x7FFD3B400000	0x7000	COMMIT	IMAGE	READONLY	EXECUTE_WRITECOPY	0x7FFD3B400000	15	0x4066000	4	0
f6b5e184-a62a-4965-9f65-12bb7b232809.dmp	dumps/crashpad-20260805-022400-tuta1-DEATH/reports/f6b5e184-a62a-4965-9f65-12bb7b232809.dmp	2	43693344	3,4,5,6,7,12,14,15,16,24,1129316353	42216	1785914332	2026-08-05T02:18:52	1785914629	2026-08-05T02:23:49	10.0.19045	16	221	141	14844	22	44122	0x7FF681610000	0x7FFD1EC80000	0	0x7FFD3B150000	0x7FFD3A990000	0x7FFD38C80000	0x7FFD39160000	0x7FFD39920000	0x7FFD3ADF0000	0x7FFD3A8D0000	0xC0000005	0x7FFD3B400001	2	0x8	0x7FFD3B400001	0x7FFD3B400001					AV+EXEC+PLUS1	0x7FFD3B400000	0x7000	COMMIT	IMAGE	READONLY	EXECUTE_WRITECOPY	0x7FFD3B400000	15	0x4066000	4	0
f9a421b3-52e9-45d1-bf87-79d0422fc8be.dmp	dumps/crashpad-20260807-161310-s112c-ctl-03/reports/f9a421b3-52e9-45d1-bf87-79d0422fc8be.dmp	2	41546032	3,4,5,6,7,12,14,15,16,24,1129316353	43228	1786136884	2026-08-07T16:08:04	1786137053	2026-08-07T16:10:53	10.0.19045	16	220	122	14573	22	43830	0x7FF6505C0000	0x7FFD2F7A0000	0	0x7FFD3B150000	0x7FFD3A990000	0x7FFD38C80000	0x7FFD39160000	0x7FFD39920000	0x7FFD3ADF0000	0x7FFD3A8D0000	0xC0000005	0x7FFD3B400001	2	0x8	0x7FFD3B400001	0x7FFD3B400001					AV+EXEC+PLUS1	0x7FFD3B400000	0x7000	COMMIT	IMAGE	READONLY	EXECUTE_WRITECOPY	0x7FFD3B400000	15	0x4066000	4	0
fb683a78-0e83-4578-8ffb-e71219426461.dmp	dumps/crashpad-20260806-003354-s111ab-A5r5/reports/fb683a78-0e83-4578-8ffb-e71219426461.dmp	2	43472832	3,4,5,6,7,12,14,15,16,24,1129316353	44184	1785994400	2026-08-06T00:33:20	1785994421	2026-08-06T00:33:41	10.0.19045	16	220	157	14545	22	31345	0x7FF6505C0000	0x7FFD31830000	0	0x7FFD3B150000	0x7FFD3A990000	0x7FFD38C80000	0x7FFD39160000	0x7FFD39920000	0x7FFD3ADF0000	0x7FFD3A8D0000	0xC0000005	0x7FFD3B400001	2	0x8	0x7FFD3B400001	0x7FFD3B400001					AV+EXEC+PLUS1	0x7FFD3B400000	0x7000	COMMIT	IMAGE	READONLY	EXECUTE_WRITECOPY	0x7FFD3B400000	15	0x4066000	4	0
