site_rva	section	cell_rva	cell_section	key	add	cell_disk	ssn_disk
0x007ECEA4	packer1	0x0094A80C	packer2	0x36E1A608	0x787E2BF9	0x3BEEA5A0	0xFFFFFFFF
0x007ED2C6	packer1	0x0094A794	packer2	0x06FDF387	0x8B3FA03A	0x8C147338	0xFFFFFFFF
0x007ED3CB	packer1	0x0094A794	packer2	0x06FDF387	0x8B3FA03A	0x8C147338	0xFFFFFFFF
0x007ED66A	packer1	0x0094A794	packer2	0x06FDF387	0x8B3FA03A	0x8C147338	0xFFFFFFFF
0x0080088E	packer1	0x0094A6D8	packer2	0xF57B4820	0xD06CCD37	0x65246E45	0xFFFFFFFF
0x00801D5A	packer1	0x0094A6D8	packer2	0xF57B4820	0xD06CCD37	0x65246E45	0xFFFFFFFF
0x0080F804	packer1	0x0094A800	packer2	0x618E77BF	0x6710C747	0x10BFA9CE	0xFFFFFFFF
0x00813C20	packer1	0x0094A6D8	packer2	0xF57B4820	0xD06CCD37	0x65246E45	0xFFFFFFFF
0x00813E55	packer1	0x0094A744	packer2	0x94096C4E	0xCC5ABE75	0x806E26CD	0xFFFFFFFF
0x00814823	packer1	0x0094A794	packer2	0x06FDF387	0x8B3FA03A	0x8C147338	0xFFFFFFFF
0x00815CA3	packer1	0x0094A6D8	packer2	0xF57B4820	0xD06CCD37	0x65246E45	0xFFFFFFFF
0x00816057	packer1	0x0094A6D8	packer2	0xF57B4820	0xD06CCD37	0x65246E45	0xFFFFFFFF
0x0081759A	packer1	0x0094A794	packer2	0x06FDF387	0x8B3FA03A	0x8C147338	0xFFFFFFFF
0x0081765A	packer1	0x0094A794	packer2	0x06FDF387	0x8B3FA03A	0x8C147338	0xFFFFFFFF
0x0081772F	packer1	0x0094A6D8	packer2	0xF57B4820	0xD06CCD37	0x65246E45	0xFFFFFFFF
0x00818EC5	packer1	0x0094A6D8	packer2	0x00008824	0xD06CCD37	0x65246E45	0x62DFFDE9
0x0081905B	packer1	0x0094A6D8	packer2	0xF57B4820	0xD06CCD37	0x65246E45	0xFFFFFFFF
0x0081913A	packer1	0x0094A6D8	packer2	0xF57B4820	0xD06CCD37	0x65246E45	0xFFFFFFFF
0x0081922A	packer1	0x0094A6D8	packer2	0xF57B4820	0xD06CCD37	0x65246E45	0xFFFFFFFF
0x0081A5A5	packer1	0x0094A6D8	packer2	0xF57B4820	0xD06CCD37	0x65246E45	0xFFFFFFFF
0x0081A5C7	packer1	0x0094A6D8	packer2	0xF57B4820	0xD06CCD37	0x65246E45	0xFFFFFFFF
0x0081CFAB	packer1	0x0094A6D8	packer2	0xF57B4820	0xD06CCD37	0x65246E45	0xFFFFFFFF
0x0081DCD1	packer1	0x0094A6D8	packer2	0xF57B4820	0xD06CCD37	0x65246E45	0xFFFFFFFF
0x00821E02	packer1	0x0094A6D8	packer2	0xF57B4820	0xD06CCD37	0x65246E45	0xFFFFFFFF
0x00821FFC	packer1	0x0094A6D8	packer2	0xF57B4820	0xD06CCD37	0x65246E45	0xFFFFFFFF
0x00822AEB	packer1	0x0094A6DC	packer2	0xFFB0F056	0xD6DAE989	0x13E2BA7A	0xFFFFFFFF
0x008245ED	packer1	0x0094A6D8	packer2	0xF57B4820	0xD06CCD37	0x65246E45	0xFFFFFFFF
0x00824835	packer1	0x0094A744	packer2	0x94096C4E	0xCC5ABE75	0x806E26CD	0xFFFFFFFF
0x008265E3	packer1	0x0094A6D8	packer2	0xF57B4820	0xD06CCD37	0x65246E45	0xFFFFFFFF
0x008268B7	packer1	0x0094A6D8	packer2	0xF57B4820	0xD06CCD37	0x65246E45	0xFFFFFFFF
0x00827E98	packer1	0x0094A794	packer2	0x06FDF387	0x8B3FA03A	0x8C147338	0xFFFFFFFF
0x00827F4A	packer1	0x0094A794	packer2	0x06FDF387	0x8B3FA03A	0x8C147338	0xFFFFFFFF
0x00828022	packer1	0x0094A6D8	packer2	0xF57B4820	0xD06CCD37	0x65246E45	0xFFFFFFFF
0x00829A2C	packer1	0x0094A6D8	packer2	0xF57B4820	0xD06CCD37	0x65246E45	0xFFFFFFFF
0x00829B02	packer1	0x0094A6D8	packer2	0xF57B4820	0xD06CCD37	0x65246E45	0xFFFFFFFF
0x00829BF2	packer1	0x0094A6D8	packer2	0xF57B4820	0xD06CCD37	0x65246E45	0xFFFFFFFF
0x0082AEAD	packer1	0x0094A6D8	packer2	0xF57B4820	0xD06CCD37	0x65246E45	0xFFFFFFFF
0x0082AEDA	packer1	0x0094A6D8	packer2	0xF57B4820	0xD06CCD37	0x65246E45	0xFFFFFFFF
0x00830D2F	packer1	0x0094A810	packer2	0x4B1F62BF	0xC4DE1C73	0x53692178	0xFFFFFFFF
0x00834058	packer1	0x0094A82C	packer2	0x537AC9E1	0x424585E6	0x6001BD15	0xFFFFFFFF
0x0083727B	packer1	0x0094A800	packer2	0x618E77BF	0x6710C747	0x10BFA9CE	0xFFFFFFFF
0x00837D88	packer1	0x0094A82C	packer2	0x537AC9E1	0x424585E6	0x6001BD15	0xFFFFFFFF
0x0084ABDE	packer1	0x0094A81C	packer2	0x8C37CA29	0x63BAB512	0x570F40BC	0xFFFFFFFF
0x0084B711	packer1	0x0094A74C	packer2	0xE916D634	0xB5DF237A	0xE382978D	0xFFFFFFFF
0x0084B799	packer1	0x0094A6D8	packer2	0xF57B4820	0xD06CCD37	0x65246E45	0xFFFFFFFF
0x0084B7B6	packer1	0x0094A6D8	packer2	0xF57B4820	0xD06CCD37	0x65246E45	0xFFFFFFFF
0x0084B7D3	packer1	0x0094A6D8	packer2	0xF57B4820	0xD06CCD37	0x65246E45	0xFFFFFFFF
0x0084BCC7	packer1	0x0094A6D8	packer2	0xF57B4820	0xD06CCD37	0x65246E45	0xFFFFFFFF
0x00852761	packer1	0x0094A75C	packer2	0x1FF2D5B1	0x6CA4DF60	0x20D463F0	0xFFFFFFFF
0x00852810	packer1	0x0094A6D8	packer2	0xF57B4820	0xD06CCD37	0x65246E45	0xFFFFFFFF
0x0085282B	packer1	0x0094A75C	packer2	0x1FF2D5B1	0x6CA4DF60	0x20D463F0	0xFFFFFFFF
0x0085285A	packer1	0x0094A6D8	packer2	0xF57B4820	0xD06CCD37	0x65246E45	0xFFFFFFFF
0x00852951	packer1	0x0094A72C	packer2	0xBDA64E42	0x33B4F371	0xA03ED85B	0xFFFFFFFF
0x008529A1	packer1	0x0094A72C	packer2	0xBDA64E42	0x33B4F371	0xA03ED85B	0xFFFFFFFF
0x00854F38	packer1	0x0094A82C	packer2	0x537AC9E1	0x424585E6	0x6001BD15	0xFFFFFFFF
0x008550FB	packer1	0x0094A7B0	packer2	0x1FDFB3B5	0x849DF95A	0x552977B8	0xFFFFFFFF
0x008640CB	packer1	0x0094A74C	packer2	0xE916D634	0xB5DF237A	0xE382978D	0xFFFFFFFF
0x00866FFB	packer1	0x0094A6E0	packer2	0xC247261B	0xAE4135EC	0xE4E45B8F	0xFFFFFFFF
0x00871058	packer1	0x0094A82C	packer2	0x537AC9E1	0x424585E6	0x6001BD15	0xFFFFFFFF
0x0087107D	packer1	0x0094A6D8	packer2	0xF57B4820	0xD06CCD37	0x65246E45	0xFFFFFFFF
0x00872076	packer1	0x0094A6D8	packer2	0xF57B4820	0xD06CCD37	0x65246E45	0xFFFFFFFF
0x0087254D	packer1	0x0094A6D8	packer2	0xF57B4820	0xD06CCD37	0x65246E45	0xFFFFFFFF
0x008726A7	packer1	0x0094A794	packer2	0x06FDF387	0x8B3FA03A	0x8C147338	0xFFFFFFFF
0x00872A39	packer1	0x0094A6D8	packer2	0xF57B4820	0xD06CCD37	0x65246E45	0xFFFFFFFF
0x00873C28	packer1	0x0094A6D8	packer2	0xF57B4820	0xD06CCD37	0x65246E45	0xFFFFFFFF
0x00873F49	packer1	0x0094A6D8	packer2	0xF57B4820	0xD06CCD37	0x65246E45	0xFFFFFFFF
0x00874158	packer1	0x0094A6D8	packer2	0xF57B4820	0xD06CCD37	0x65246E45	0xFFFFFFFF
0x00874264	packer1	0x0094A6D8	packer2	0xF57B4820	0xD06CCD37	0x65246E45	0xFFFFFFFF
0x00874B3B	packer1	0x0094A6D8	packer2	0xF57B4820	0xD06CCD37	0x65246E45	0xFFFFFFFF
0x00874D66	packer1	0x0094A6D8	packer2	0xF57B4820	0xD06CCD37	0x65246E45	0xFFFFFFFF
0x0087C948	packer1	0x0094A7F8	packer2	0x39B3D60B	0x6FAF91C5	0x4C9376D7	0xFFFFFFFF
0x00888DC8	packer1	0x0094A82C	packer2	0x537AC9E1	0x424585E6	0x6001BD15	0xFFFFFFFF
0x008894AB	packer1	0x0094A6D8	packer2	0xF57B4820	0xD06CCD37	0x65246E45	0xFFFFFFFF
0x008894F5	packer1	0x0094A6D8	packer2	0xF57B4820	0xD06CCD37	0x65246E45	0xFFFFFFFF
0x008B2C84	packer1	0x0094A6D8	packer2	0xF57B4820	0xD06CCD37	0x65246E45	0xFFFFFFFF
0x008B32BB	packer1	0x0094A6D8	packer2	0xF57B4820	0xD06CCD37	0x65246E45	0xFFFFFFFF
0x008B3411	packer1	0x0094A6D8	packer2	0xF57B4820	0xD06CCD37	0x65246E45	0xFFFFFFFF
0x008B3CF4	packer1	0x0094A6D8	packer2	0xF57B4820	0xD06CCD37	0x65246E45	0xFFFFFFFF
0x008B44AB	packer1	0x0094A6D8	packer2	0x4C000000	0xD06CCD37	0x65246E45	0x62A3EFCB
0x008B51FE	packer1	0x0094A6D8	packer2	0x4D000002	0xD06CCD37	0x65246E45	0xE2A3F0CB
0x008B811D	packer1	0x0094A6D8	packer2	0xF57B4820	0xD06CCD37	0x65246E45	0xFFFFFFFF
0x008B86FD	packer1	0x0094A6D8	packer2	0xF57B4820	0xD06CCD37	0x65246E45	0xFFFFFFFF
0x008B952F	packer1	0x0094A810	packer2	0x4B1F62BF	0xC4DE1C73	0x53692178	0xFFFFFFFF
0x008B9572	packer1	0x0094A82C	packer2	0x537AC9E1	0x424585E6	0x6001BD15	0xFFFFFFFF
0x008B9607	packer1	0x0094A82C	packer2	0x537AC9E1	0x424585E6	0x6001BD15	0xFFFFFFFF
0x008B9BDE	packer1	0x0094A6D8	packer2	0x00016824	0xD06CCD37	0x65246E45	0x62EFFDE9
0x008B9D22	packer1	0x0094A6D8	packer2	0xF57B4820	0xD06CCD37	0x65246E45	0xFFFFFFFF
0x008B9D4B	packer1	0x0094A810	packer2	0x4B1F62BF	0xC4DE1C73	0x53692178	0xFFFFFFFF
0x008B9F80	packer1	0x0094A6D8	packer2	0xF57B4820	0xD06CCD37	0x65246E45	0xFFFFFFFF
0x008BA15F	packer1	0x0094A6D8	packer2	0xF57B4820	0xD06CCD37	0x65246E45	0xFFFFFFFF
0x008BA450	packer1	0x0094A6D8	packer2	0xF57B4820	0xD06CCD37	0x65246E45	0xFFFFFFFF
0x008BA77C	packer1	0x0094A82C	packer2	0x537AC9E1	0x424585E6	0x6001BD15	0xFFFFFFFF
0x008BA862	packer1	0x0094A82C	packer2	0x537AC9E1	0x424585E6	0x6001BD15	0xFFFFFFFF
0x008BAB7B	packer1	0x0094A6D8	packer2	0xF57B4820	0xD06CCD37	0x65246E45	0xFFFFFFFF
0x008BAC66	packer1	0x0094A810	packer2	0x4B1F62BF	0xC4DE1C73	0x53692178	0xFFFFFFFF
0x008BB9D3	packer1	0x0094A810	packer2	0x4B1F62BF	0xC4DE1C73	0x53692178	0xFFFFFFFF
0x008BB9FC	packer1	0x0094A6D8	packer2	0xF57B4820	0xD06CCD37	0x65246E45	0xFFFFFFFF
0x008BBBF6	packer1	0x0094A82C	packer2	0x537AC9E1	0x424585E6	0x6001BD15	0xFFFFFFFF
0x008BBCC4	packer1	0x0094A82C	packer2	0x537AC9E1	0x424585E6	0x6001BD15	0xFFFFFFFF
0x008BC509	packer1	0x0094A82C	packer2	0x00000001	0x424585E6	0x6001BD15	0x43241016
0x008D0AA4	packer1	0x0094A80C	packer2	0x36E1A608	0x787E2BF9	0x3BEEA5A0	0xFFFFFFFF
0x008D5C67	packer1	0x0094A6D8	packer2	0xF57B4820	0xD06CCD37	0x65246E45	0xFFFFFFFF
0x008D6FBE	packer1	0x0094A6D8	packer2	0xF57B4820	0xD06CCD37	0x65246E45	0xFFFFFFFF
0x008D7094	packer1	0x0094A6D8	packer2	0xF57B4820	0xD06CCD37	0x65246E45	0xFFFFFFFF
0x008D717B	packer1	0x0094A6D8	packer2	0xF57B4820	0xD06CCD37	0x65246E45	0xFFFFFFFF
0x008D80FC	packer1	0x0094A6D8	packer2	0xF57B4820	0xD06CCD37	0x65246E45	0xFFFFFFFF
0x008D811E	packer1	0x0094A6D8	packer2	0xF57B4820	0xD06CCD37	0x65246E45	0xFFFFFFFF
0x008D8197	packer1	0x0094A794	packer2	0x06FDF387	0x8B3FA03A	0x8C147338	0xFFFFFFFF
0x008D953B	packer1	0x0094A754	packer2	0xA2E2C27F	0x9C03D9D5	0xF6253A33	0xFFFFFFFF
0x008DE6BB	packer1	0x0094A72C	packer2	0xBDA64E42	0x33B4F371	0xA03ED85B	0xFFFFFFFF
0x008E1328	packer1	0x0094A82C	packer2	0x537AC9E1	0x424585E6	0x6001BD15	0xFFFFFFFF
0x008E1366	packer1	0x0094A81C	packer2	0x8C37CA29	0x63BAB512	0x570F40BC	0xFFFFFFFF
0x008E159B	packer1	0x0094A6D8	packer2	0xF57B4820	0xD06CCD37	0x65246E45	0xFFFFFFFF
0x008E3070	packer1	0x0094A6D8	packer2	0xF57B4820	0xD06CCD37	0x65246E45	0xFFFFFFFF
0x008E7B88	packer1	0x0094A82C	packer2	0x537AC9E1	0x424585E6	0x6001BD15	0xFFFFFFFF
0x008E86C5	packer1	0x0094A744	packer2	0x94096C4E	0xCC5ABE75	0x806E26CD	0xFFFFFFFF
0x008E8705	packer1	0x0094A6D8	packer2	0xF57B4820	0xD06CCD37	0x65246E45	0xFFFFFFFF
0x008E8EE5	packer1	0x0094A6D8	packer2	0x4D000000	0xD06CCD37	0x65246E45	0xE2A3EFCB
0x008E9084	packer1	0x0094A6D8	packer2	0xF57B4820	0xD06CCD37	0x65246E45	0xFFFFFFFF
0x008ECEA8	packer1	0x0094A7F8	packer2	0x39B3D60B	0x6FAF91C5	0x4C9376D7	0xFFFFFFFF
0x008ECF28	packer1	0x0094A82C	packer2	0x537AC9E1	0x424585E6	0x6001BD15	0xFFFFFFFF
0x008ED098	packer1	0x0094A82C	packer2	0x537AC9E1	0x424585E6	0x6001BD15	0xFFFFFFFF
0x008EF3C9	packer1	0x0094A810	packer2	0x4B1F62BF	0xC4DE1C73	0x53692178	0xFFFFFFFF
0x008EF40C	packer1	0x0094A82C	packer2	0x537AC9E1	0x424585E6	0x6001BD15	0xFFFFFFFF
0x008EF497	packer1	0x0094A82C	packer2	0x537AC9E1	0x424585E6	0x6001BD15	0xFFFFFFFF
0x008EFAA9	packer1	0x0094A6D8	packer2	0x0001D024	0xD06CCD37	0x65246E45	0x634BFDE9
0x008EFBFC	packer1	0x0094A6D8	packer2	0xF57B4820	0xD06CCD37	0x65246E45	0xFFFFFFFF
0x008EFC27	packer1	0x0094A810	packer2	0x4B1F62BF	0xC4DE1C73	0x53692178	0xFFFFFFFF
0x008EFE56	packer1	0x0094A6D8	packer2	0xF57B4820	0xD06CCD37	0x65246E45	0xFFFFFFFF
0x008F0034	packer1	0x0094A6D8	packer2	0xF57B4820	0xD06CCD37	0x65246E45	0xFFFFFFFF
0x008F031A	packer1	0x0094A6D8	packer2	0xF57B4820	0xD06CCD37	0x65246E45	0xFFFFFFFF
0x008F063A	packer1	0x0094A82C	packer2	0x537AC9E1	0x424585E6	0x6001BD15	0xFFFFFFFF
0x008F0730	packer1	0x0094A82C	packer2	0x537AC9E1	0x424585E6	0x6001BD15	0xFFFFFFFF
0x008F0A5B	packer1	0x0094A6D8	packer2	0xF57B4820	0xD06CCD37	0x65246E45	0xFFFFFFFF
0x008F0B46	packer1	0x0094A810	packer2	0x4B1F62BF	0xC4DE1C73	0x53692178	0xFFFFFFFF
0x008F1A07	packer1	0x0094A810	packer2	0x4B1F62BF	0xC4DE1C73	0x53692178	0xFFFFFFFF
0x008F1A30	packer1	0x0094A6D8	packer2	0xF57B4820	0xD06CCD37	0x65246E45	0xFFFFFFFF
0x008F1C1B	packer1	0x0094A82C	packer2	0x537AC9E1	0x424585E6	0x6001BD15	0xFFFFFFFF
0x008F2540	packer1	0x0094A82C	packer2	0x00000001	0x424585E6	0x6001BD15	0x43241016
0x008F98CB	packer1	0x0094A6D8	packer2	0xF57B4820	0xD06CCD37	0x65246E45	0xFFFFFFFF
0x008FCD68	packer1	0x0094A82C	packer2	0x537AC9E1	0x424585E6	0x6001BD15	0xFFFFFFFF
0x008FEE6B	packer1	0x0094A800	packer2	0x618E77BF	0x6710C747	0x10BFA9CE	0xFFFFFFFF
0x012A01DB	packer30	0x0094A74C	packer2	0xE916D634	0xB5DF237A	0xE382978D	0xFFFFFFFF
0x012A09B0	packer30	0x0094A6D8	packer2	0xF57B4820	0xD06CCD37	0x65246E45	0xFFFFFFFF
0x012A0AFE	packer30	0x0094A6D8	packer2	0xF57B4820	0xD06CCD37	0x65246E45	0xFFFFFFFF
0x012A0C15	packer30	0x0094A6D8	packer2	0xF57B4820	0xD06CCD37	0x65246E45	0xFFFFFFFF
0x012A0D32	packer30	0x0094A6D8	packer2	0xF57B4820	0xD06CCD37	0x65246E45	0xFFFFFFFF
0x012A23A4	packer30	0x0094A6D8	packer2	0xF57B4820	0xD06CCD37	0x65246E45	0xFFFFFFFF
0x012A584E	packer30	0x0094A74C	packer2	0xE916D634	0xB5DF237A	0xE382978D	0xFFFFFFFF
0x012BB7BA	packer30	0x0094A74C	packer2	0xE916D634	0xB5DF237A	0xE382978D	0xFFFFFFFF
0x012BC17C	packer30	0x0094A6D8	packer2	0xF57B4820	0xD06CCD37	0x65246E45	0xFFFFFFFF
0x012BC47B	packer30	0x0094A6D8	packer2	0xF57B4820	0xD06CCD37	0x65246E45	0xFFFFFFFF
0x012BC5B8	packer30	0x0094A6D8	packer2	0xF57B4820	0xD06CCD37	0x65246E45	0xFFFFFFFF
0x012BC67D	packer30	0x0094A6D8	packer2	0xF57B4820	0xD06CCD37	0x65246E45	0xFFFFFFFF
0x012BC79A	packer30	0x0094A6D8	packer2	0xF57B4820	0xD06CCD37	0x65246E45	0xFFFFFFFF
0x012BC8C7	packer30	0x0094A6D8	packer2	0xF57B4820	0xD06CCD37	0x65246E45	0xFFFFFFFF
0x012BC9A0	packer30	0x0094A6D8	packer2	0xF57B4820	0xD06CCD37	0x65246E45	0xFFFFFFFF
0x012BCA62	packer30	0x0094A6D8	packer2	0xF57B4820	0xD06CCD37	0x65246E45	0xFFFFFFFF
0x012BCB35	packer30	0x0094A6D8	packer2	0xF57B4820	0xD06CCD37	0x65246E45	0xFFFFFFFF
0x012BCC50	packer30	0x0094A6D8	packer2	0xF57B4820	0xD06CCD37	0x65246E45	0xFFFFFFFF
0x01379C23	packer30	0x0094A734	packer2	0x04835421	0xF597EB5C	0x42978408	0xFFFFFFFF
0x0145558D	packer30	0x0094A7F8	packer2	0x39B3D60B	0x6FAF91C5	0x4C9376D7	0xFFFFFFFF
0x01456468	packer30	0x0094A794	packer2	0x06FDF387	0x8B3FA03A	0x8C147338	0xFFFFFFFF
0x0145AFBD	packer30	0x0094A794	packer2	0x06FDF387	0x8B3FA03A	0x8C147338	0xFFFFFFFF
