class,owner,function,flags,thunk_rva,impl_rva,impl_size,verdict,detail,pick_reason,sig
CheatManager,CheatManager,BugIt,"Exec|Native",0x35c6a70,0x359e750,626,REAL,"158 ins, 14 calls, pdata bounds","VIRTUAL CheatManager vtable[+0x410] -> 0x359e750","(FString ScreenShotDescription) -> void"
CheatManager,CheatManager,BugItGo,"Exec|Native",0x35c6b10,0x0,488,INLINED,"thunk 114 ins / 488 B, 18 helper calls","VIRTUAL dispatch qword ptr [rax + 0x400] -- vtable unresolved","(float X, float Y, float Z, float pitch, float Yaw, float Roll) -> void"
CheatManager,CheatManager,BugItStringCreator,"Exec|Native|HasOutParms",0x35c6d00,0x359ebf0,594,REAL,"144 ins, 12 calls, pdata bounds","VIRTUAL CheatManager vtable[+0x418] -> 0x359ebf0","(Struct(Vector) ViewLocation, Struct(Rotator) ViewRotation) out[FString GoString, FString LocString] -> void"
CheatManager,CheatManager,ChangeSize,"Exec|Native|BPCallable",0x35c6ed0,0x35a40d0,752,REAL,"176 ins, 10 calls, sweep bounds","VIRTUAL CheatManager vtable[+0x2e0] -> 0x35a40d0","(float F) -> void"
CheatManager,CheatManager,CheatScript,"Exec|Native",0x35c6f60,0x35a4310,176,REAL,"49 ins, 4 calls, sweep bounds","final call rel32 (mult=1)","(FString ScriptName) -> void"
CheatManager,CheatManager,DamageTarget,"Exec|Native|BPCallable",0x35c7110,0x35a7720,625,REAL,"136 ins, 6 calls, pdata bounds","VIRTUAL CheatManager vtable[+0x310] -> 0x35a7720","(float DamageAmount) -> void"
CheatManager,CheatManager,DebugCapsuleSweep,"Exec|Native",0x35c71a0,0x35a7b10,135,REAL,"44 ins, 3 calls, pdata bounds","VIRTUAL CheatManager vtable[+0x3a0] -> 0x35a7b10","() -> void"
CheatManager,CheatManager,DebugCapsuleSweepCapture,"Exec|Native",0x35c71c0,0x35a7ba0,32,REAL,"11 ins, 0 calls, sweep bounds","VIRTUAL CheatManager vtable[+0x3c0] -> 0x35a7ba0","() -> void"
CheatManager,CheatManager,DebugCapsuleSweepChannel,"Exec|Native",0x35c71e0,0x35a7bc0,192,REAL,"58 ins, 4 calls, sweep bounds","VIRTUAL CheatManager vtable[+0x3b0] -> 0x35a7bc0","(byte Channel) -> void"
CheatManager,CheatManager,DebugCapsuleSweepClear,"Exec|Native",0x35c7260,0x35a7bd0,161,REAL,"49 ins, 4 calls, pdata bounds","VIRTUAL CheatManager vtable[+0x3d0] -> 0x35a7bd0","() -> void"
CheatManager,CheatManager,DebugCapsuleSweepComplex,"Exec|Native",0x35c7280,0x35a7c80,112,REAL,"33 ins, 0 calls, sweep bounds","VIRTUAL CheatManager vtable[+0x3b8] -> 0x35a7c80","(bool bTraceComplex) -> void"
CheatManager,CheatManager,DebugCapsuleSweepPawn,"Exec|Native",0x35c7310,0x35a7ca0,80,REAL,"23 ins, 0 calls, sweep bounds","VIRTUAL CheatManager vtable[+0x3c8] -> 0x35a7ca0","() -> void"
CheatManager,CheatManager,DebugCapsuleSweepSize,"Exec|Native",0x35c7330,0x35a7ce0,11,TRIVIAL,"movss dword ptr [rcx + 0x48], xmm1; movss dword ptr [rcx + 0x4c], xmm2; ret   [0 ICF call sites]","VIRTUAL CheatManager vtable[+0x3a8] -> 0x35a7ce0","(float HalfHeight, float Radius) -> void"
CheatManager,CheatManager,DestroyAll,"Exec|Native",0x35c7400,0x35a7fc0,859,REAL,"219 ins, 15 calls, pdata bounds","VIRTUAL CheatManager vtable[+0x320] -> 0x35a7fc0","(Class(Class) aClass) -> void"
CheatManager,CheatManager,DestroyAllPawnsExceptTarget,"Exec|Native",0x35c74b0,0x35a8320,272,REAL,"64 ins, 5 calls, pdata bounds","VIRTUAL CheatManager vtable[+0x328] -> 0x35a8320","() -> void"
CheatManager,CheatManager,DestroyPawns,"Exec|Native",0x35c74d0,0x35a8a70,940,REAL,"246 ins, 18 calls, pdata bounds","VIRTUAL CheatManager vtable[+0x330] -> 0x35a8a70","(Class(Class) aClass) -> void"
CheatManager,CheatManager,DestroyServerStatReplicator,"Exec|Native",0x35c7580,0x35a8f80,269,REAL,"65 ins, 4 calls, pdata bounds","VIRTUAL CheatManager vtable[+0x318] -> 0x35a8f80","() -> void"
CheatManager,CheatManager,DestroyTarget,"Exec|Native|BPCallable",0x35c75a0,0x35a8f80,269,REAL,"65 ins, 4 calls, pdata bounds","VIRTUAL CheatManager vtable[+0x318] -> 0x35a8f80","() -> void"
CheatManager,CheatManager,DisableDebugCamera,"Native|BPCallable",0x35c75c0,0x35a9620,91,REAL,"26 ins, 1 calls, pdata bounds","VIRTUAL CheatManager vtable[+0x470] -> 0x35a9620","() -> void"
CheatManager,CheatManager,DumpChatState,"Exec|Native",0x35c75e0,0x35a9d70,75,REAL,"20 ins, 1 calls, pdata bounds","VIRTUAL CheatManager vtable[+0x3f0] -> 0x35a9d70","() -> void"
CheatManager,CheatManager,DumpOnlineSessionState,"Exec|Native",0x35c7600,0x35a9dc0,75,REAL,"20 ins, 1 calls, pdata bounds","VIRTUAL CheatManager vtable[+0x3e0] -> 0x35a9dc0","() -> void"
CheatManager,CheatManager,DumpPartyState,"Exec|Native",0x35c7620,0x35a9e10,75,REAL,"20 ins, 1 calls, pdata bounds","VIRTUAL CheatManager vtable[+0x3e8] -> 0x35a9e10","() -> void"
CheatManager,CheatManager,DumpVoiceMutingState,"Exec|Native",0x35c7640,0x35a9e60,242,REAL,"55 ins, 7 calls, pdata bounds","VIRTUAL CheatManager vtable[+0x3f8] -> 0x35a9e60","() -> void"
CheatManager,CheatManager,EnableDebugCamera,"Native|BPCallable",0x35c7660,0x35a9f60,478,REAL,"106 ins, 7 calls, pdata bounds","VIRTUAL CheatManager vtable[+0x468] -> 0x35a9f60","() -> void"
CheatManager,CheatManager,FlushLog,"Exec|Native",0x35c7900,0x35ab310,36,REAL,"9 ins, 4 calls, pdata bounds","VIRTUAL CheatManager vtable[+0x420] -> 0x35ab310","() -> void"
CheatManager,CheatManager,Fly,"Exec|Native|BPCallable",0x35c7920,0x35ab340,185,REAL,"52 ins, 5 calls, pdata bounds","VIRTUAL CheatManager vtable[+0x2e8] -> 0x35ab340","() -> void"
CheatManager,CheatManager,FreezeFrame,"Exec|Native|BPCallable",0x35c7940,0x35ab400,406,REAL,"96 ins, 6 calls, pdata bounds","VIRTUAL CheatManager vtable[+0x2d0] -> 0x35ab400","(float Delay) -> void"
CheatManager,CheatManager,GetPlayerController,"Native|BPCallable",0x35c7f60,0x0,112,INLINED,"thunk 40 ins / 112 B, 0 helper calls","no rel32 callee at all -> impl INLINED into the thunk","() -> Object(PlayerController)"
CheatManager,CheatManager,Ghost,"Exec|Native|BPCallable",0x33ac270,0x35afcb0,185,REAL,"52 ins, 5 calls, pdata bounds","VIRTUAL CheatManager vtable[+0x2f8] -> 0x35afcb0","() -> void"
CheatManager,CheatManager,God,"Exec|Native|BPCallable",0x35c7fd0,0x35afd70,221,REAL,"65 ins, 5 calls, pdata bounds","VIRTUAL CheatManager vtable[+0x300] -> 0x35afd70","() -> void"
CheatManager,CheatManager,InvertMouse,"Exec|Native",0x35c8090,0x35b1dc0,94,REAL,"24 ins, 1 calls, pdata bounds","VIRTUAL CheatManager vtable[+0x438] -> 0x35b1dc0","() -> void"
CheatManager,CheatManager,LogLoc,"Exec|Native",0x35c8210,0x35b3680,307,REAL,"76 ins, 2 calls, pdata bounds","VIRTUAL CheatManager vtable[+0x428] -> 0x35b3680","() -> void"
CheatManager,CheatManager,OnlyLoadLevel,"Exec|Native",0x35c8300,0x35b4760,16,TRIVIAL,"mov rax, qword ptr [rcx]; xor r9d, r9d; mov r8b, 1; jmp qword ptr [rax + 0x450]   [0 ICF call sites]","VIRTUAL CheatManager vtable[+0x370] -> 0x35b4760","(FName PackageName) -> void"
CheatManager,CheatManager,OnPlayerEndPlayed,"Native",0x35c8230,0x35b3f80,170,REAL,"42 ins, 2 calls, pdata bounds","P_FINISH-anchored call rel32 (mult=1)","(Object(Actor) Player, byte EndPlayReason) -> void"
CheatManager,CheatManager,PlayersOnly,"Exec|Native|BPCallable",0x35c8770,0x35b6df0,170,REAL,"44 ins, 0 calls, pdata bounds","VIRTUAL CheatManager vtable[+0x340] -> 0x35b6df0","() -> void"
CheatManager,CheatManager,ReceiveEndPlay,"BPEvent",0x13454a0,0x13454a0,0,SCRIPT,"BP/script-implemented UFunction (no native impl exists)","thunk IS ProcessInternal","() -> void"
CheatManager,CheatManager,ReceiveInitCheatManager,"BPEvent",0x13454a0,0x13454a0,0,SCRIPT,"BP/script-implemented UFunction (no native impl exists)","thunk IS ProcessInternal","() -> void"
CheatManager,CheatManager,ServerToggleAILogging,"Net|NetServer|NetReliable|Native|NetValidate",0x35c88b0,0xb9e1f0,3,TRUE_STUB,"B0 01 C3 (mov al,1; ret) -- always true   [81 ICF call sites]","VIRTUAL CheatManager vtable[+0x2c0] -> 0xb9e1f0","() -> void"
CheatManager,CheatManager,SetMouseSensitivityToDefault,"Exec|Native",0x35c9830,0x35bd410,192,REAL,"50 ins, 5 calls, pdata bounds","VIRTUAL CheatManager vtable[+0x430] -> 0x35bd410","() -> void"
CheatManager,CheatManager,SetWorldOrigin,"Exec|Native",0x35ca260,0x35bec10,60,REAL,"17 ins, 1 calls, pdata bounds","VIRTUAL CheatManager vtable[+0x308] -> 0x35bec10","() -> void"
CheatManager,CheatManager,Slomo,"Exec|Native|BPCallable",0x35ca280,0x35bec10,60,REAL,"17 ins, 1 calls, pdata bounds","VIRTUAL CheatManager vtable[+0x308] -> 0x35bec10","(float NewTimeDilation) -> void"
CheatManager,CheatManager,SpawnServerStatReplicator,"Exec|Native",0x35ca310,0x0,53,INLINED,"thunk 15 ins / 53 B, 1 helper calls","VIRTUAL dispatch qword ptr [rax + 0x188] -- vtable unresolved","() -> void"
CheatManager,CheatManager,StreamLevelIn,"Exec|Native",0x35ca3f0,0x35c2ad0,17,TRIVIAL,"mov rax, qword ptr [rcx]; mov r9b, 1; movzx r8d, r9b; jmp qword ptr [rax + 0x450]   [0 ICF call sites]","VIRTUAL CheatManager vtable[+0x368] -> 0x35c2ad0","(FName PackageName) -> void"
CheatManager,CheatManager,StreamLevelOut,"Exec|Native",0x35ca480,0x35c2af0,16,TRIVIAL,"mov rax, qword ptr [rcx]; xor r9d, r9d; xor r8d, r8d; jmp qword ptr [rax + 0x450]   [0 ICF call sites]","VIRTUAL CheatManager vtable[+0x378] -> 0x35c2af0","(FName PackageName) -> void"
CheatManager,CheatManager,Summon,"Exec|Native",0x35ca510,0x35c2b00,1093,REAL,"251 ins, 28 calls, pdata bounds","VIRTUAL CheatManager vtable[+0x338] -> 0x35c2b00","(FString ClassName) -> void"
CheatManager,CheatManager,Teleport,"Exec|Native|BPCallable",0x207bde0,0x35c3e20,1353,REAL,"285 ins, 14 calls, pdata bounds","VIRTUAL CheatManager vtable[+0x2d8] -> 0x35c3e20","() -> void"
CheatManager,CheatManager,TestCollisionDistance,"Exec|Native",0x35ca5b0,0xf7ec20,3,RET_STUB,"C2 00 00 (ret 0) -- empty body   [4784 ICF call sites]","VIRTUAL CheatManager vtable[+0x3d8] -> 0xf7ec20","() -> void"
CheatManager,CheatManager,ToggleAILogging,"Exec|Native",0x33aac90,0xf7ec20,3,RET_STUB,"C2 00 00 (ret 0) -- empty body   [4784 ICF call sites]","VIRTUAL CheatManager vtable[+0x390] -> 0xf7ec20","() -> void"
CheatManager,CheatManager,ToggleDebugCamera,"Exec|Native",0x35ca5d0,0xf7ec20,3,RET_STUB,"C2 00 00 (ret 0) -- empty body   [4784 ICF call sites]","VIRTUAL CheatManager vtable[+0x380] -> 0xf7ec20","() -> void"
CheatManager,CheatManager,ToggleServerStatReplicatorClientOverwrite,"Exec|Native",0x35ca5f0,0x13759a0,0,SUSPECT,"resolved to FFrame helper 0x13759a0 -- unresolved indirect dispatch","final call rel32 (mult=93)","() -> void"
CheatManager,CheatManager,ToggleServerStatReplicatorUpdateStatNet,"Exec|Native",0x35ca670,0x13759a0,0,SUSPECT,"resolved to FFrame helper 0x13759a0 -- unresolved indirect dispatch","final call rel32 (mult=93)","() -> void"
CheatManager,CheatManager,UpdateSafeArea,"Exec|Native",0x35ca6f0,0xfbe430,134,REAL,"42 ins, 1 calls, pdata bounds","P_FINISH-anchored jmp rel32 (mult=186)","() -> void"
CheatManager,CheatManager,ViewActor,"Exec|Native",0x35ca710,0x35c5560,0,UNVERIFIABLE,"impl page never decrypted in any dump","VIRTUAL CheatManager vtable[+0x358] -> 0x35c5560","(FName ActorName) -> void"
CheatManager,CheatManager,ViewClass,"Exec|Native",0x35ca7a0,0x35c5940,0,UNVERIFIABLE,"impl page never decrypted in any dump","VIRTUAL CheatManager vtable[+0x360] -> 0x35c5940","(Class(Class) DesiredClass) -> void"
CheatManager,CheatManager,ViewPlayer,"Exec|Native",0x35ca850,0x35c5eb0,0,UNVERIFIABLE,"impl page never decrypted in any dump","VIRTUAL CheatManager vtable[+0x350] -> 0x35c5eb0","(FString S) -> void"
CheatManager,CheatManager,ViewSelf,"Exec|Native",0x35ca8f0,0x35c6220,367,REAL,"98 ins, 4 calls, pdata bounds","VIRTUAL CheatManager vtable[+0x348] -> 0x35c6220","() -> void"
CheatManager,CheatManager,Walk,"Exec|Native|BPCallable",0x207be00,0x35c64d0,96,REAL,"31 ins, 2 calls, pdata bounds","VIRTUAL CheatManager vtable[+0x2f0] -> 0x35c64d0","() -> void"
CheatManager,Object,ExecuteUbergraph,"BPEvent",0x13454a0,0x13454a0,0,SCRIPT,"BP/script-implemented UFunction (no native impl exists)","thunk IS ProcessInternal","(int32 EntryPoint) -> void"
CheatManagerExtension,CheatManagerExtension,AddedToCheatManager,"Native|BPEvent",0x326d280,0xf7ec20,3,RET_STUB,"C2 00 00 (ret 0) -- empty body   [4784 ICF call sites]","VIRTUAL CheatManagerExtension vtable[+0x2c0] -> 0xf7ec20","() -> void"
CheatManagerExtension,CheatManagerExtension,GetPlayerController,"Native|BPCallable",0x35c7f90,0x0,64,INLINED,"thunk 23 ins / 64 B, 0 helper calls","no rel32 callee at all -> impl INLINED into the thunk","() -> Object(PlayerController)"
CheatManagerExtension,CheatManagerExtension,RemovedFromCheatManager,"Native|BPEvent",0x326d2a0,0xf7ec20,3,RET_STUB,"C2 00 00 (ret 0) -- empty body   [4784 ICF call sites]","VIRTUAL CheatManagerExtension vtable[+0x2c8] -> 0xf7ec20","() -> void"
CheatManagerExtension,Object,ExecuteUbergraph,"BPEvent",0x13454a0,0x13454a0,0,SCRIPT,"BP/script-implemented UFunction (no native impl exists)","thunk IS ProcessInternal","(int32 EntryPoint) -> void"
GameFeatureAction_AddCheats,Object,ExecuteUbergraph,"BPEvent",0x13454a0,0x13454a0,0,SCRIPT,"BP/script-implemented UFunction (no native impl exists)","thunk IS ProcessInternal","(int32 EntryPoint) -> void"
LokiCharacterCheatDetectionComponent,LokiCharacterCheatDetectionComponent,UpdateIsEnabled,"Native",0x5309260,0x135f020,699,REAL,"166 ins, 15 calls, pdata bounds","final call rel32 (mult=5248)","() -> void"
LokiCharacterCheatDetectionComponent,ActorComponent,Activate,"Native|BPCallable",0x3130790,0x359b0e0,197,REAL,"53 ins, 3 calls, pdata bounds","VIRTUAL LokiCharacterCheatDetectionComponent vtable[+0x2c8] -> 0x359b0e0","(bool bReset) -> void"
LokiCharacterCheatDetectionComponent,ActorComponent,AddTickPrerequisiteActor,"Native|BPCallable",0x35c6650,0x359ba60,32,REAL,"11 ins, 1 calls, sweep bounds","VIRTUAL LokiCharacterCheatDetectionComponent vtable[+0x478] -> 0x359ba60","(Object(Actor) PrerequisiteActor) -> void"
LokiCharacterCheatDetectionComponent,ActorComponent,AddTickPrerequisiteComponent,"Native|BPCallable",0x35c66e0,0x359ba80,32,REAL,"11 ins, 1 calls, sweep bounds","VIRTUAL LokiCharacterCheatDetectionComponent vtable[+0x480] -> 0x359ba80","(Object(ActorComponent) PrerequisiteComponent) -> void"
LokiCharacterCheatDetectionComponent,ActorComponent,BP_LokiBeginPlay,"BPEvent",0x13454a0,0x13454a0,0,SCRIPT,"BP/script-implemented UFunction (no native impl exists)","thunk IS ProcessInternal","() -> void"
LokiCharacterCheatDetectionComponent,ActorComponent,BP_LokiEndPlay,"BPEvent",0x13454a0,0x13454a0,0,SCRIPT,"BP/script-implemented UFunction (no native impl exists)","thunk IS ProcessInternal","() -> void"
LokiCharacterCheatDetectionComponent,ActorComponent,ComponentHasTag,"Native|BPCallable",0x35c7050,0x1345fe0,0,SUSPECT,"resolved to FFrame helper 0x1345fe0 -- unresolved indirect dispatch","final call rel32 (mult=12668)","(FName Tag) -> bool"
LokiCharacterCheatDetectionComponent,ActorComponent,Deactivate,"Native|BPCallable",0x207c030,0x35a79a0,186,REAL,"49 ins, 3 calls, pdata bounds","VIRTUAL LokiCharacterCheatDetectionComponent vtable[+0x2d0] -> 0x35a79a0","() -> void"
LokiCharacterCheatDetectionComponent,ActorComponent,GetComponentTickInterval,"Native|BPCallable",0x35c79d0,0x35ac620,930,REAL,"233 ins, 6 calls, pdata bounds","P_FINISH-anchored call rel32 (mult=1)","() -> float"
LokiCharacterCheatDetectionComponent,ActorComponent,GetOwner,"Native|BPCallable",0x35c7e90,0x0,32,INLINED,"thunk 9 ins / 32 B, 0 helper calls","no rel32 callee at all -> impl INLINED into the thunk","() -> Object(Actor)"
LokiCharacterCheatDetectionComponent,ActorComponent,IsActive,"Native|BPCallable",0x35c80b0,0x20c7fa0,688,REAL,"171 ins, 9 calls, sweep bounds","VIRTUAL LokiCharacterCheatDetectionComponent vtable[+0x428] -> 0x20c7fa0","() -> bool"
LokiCharacterCheatDetectionComponent,ActorComponent,IsBeingDestroyed,"Native|BPCallable",0x35c80e0,0x20c7fa0,688,REAL,"171 ins, 9 calls, sweep bounds","VIRTUAL LokiCharacterCheatDetectionComponent vtable[+0x428] -> 0x20c7fa0","() -> bool"
LokiCharacterCheatDetectionComponent,ActorComponent,IsComponentTickEnabled,"Native|BPCallable",0x354f1f0,0x35b1e40,8,TRIVIAL,"cmp byte ptr [rcx + 0x4b], 0; setne al; ret   [1 ICF call sites]","VIRTUAL LokiCharacterCheatDetectionComponent vtable[+0x3f0] -> 0x35b1e40","() -> bool"
LokiCharacterCheatDetectionComponent,ActorComponent,K2_DestroyComponent,"Native|BPCallable",0x35c8180,0x35b21b0,291,REAL,"74 ins, 6 calls, pdata bounds","P_FINISH-anchored call rel32 (mult=1)","(Object(Object) Object) -> void"
LokiCharacterCheatDetectionComponent,ActorComponent,OnRep_IsActive,"Native",0x326d280,0x35b4480,416,REAL,"105 ins, 16 calls, sweep bounds","VIRTUAL LokiCharacterCheatDetectionComponent vtable[+0x2c0] -> 0x35b4480","() -> void"
LokiCharacterCheatDetectionComponent,ActorComponent,ReceiveAsyncPhysicsTick,"BPEvent",0x13454a0,0x13454a0,0,SCRIPT,"BP/script-implemented UFunction (no native impl exists)","thunk IS ProcessInternal","(float DeltaSeconds, float SimSeconds) -> void"
LokiCharacterCheatDetectionComponent,ActorComponent,ReceiveBeginPlay,"BPEvent",0x13454a0,0x13454a0,0,SCRIPT,"BP/script-implemented UFunction (no native impl exists)","thunk IS ProcessInternal","() -> void"
LokiCharacterCheatDetectionComponent,ActorComponent,ReceiveEndPlay,"BPEvent",0x13454a0,0x13454a0,0,SCRIPT,"BP/script-implemented UFunction (no native impl exists)","thunk IS ProcessInternal","(byte EndPlayReason) -> void"
LokiCharacterCheatDetectionComponent,ActorComponent,ReceiveTick,"BPEvent",0x13454a0,0x13454a0,0,SCRIPT,"BP/script-implemented UFunction (no native impl exists)","thunk IS ProcessInternal","(float DeltaSeconds) -> void"
LokiCharacterCheatDetectionComponent,ActorComponent,RemoveTickPrerequisiteActor,"Native|BPCallable",0x35c8790,0x35b90a0,32,REAL,"11 ins, 1 calls, sweep bounds","VIRTUAL LokiCharacterCheatDetectionComponent vtable[+0x488] -> 0x35b90a0","(Object(Actor) PrerequisiteActor) -> void"
LokiCharacterCheatDetectionComponent,ActorComponent,RemoveTickPrerequisiteComponent,"Native|BPCallable",0x35c8820,0x35b90c0,1440,REAL,"376 ins, 18 calls, sweep bounds","VIRTUAL LokiCharacterCheatDetectionComponent vtable[+0x490] -> 0x35b90c0","(Object(ActorComponent) PrerequisiteComponent) -> void"
LokiCharacterCheatDetectionComponent,ActorComponent,SetActive,"Native|BPCallable",0x35c8900,0x35bbd00,80,REAL,"20 ins, 1 calls, sweep bounds","VIRTUAL LokiCharacterCheatDetectionComponent vtable[+0x2d8] -> 0x35bbd00","(bool bNewActive, bool bReset) -> void"
LokiCharacterCheatDetectionComponent,ActorComponent,SetAutoActivate,"Native|BPCallable",0x35c8f70,0x35bc020,138,REAL,"35 ins, 3 calls, pdata bounds","VIRTUAL LokiCharacterCheatDetectionComponent vtable[+0x2e8] -> 0x35bc020","(bool bNewAutoActivate) -> void"
LokiCharacterCheatDetectionComponent,ActorComponent,SetComponentTickEnabled,"Native|BPCallable",0x35c90e0,0x35bc510,60,REAL,"18 ins, 2 calls, pdata bounds","VIRTUAL LokiCharacterCheatDetectionComponent vtable[+0x3e0] -> 0x35bc510","(bool bEnabled) -> void"
LokiCharacterCheatDetectionComponent,ActorComponent,SetComponentTickInterval,"Native|BPCallable",0x35c9170,0x1345fe0,0,SUSPECT,"resolved to FFrame helper 0x1345fe0 -- unresolved indirect dispatch","final call rel32 (mult=12668)","(float TickInterval) -> void"
LokiCharacterCheatDetectionComponent,ActorComponent,SetComponentTickIntervalAndCooldown,"Native|BPCallable",0x35c91f0,0x3efe630,148,REAL,"43 ins, 2 calls, pdata bounds","P_FINISH-anchored call rel32 (mult=0)","(float TickInterval) -> void"
LokiCharacterCheatDetectionComponent,ActorComponent,SetIsReplicated,"Native|BPCallable",0x35c9410,0x35bc9c0,215,REAL,"52 ins, 5 calls, pdata bounds","P_FINISH-anchored call rel32 (mult=17)","(bool ShouldReplicate) -> void"
LokiCharacterCheatDetectionComponent,ActorComponent,SetTickableWhenPaused,"Native|BPCallable",0x35c9f50,0x1345fe0,0,SUSPECT,"resolved to FFrame helper 0x1345fe0 -- unresolved indirect dispatch","final call rel32 (mult=12668)","(bool bTickableWhenPaused) -> void"
LokiCharacterCheatDetectionComponent,ActorComponent,SetTickGroup,"Native|BPCallable",0x35c9ed0,0x1345fe0,0,SUSPECT,"resolved to FFrame helper 0x1345fe0 -- unresolved indirect dispatch","final call rel32 (mult=12668)","(byte NewTickGroup) -> void"
LokiCharacterCheatDetectionComponent,ActorComponent,ToggleActive,"Native|BPCallable",0x312c130,0x35c4510,32,REAL,"9 ins, 0 calls, sweep bounds","VIRTUAL LokiCharacterCheatDetectionComponent vtable[+0x2e0] -> 0x35c4510","() -> void"
LokiCharacterCheatDetectionComponent,Object,ExecuteUbergraph,"BPEvent",0x13454a0,0x13454a0,0,SCRIPT,"BP/script-implemented UFunction (no native impl exists)","thunk IS ProcessInternal","(int32 EntryPoint) -> void"
LokiClientPlayerCheats,LokiClientPlayerCheats,CheatFakeLobbyRewardFlow,"Exec|Native",0x5316250,0x751deb0,30,REAL,"8 ins, 1 calls, pdata bounds","final call rel32 (mult=15617)","() -> void"
LokiClientPlayerCheats,LokiClientPlayerCheats,CheatLobbyAddBadge,"Exec|Native",0x5316270,0x55cf560,60,REAL,"17 ins, 2 calls, pdata bounds","P_FINISH-anchored call rel32 (mult=1)","(FName AssetType, FName AssetId) -> void"
LokiClientPlayerCheats,LokiClientPlayerCheats,CheatResetClientProfile,"Exec|Native",0x5316340,0x751deb0,30,REAL,"8 ins, 1 calls, pdata bounds","final call rel32 (mult=15617)","() -> void"
LokiClientPlayerCheats,LokiClientPlayerCheats,TestDeeplink,"Exec|Native",0x5317cc0,0x55e7470,38,REAL,"13 ins, 2 calls, pdata bounds","final call rel32 (mult=1)","(FString DeeplinkPath) -> void"
LokiClientPlayerCheats,LokiClientPlayerCheats,TestErrorMessage,"Exec|Native",0x5317db0,0x55e74a0,61,REAL,"18 ins, 3 calls, pdata bounds","final call rel32 (mult=1)","(FString TestMessage) -> void"
LokiClientPlayerCheats,Object,ExecuteUbergraph,"BPEvent",0x13454a0,0x13454a0,0,SCRIPT,"BP/script-implemented UFunction (no native impl exists)","thunk IS ProcessInternal","(int32 EntryPoint) -> void"
LokiPlayerCheats,LokiPlayerCheats,AddLevelingPassive,"BPCallable|BPEvent",0x13454a0,0x13454a0,0,SCRIPT,"BP/script-implemented UFunction (no native impl exists)","thunk IS ProcessInternal","(Class(Class) PassiveEffect) -> void"
LokiPlayerCheats,LokiPlayerCheats,AdminOnly,"Native|BPCallable|HasOutParms",0x5421a70,0x1f67df0,16,REAL,"6 ins, 1 calls, sweep bounds","P_FINISH-anchored call rel32 (mult=1)","() out[Enum(EAdminOnlyExecPins) OutputExecs] -> void"
LokiPlayerCheats,LokiPlayerCheats,AreHotkeyCheatsEnabled,"Native|BPCallable",0x52fd980,0xf7eb60,3,FALSE_STUB,"32 C0 C3 (xor al,al; ret) -- always false   [192 ICF call sites]","P_FINISH-anchored call rel32 (mult=192)","() -> bool"
LokiPlayerCheats,LokiPlayerCheats,CheatAddMissionProgress,"Exec|Native|BPCallable",0x5421d60,0xf7ec20,3,RET_STUB,"C2 00 00 (ret 0) -- empty body   [4784 ICF call sites]","P_FINISH-anchored call rel32 (mult=4784)","(FString MissionID, FString ObjectiveName, float Progress) -> void"
LokiPlayerCheats,LokiPlayerCheats,CheatAutoStrafe,"Exec|Native|BPCallable",0x5421ea0,0x55cf430,181,REAL,"47 ins, 3 calls, pdata bounds","P_FINISH-anchored call rel32 (mult=1)","(double Period, double Speed) -> void"
LokiPlayerCheats,LokiPlayerCheats,CheatAutoStrafeToggleDirection,"Exec|Native|BPCallable",0x5421f80,0x0,0,UNVERIFIABLE,"THUNK body [0x5421f80,0x542277f) runs into an undecrypted page","","() -> void"
LokiPlayerCheats,LokiPlayerCheats,CheatChangeHero,"Exec|Native",0x534be80,0x0,0,UNVERIFIABLE,"THUNK page never decrypted -- impl not reachable offline","","(FString HeroName) -> void"
LokiPlayerCheats,LokiPlayerCheats,CheatGetAllClientActorsByClassName,"Exec|Native",0x5421fa0,0x0,0,UNVERIFIABLE,"THUNK body [0x5421fa0,0x5422048) runs into an undecrypted page","","(FString ClassName) -> int32"
LokiPlayerCheats,LokiPlayerCheats,CheatMeasureCursor,"Exec|Native",0x5422050,0x0,0,UNVERIFIABLE,"THUNK page never decrypted -- impl not reachable offline","","() -> void"
LokiPlayerCheats,LokiPlayerCheats,CheatMuteAudio,"Exec|Native",0x5422070,0x0,0,UNVERIFIABLE,"THUNK page never decrypted -- impl not reachable offline","","(int32 mute) -> void"
LokiPlayerCheats,LokiPlayerCheats,CheatNoCooldowns,"Exec|Native",0x5422100,0x0,0,UNVERIFIABLE,"THUNK page never decrypted -- impl not reachable offline","","(double Enabled) -> void"
LokiPlayerCheats,LokiPlayerCheats,CheatSetEmote,"Exec|Native",0x5422180,0x0,0,UNVERIFIABLE,"THUNK page never decrypted -- impl not reachable offline","","(byte EmoteIndex, FName EmoteName) -> void"
LokiPlayerCheats,LokiPlayerCheats,CheatSetRankedPoints,"Exec|Native|BPCallable",0x52fd8f0,0xf7ec20,3,RET_STUB,"C2 00 00 (ret 0) -- empty body   [4784 ICF call sites]","P_FINISH-anchored call rel32 (mult=4784)","(int32 Amount) -> void"
LokiPlayerCheats,LokiPlayerCheats,CheatSetTeamEliminated,"Native|BPCallable",0x5422250,0x0,0,UNVERIFIABLE,"THUNK page never decrypted -- impl not reachable offline","","(Object(Object) WorldContextObject, int32 TeamIndex, bool bEliminated) -> void"
LokiPlayerCheats,LokiPlayerCheats,CheatSetXP,"Exec|Native|BPCallable",0x52fd8f0,0xf7ec20,3,RET_STUB,"C2 00 00 (ret 0) -- empty body   [4784 ICF call sites]","P_FINISH-anchored call rel32 (mult=4784)","(int32 XPAmount) -> void"
LokiPlayerCheats,LokiPlayerCheats,CheatTeleportCursor,"Native|BPCallable",0x2c2ce30,0xf7ec20,3,RET_STUB,"C2 00 00 (ret 0) -- empty body   [4784 ICF call sites]","P_FINISH-anchored call rel32 (mult=4784)","(Object(Actor) ActorToTeleport) -> void"
LokiPlayerCheats,LokiPlayerCheats,CheatTeleportLocation,"Exec|Native|BPCallable",0x5422360,0x0,0,UNVERIFIABLE,"THUNK page never decrypted -- impl not reachable offline","","(double X, double Y, double Z) -> void"
LokiPlayerCheats,LokiPlayerCheats,CheatTravelToMainMenu,"Exec|Native",0x5254180,0x5795300,516,REAL,"113 ins, 15 calls, pdata bounds","P_FINISH-anchored jmp rel32 (mult=0)","() -> void"
LokiPlayerCheats,LokiPlayerCheats,ClientHypeUpdated,"Net|NetClient|NetReliable|Native",0x5423220,0x0,0,UNVERIFIABLE,"THUNK page never decrypted -- impl not reachable offline","","(int32 Hype) -> void"
LokiPlayerCheats,LokiPlayerCheats,EnableForceDisplayCharacterName,"Exec|Native",0x54245f0,0x55d3990,17,TRIVIAL,"xorps xmm0, xmm0; ucomisd xmm1, xmm0; je 0x55d39a1; mov byte ptr [rcx + 0x392], 1; ret   [0 ICF call sites]","P_FINISH-anchored call rel32 (mult=0)","(double Enabled) -> void"
LokiPlayerCheats,LokiPlayerCheats,EnableHotkeyCheats,"Exec|Native",0x5424670,0x55d39b0,128,REAL,"37 ins, 4 calls, sweep bounds","P_FINISH-anchored call rel32 (mult=0)","(double Enabled) -> void"
LokiPlayerCheats,LokiPlayerCheats,GetAbilitySystemComponent,"Native|BPCallable",0x54071c0,0xf7eb50,3,ZERO_STUB,"33 C0 C3 (xor eax,eax; ret) -- 0 / nullptr   [58 ICF call sites]","P_FINISH-anchored call rel32 (mult=58)","() -> Object(LokiAbilitySystemComponent)"
LokiPlayerCheats,LokiPlayerCheats,GetActorsByName,"Native|BPCallable",0x5424730,0x55d4c40,231,REAL,"66 ins, 11 calls, pdata bounds","final call rel32 (mult=0)","(FString Name, FString NamePrefix, bool bAllowExtraCharacters) -> Array(<ClassProperty>)"
LokiPlayerCheats,LokiPlayerCheats,GetClientCursorLocation,"Native|BPCallable",0x5424970,0x55d5b50,127,REAL,"37 ins, 5 calls, pdata bounds","P_FINISH-anchored call rel32 (mult=0)","() -> Struct(Vector)"
LokiPlayerCheats,LokiPlayerCheats,GetGameplayEffectsByName,"Native|BPCallable",0x5424b40,0x55d8580,231,REAL,"66 ins, 11 calls, pdata bounds","final call rel32 (mult=0)","(FString Name, FString NamePrefix, bool bAllowExtraCharacters) -> Array(<ClassProperty>)"
LokiPlayerCheats,LokiPlayerCheats,GetHeroCharacter,"Native|BPCallable",0x54071c0,0xf7eb50,3,ZERO_STUB,"33 C0 C3 (xor eax,eax; ret) -- 0 / nullptr   [58 ICF call sites]","P_FINISH-anchored call rel32 (mult=58)","() -> Object(LokiHeroCharacter)"
LokiPlayerCheats,LokiPlayerCheats,GetLocalLokiPlayerCheatsBP,"Native|Static|BPCallable",0x5424f70,0xf7eb50,3,ZERO_STUB,"33 C0 C3 (xor eax,eax; ret) -- 0 / nullptr   [58 ICF call sites]","P_FINISH-anchored call rel32 (mult=58)","(Object(Object) WorldContextObject) -> Object(LokiPlayerCheats)"
LokiPlayerCheats,LokiPlayerCheats,GetObjectsByName,"Native|BPCallable",0x5425030,0x55d9940,320,REAL,"89 ins, 13 calls, sweep bounds","final call rel32 (mult=0)","(FString Name, FString NamePrefix, bool bAllowExtraCharacters) -> Array(<ClassProperty>)"
LokiPlayerCheats,LokiPlayerCheats,GetPlayerController,"Native|BPCallable",0x54071c0,0xf7eb50,3,ZERO_STUB,"33 C0 C3 (xor eax,eax; ret) -- 0 / nullptr   [58 ICF call sites]","P_FINISH-anchored call rel32 (mult=58)","() -> Object(LokiPlayerController)"
LokiPlayerCheats,LokiPlayerCheats,GetPlayerState,"Native|BPCallable",0x54071c0,0xf7eb50,3,ZERO_STUB,"33 C0 C3 (xor eax,eax; ret) -- 0 / nullptr   [58 ICF call sites]","P_FINISH-anchored call rel32 (mult=58)","() -> Object(LokiPlayerState)"
LokiPlayerCheats,LokiPlayerCheats,GetUnusedTeamIndex,"Native|BPCallable",0x54252d0,0x55db2a0,192,REAL,"50 ins, 1 calls, pdata bounds","P_FINISH-anchored call rel32 (mult=1)","(Object(Object) WorldContextObject) -> int32"
LokiPlayerCheats,LokiPlayerCheats,HeightMapVisualize,"Exec|Native",0x5425450,0x55dccf0,49,REAL,"16 ins, 2 calls, pdata bounds","P_FINISH-anchored call rel32 (mult=0)","(int32 Enabled) -> void"
LokiPlayerCheats,LokiPlayerCheats,HeightMapVisualizeHideAbyss,"Exec|Native",0x54254e0,0x55dcd30,49,REAL,"16 ins, 2 calls, pdata bounds","P_FINISH-anchored call rel32 (mult=0)","(int32 Enabled) -> void"
LokiPlayerCheats,LokiPlayerCheats,HeightMapVisualizeRadius,"Exec|Native",0x5425570,0x55dcd70,56,REAL,"15 ins, 1 calls, pdata bounds","P_FINISH-anchored call rel32 (mult=0)","(double Radius) -> void"
LokiPlayerCheats,LokiPlayerCheats,HotkeyCheatsEnabledOnly,"Native|BPCallable|HasOutParms",0x5421a70,0x1f67df0,16,REAL,"6 ins, 1 calls, sweep bounds","P_FINISH-anchored call rel32 (mult=1)","() out[Enum(EHotKeyCheatsEnabledOnlyExecPins) OutputExecs] -> void"
LokiPlayerCheats,LokiPlayerCheats,IsForceDisplayCharacterNameEnabled,"Native|BPCallable",0x52fd980,0xf7eb60,3,FALSE_STUB,"32 C0 C3 (xor al,al; ret) -- always false   [192 ICF call sites]","P_FINISH-anchored call rel32 (mult=192)","() -> bool"
LokiPlayerCheats,LokiPlayerCheats,LogActorsAtWorldOrigin,"Exec|Native|BPCallable",0x5254180,0x5795300,516,REAL,"113 ins, 15 calls, pdata bounds","P_FINISH-anchored jmp rel32 (mult=0)","() -> void"
LokiPlayerCheats,LokiPlayerCheats,LogActorsInRadiusNear,"Exec|Native|BPCallable|HasOutParms",0x5425800,0xf7ec20,3,RET_STUB,"C2 00 00 (ret 0) -- empty body   [4784 ICF call sites]","P_FINISH-anchored call rel32 (mult=4784)","(double Radius) out[Struct(Vector) position] -> void"
LokiPlayerCheats,LokiPlayerCheats,Note,"Exec|Native",0x5425b70,0x55df3e0,113,REAL,"28 ins, 3 calls, pdata bounds","P_FINISH-anchored call rel32 (mult=0)","(FString Comment) -> void"
LokiPlayerCheats,LokiPlayerCheats,ReceiveBoostPlayer,"BPEvent",0x13454a0,0x13454a0,0,SCRIPT,"BP/script-implemented UFunction (no native impl exists)","thunk IS ProcessInternal","() -> void"
LokiPlayerCheats,LokiPlayerCheats,ReceiveInitializeAfterController,"BPEvent",0x13454a0,0x13454a0,0,SCRIPT,"BP/script-implemented UFunction (no native impl exists)","thunk IS ProcessInternal","() -> void"
LokiPlayerCheats,LokiPlayerCheats,RequestGameplayTag,"Native|BPCallable|HasOutParms",0x54261d0,0x0,0,UNVERIFIABLE,"THUNK page never decrypted -- impl not reachable offline","","(FString TagString) out[Struct(GameplayTag) OutTag] -> bool"
LokiPlayerCheats,LokiPlayerCheats,RequestStatusDump,"Exec|Native",0x5426340,0x0,0,UNVERIFIABLE,"THUNK page never decrypted -- impl not reachable offline","","() -> void"
LokiPlayerCheats,LokiPlayerCheats,RequestStatusDumpCursor,"Exec|Native",0x5426360,0x0,0,UNVERIFIABLE,"THUNK page never decrypted -- impl not reachable offline","","() -> void"
LokiPlayerCheats,LokiPlayerCheats,ServerBoostPlayer,"Net|NetServer|NetReliable|Native|BPCallable",0x3702560,0xf7ec20,3,RET_STUB,"C2 00 00 (ret 0) -- empty body   [4784 ICF call sites]","VIRTUAL LokiPlayerCheats vtable[+0x820] -> 0xf7ec20","() -> void"
LokiPlayerCheats,LokiPlayerCheats,ServerChangeHero,"Net|NetServer|NetReliable|Native",0x5426630,0x0,0,UNVERIFIABLE,"THUNK page never decrypted -- impl not reachable offline","","(FString HeroName) -> void"
LokiPlayerCheats,LokiPlayerCheats,ServerCheatChangeGliderCosmetic,"Net|NetServer|NetReliable|Native|BPCallable",0x54266d0,0x0,0,UNVERIFIABLE,"THUNK page never decrypted -- impl not reachable offline","","(Struct(PrimaryAssetId) CosmeticAsset) -> void"
LokiPlayerCheats,LokiPlayerCheats,ServerCheatChangeHero,"Net|NetServer|NetReliable|Native|BPCallable",0x5426760,0x0,0,UNVERIFIABLE,"THUNK page never decrypted -- impl not reachable offline","","(Class(Class) HeroClass) -> void"
LokiPlayerCheats,LokiPlayerCheats,ServerCheatChangeHeroCosmetic,"Net|NetServer|NetReliable|Native|BPCallable",0x5426810,0x0,0,UNVERIFIABLE,"THUNK page never decrypted -- impl not reachable offline","","(Struct(PrimaryAssetId) CosmeticAsset) -> void"
LokiPlayerCheats,LokiPlayerCheats,ServerCheatChangeSpikeVFXCosmetic,"Net|NetServer|NetReliable|Native|BPCallable",0x54268a0,0x0,0,UNVERIFIABLE,"THUNK page never decrypted -- impl not reachable offline","","(Struct(PrimaryAssetId) CosmeticAsset) -> void"
LokiPlayerCheats,LokiPlayerCheats,ServerCheatChangeWispCosmetic,"Net|NetServer|NetReliable|Native|BPCallable",0x5426930,0x0,0,UNVERIFIABLE,"THUNK page never decrypted -- impl not reachable offline","","(Struct(PrimaryAssetId) CosmeticAsset) -> void"
LokiPlayerCheats,LokiPlayerCheats,ServerCheatNoCooldowns,"Net|NetServer|NetReliable|Native",0x54269c0,0x0,0,UNVERIFIABLE,"THUNK page never decrypted -- impl not reachable offline","","(bool bEnabled) -> void"
LokiPlayerCheats,LokiPlayerCheats,ServerCheatSpawnActor,"Net|NetServer|NetReliable|Native|BPCallable",0x5426a50,0x0,0,UNVERIFIABLE,"THUNK page never decrypted -- impl not reachable offline","","(Class(Class) ClassToSpawn, Struct(Vector) Location) -> void"
LokiPlayerCheats,LokiPlayerCheats,ServerCheatSpawnItem,"Net|NetServer|NetReliable|Native|BPCallable",0x5426b40,0x0,0,UNVERIFIABLE,"THUNK page never decrypted -- impl not reachable offline","","(Class(Class) ClassToSpawn, int32 StarCount, int32 TierNumber, Struct(Vector) Location) -> void"
LokiPlayerCheats,LokiPlayerCheats,ServerNextHero,"Net|NetServer|NetReliable|Native|BPCallable",0x54272c0,0x0,0,UNVERIFIABLE,"THUNK page never decrypted -- impl not reachable offline","","() -> void"
LokiPlayerCheats,LokiPlayerCheats,ServerNote,"Net|NetServer|NetReliable|Native",0x46accd0,0x0,0,UNVERIFIABLE,"THUNK page never decrypted -- impl not reachable offline","","(FString Comment) -> void"
LokiPlayerCheats,LokiPlayerCheats,ServerPreviousHero,"Net|NetServer|NetReliable|Native|BPCallable",0x44176d0,0x0,0,UNVERIFIABLE,"THUNK page never decrypted -- impl not reachable offline","","() -> void"
LokiPlayerCheats,LokiPlayerCheats,ServerRequestStatusDump,"Net|NetServer|NetReliable|Native",0x5427650,0x0,0,UNVERIFIABLE,"THUNK page never decrypted -- impl not reachable offline","","(Object(LokiCharacter) Character) -> void"
LokiPlayerCheats,LokiPlayerCheats,ServerSpawnAndReplaceItem,"Net|NetServer|NetReliable|Native|BPCallable",0x5427b10,0x0,0,UNVERIFIABLE,"THUNK page never decrypted -- impl not reachable offline","","(Class(Class) ItemClass, FName SlotName, int32 SlotIndex) -> void"
LokiPlayerCheats,LokiPlayerCheats,ServerTeleportLocation,"Net|NetServer|NetReliable|Native",0x5427d00,0x0,0,UNVERIFIABLE,"THUNK page never decrypted -- impl not reachable offline","","(Struct(Vector) Location, Object(Actor) ActorToTeleport, Enum(ETeleportClampToGround) TeleportClampToGround) -> void"
LokiPlayerCheats,LokiPlayerCheats,ServerToggleGameplayEffect,"Net|NetServer|NetReliable|Native|BPCallable",0x5427eb0,0x0,0,UNVERIFIABLE,"THUNK page never decrypted -- impl not reachable offline","","(Class(Class) EffectClass) -> void"
LokiPlayerCheats,LokiPlayerCheats,ServerUpdateHype,"Net|NetServer|NetReliable|Native|BPCallable",0x38abd50,0x0,0,UNVERIFIABLE,"THUNK page never decrypted -- impl not reachable offline","","() -> void"
LokiPlayerCheats,LokiPlayerCheats,SetGamepadAimSettings,"Exec|Native",0x5428180,0x55653e0,0,UNVERIFIABLE,"impl page never decrypted in any dump","P_FINISH-anchored call rel32 (mult=7)","(float Sensitivity, float DeadZone, float InputRange, float ScreenPercent, bool bTwinStick) -> void"
LokiPlayerCheats,LokiPlayerCheats,TestErrorMessage,"Exec|Native",0x5317db0,0x55e74a0,61,REAL,"18 ins, 3 calls, pdata bounds","final call rel32 (mult=1)","(FString TestMessage) -> void"
LokiPlayerCheats,LokiPlayerCheats,TryInitializeAfterController,"Native",0x5254180,0x5795300,516,REAL,"113 ins, 15 calls, pdata bounds","P_FINISH-anchored jmp rel32 (mult=0)","() -> void"
LokiPlayerCheats,Actor,ActorHasTag,"Native|BPCallable",0x33a5ab0,0x1345fe0,0,SUSPECT,"resolved to FFrame helper 0x1345fe0 -- unresolved indirect dispatch","final call rel32 (mult=12668)","(FName Tag) -> bool"
LokiPlayerCheats,Actor,AddComponent,"Native|BPCallable|HasOutParms",0x33a5b70,0x751deb0,30,REAL,"8 ins, 1 calls, pdata bounds","final call rel32 (mult=15617)","(FName TemplateName, bool bManualAttachment, Object(Object) ComponentTemplateContext, bool bDeferredFinish) out[Struct(Transform) RelativeTransform] -> Object(ActorComponent)"
LokiPlayerCheats,Actor,AddComponentByClass,"Native|BPCallable|HasOutParms",0x33a5d80,0x751deb0,30,REAL,"8 ins, 1 calls, pdata bounds","final call rel32 (mult=15617)","(Class(Class) Class, bool bManualAttachment, bool bDeferredFinish) out[Struct(Transform) RelativeTransform] -> Object(ActorComponent)"
LokiPlayerCheats,Actor,AddForce,"Native|BPCallable",0x33a6260,0x3377610,113,REAL,"31 ins, 2 calls, pdata bounds","VIRTUAL LokiPlayerCheats vtable[+0x2e0] -> 0x3377610","(Struct(Vector) Force, Object(Actor) ForceInstigator) -> void"
LokiPlayerCheats,Actor,AddImpulse,"Native|BPCallable",0x33a6350,0x3377690,128,REAL,"34 ins, 2 calls, pdata bounds","VIRTUAL LokiPlayerCheats vtable[+0x2d8] -> 0x3377690","(Struct(Vector) Impulse, bool bIgnoreMass, bool bRequiresGravityOn, bool bXYOverride, bool bZOverride, Object(Actor) ImpulseInstigator, bool bSuppressGlobalGameplayCue) -> void"
LokiPlayerCheats,Actor,AddTickPrerequisiteActor,"Native|BPCallable",0x33a65b0,0x3377d80,32,REAL,"11 ins, 1 calls, sweep bounds","VIRTUAL LokiPlayerCheats vtable[+0x398] -> 0x3377d80","(Object(Actor) PrerequisiteActor) -> void"
LokiPlayerCheats,Actor,AddTickPrerequisiteComponent,"Native|BPCallable",0x33a6640,0x3377da0,32,REAL,"11 ins, 1 calls, sweep bounds","VIRTUAL LokiPlayerCheats vtable[+0x3a0] -> 0x3377da0","(Object(ActorComponent) PrerequisiteComponent) -> void"
LokiPlayerCheats,Actor,BP_LokiBeginPlay,"BPEvent",0x13454a0,0x13454a0,0,SCRIPT,"BP/script-implemented UFunction (no native impl exists)","thunk IS ProcessInternal","() -> void"
LokiPlayerCheats,Actor,BP_LokiEndPlay,"BPEvent",0x13454a0,0x13454a0,0,SCRIPT,"BP/script-implemented UFunction (no native impl exists)","thunk IS ProcessInternal","() -> void"
LokiPlayerCheats,Actor,BP_PooledActorTornOff,"BPEvent",0x13454a0,0x13454a0,0,SCRIPT,"BP/script-implemented UFunction (no native impl exists)","thunk IS ProcessInternal","() -> void"
LokiPlayerCheats,Actor,BP_TornOff,"Native|BPEvent",0x326d280,0xf7ec20,3,RET_STUB,"C2 00 00 (ret 0) -- empty body   [4784 ICF call sites]","VIRTUAL LokiPlayerCheats vtable[+0x2c0] -> 0xf7ec20","() -> void"
LokiPlayerCheats,Actor,CanTriggerResimulation,"Native|BPCallable",0x33a67b0,0x337ee00,146,REAL,"42 ins, 3 calls, pdata bounds","VIRTUAL LokiPlayerCheats vtable[+0x370] -> 0x337ee00","() -> bool"
LokiPlayerCheats,Actor,CreateInputComponent,"Native|BPCallable",0x33a67e0,0x337dc80,408,REAL,"100 ins, 8 calls, pdata bounds","VIRTUAL LokiPlayerCheats vtable[+0x368] -> 0x337dc80","(Class(Class) InputComponentToCreate) -> void"
LokiPlayerCheats,Actor,DetachRootComponentFromParent,"Native|BPCallable",0x33a6890,0x337e9b0,174,REAL,"37 ins, 1 calls, pdata bounds","P_FINISH-anchored call rel32 (mult=1)","(bool bMaintainWorldPosition) -> void"
LokiPlayerCheats,Actor,DisableInput,"Native|BPCallable",0x33a6920,0x337ee00,146,REAL,"42 ins, 3 calls, pdata bounds","VIRTUAL LokiPlayerCheats vtable[+0x370] -> 0x337ee00","(Object(PlayerController) PlayerController) -> void"
LokiPlayerCheats,Actor,EnableInput,"Native|BPCallable",0x33a69b0,0x3382490,252,REAL,"60 ins, 5 calls, pdata bounds","VIRTUAL LokiPlayerCheats vtable[+0x360] -> 0x3382490","(Object(PlayerController) PlayerController) -> void"
LokiPlayerCheats,Actor,FindComponentByTag,"Native|BPCallable",0x33a6c00,0x3383ec0,715,REAL,"209 ins, 7 calls, pdata bounds","final call rel32 (mult=1)","(Class(Class) ComponentClass, FName Tag) -> Object(ActorComponent)"
LokiPlayerCheats,Actor,FinishAddComponent,"Native|BPCallable|HasOutParms",0x33a6cf0,0x751deb0,30,REAL,"8 ins, 1 calls, pdata bounds","final call rel32 (mult=15617)","(Object(ActorComponent) Component, bool bManualAttachment) out[Struct(Transform) RelativeTransform] -> void"
LokiPlayerCheats,Actor,FlushNetDormancy,"Native|BPCallable",0x33a6f60,0x33854b0,280,REAL,"81 ins, 7 calls, pdata bounds","VIRTUAL LokiPlayerCheats vtable[+0x738] -> 0x33854b0","() -> void"
LokiPlayerCheats,Actor,FlushNetDormancyOwnerOnly,"Native|BPCallable",0x33a6f80,0x33854b0,280,REAL,"81 ins, 7 calls, pdata bounds","VIRTUAL LokiPlayerCheats vtable[+0x738] -> 0x33854b0","() -> void"
LokiPlayerCheats,Actor,ForceNetUpdate,"Native|BPCallable",0x33a6fa0,0x33854b0,280,REAL,"81 ins, 7 calls, pdata bounds","VIRTUAL LokiPlayerCheats vtable[+0x738] -> 0x33854b0","() -> void"
LokiPlayerCheats,Actor,GetActorBounds,"Native|BPCallable|HasOutParms",0x33a6fc0,0x3385f90,178,REAL,"39 ins, 0 calls, pdata bounds","VIRTUAL LokiPlayerCheats vtable[+0x378] -> 0x3385f90","(bool bOnlyCollidingComponents, bool bIncludeFromChildActors) out[Struct(Vector) Origin, Struct(Vector) BoxExtent] -> void"
LokiPlayerCheats,Actor,GetActorEnableCollision,"Native|BPCallable",0x33a7160,0x3630250,314,REAL,"67 ins, 0 calls, pdata bounds","final call rel32 (mult=31)","() -> bool"
LokiPlayerCheats,Actor,GetActorEyesViewPoint,"Native|BPCallable|HasOutParms",0x33a7190,0x3386060,349,REAL,"71 ins, 2 calls, pdata bounds","VIRTUAL LokiPlayerCheats vtable[+0x748] -> 0x3386060","() out[Struct(Vector) OutLocation, Struct(Rotator) OutRotation] -> void"
LokiPlayerCheats,Actor,GetActorForwardVector,"Native|BPCallable",0x33a7280,0x3630250,314,REAL,"67 ins, 0 calls, pdata bounds","final call rel32 (mult=31)","() -> Struct(Vector)"
LokiPlayerCheats,Actor,GetActorRelativeScale3D,"Native|BPCallable",0x33a72f0,0x0,97,INLINED,"thunk 22 ins / 97 B, 0 helper calls","no rel32 callee at all -> impl INLINED into the thunk","() -> Struct(Vector)"
LokiPlayerCheats,Actor,GetActorRightVector,"Native|BPCallable",0x33a7360,0x3685c50,314,REAL,"67 ins, 0 calls, pdata bounds","final call rel32 (mult=3)","() -> Struct(Vector)"
LokiPlayerCheats,Actor,GetActorScale3D,"Native|BPCallable",0x33a73d0,0x0,97,INLINED,"thunk 22 ins / 97 B, 0 helper calls","no rel32 callee at all -> impl INLINED into the thunk","() -> Struct(Vector)"
LokiPlayerCheats,Actor,GetActorTickInterval,"Native|BPCallable",0x33a7440,0xf7ec20,3,RET_STUB,"C2 00 00 (ret 0) -- empty body   [4784 ICF call sites]","VIRTUAL LokiPlayerCheats vtable[+0x7e8] -> 0xf7ec20","() -> float"
LokiPlayerCheats,Actor,GetActorTimeDilation,"Native|BPCallable",0x33a7460,0xf7ec20,3,RET_STUB,"C2 00 00 (ret 0) -- empty body   [4784 ICF call sites]","VIRTUAL LokiPlayerCheats vtable[+0x7e8] -> 0xf7ec20","() -> float"
LokiPlayerCheats,Actor,GetActorUpVector,"Native|BPCallable",0x33a74d0,0x3688910,311,REAL,"66 ins, 0 calls, pdata bounds","final call rel32 (mult=3)","() -> Struct(Vector)"
LokiPlayerCheats,Actor,GetAllChildActors,"Native|BPCallable|HasOutParms",0x33a7540,0x33863f0,604,REAL,"158 ins, 16 calls, pdata bounds","P_FINISH-anchored call rel32 (mult=3)","(bool bIncludeDescendants) out[Array(<ObjectProperty>) ChildActors] -> void"
LokiPlayerCheats,Actor,GetAttachedActors,"Native|BPCallable|HasOutParms",0x33a76c0,0x33867d0,115,REAL,"30 ins, 2 calls, pdata bounds","P_FINISH-anchored call rel32 (mult=8)","(bool bResetArray, bool bRecursivelyIncludeAttachedActors) out[Array(<ObjectProperty>) OutActors] -> void"
LokiPlayerCheats,Actor,GetAttachParentActor,"Native|BPCallable",0x33a7640,0x33867d0,115,REAL,"30 ins, 2 calls, pdata bounds","P_FINISH-anchored call rel32 (mult=8)","() -> Object(Actor)"
LokiPlayerCheats,Actor,GetAttachParentSocketName,"Native|BPCallable",0x33a7680,0x33867d0,115,REAL,"30 ins, 2 calls, pdata bounds","P_FINISH-anchored call rel32 (mult=8)","() -> FName"
LokiPlayerCheats,Actor,GetComponentByClass,"Native|BPCallable",0x33a7930,0x33838d0,704,REAL,"199 ins, 4 calls, pdata bounds","VIRTUAL LokiPlayerCheats vtable[+0x760] -> 0x33838d0","(Class(Class) ComponentClass) -> Object(ActorComponent)"
LokiPlayerCheats,Actor,GetComponentsByInterface,"Native|BPCallable",0x33a7a00,0xfa8910,149,REAL,"42 ins, 0 calls, pdata bounds","final call rel32 (mult=4474)","(Class(Class) Interface) -> Array(<ObjectProperty>)"
LokiPlayerCheats,Actor,GetComponentsByTag,"Native|BPCallable",0x33a7e00,0x3388120,572,REAL,"160 ins, 16 calls, pdata bounds","final call rel32 (mult=3)","(Class(Class) ComponentClass, FName Tag) -> Array(<ObjectProperty>)"
LokiPlayerCheats,Actor,GetDistanceTo,"Native|BPCallable",0x33a7f30,0x1345fe0,0,SUSPECT,"resolved to FFrame helper 0x1345fe0 -- unresolved indirect dispatch","final call rel32 (mult=12668)","(Object(Actor) OtherActor) -> float"
LokiPlayerCheats,Actor,GetDotProductTo,"Native|BPCallable",0x33a80b0,0x3630250,314,REAL,"67 ins, 0 calls, pdata bounds","final call rel32 (mult=31)","(Object(Actor) OtherActor) -> float"
LokiPlayerCheats,Actor,GetGameTimeSinceCreation,"Native|BPCallable",0x33a8310,0x338c990,136,REAL,"43 ins, 2 calls, pdata bounds","P_FINISH-anchored call rel32 (mult=764)","() -> float"
LokiPlayerCheats,Actor,GetHorizontalDistanceTo,"Native|BPCallable",0x33a8380,0x1345fe0,0,SUSPECT,"resolved to FFrame helper 0x1345fe0 -- unresolved indirect dispatch","final call rel32 (mult=12668)","(Object(Actor) OtherActor) -> float"
LokiPlayerCheats,Actor,GetHorizontalDotProductTo,"Native|BPCallable",0x33a84e0,0x3630250,314,REAL,"67 ins, 0 calls, pdata bounds","final call rel32 (mult=31)","(Object(Actor) OtherActor) -> float"
LokiPlayerCheats,Actor,GetInputAxisKeyValue,"Native|BPCallable",0x33a8730,0x362ef40,224,REAL,"62 ins, 3 calls, pdata bounds","final call rel32 (mult=2)","(Struct(Key) InputAxisKey) -> float"
LokiPlayerCheats,Actor,GetInputAxisValue,"Native|BPCallable",0x33a8890,0x362f030,186,REAL,"48 ins, 3 calls, pdata bounds","final call rel32 (mult=1)","(FName InputAxisName) -> float"
LokiPlayerCheats,Actor,GetInputVectorAxisValue,"Native|BPCallable",0x33a8940,0x3639510,251,REAL,"70 ins, 3 calls, pdata bounds","final call rel32 (mult=2)","(Struct(Key) InputAxisKey) -> Struct(Vector)"
LokiPlayerCheats,Actor,GetInstigator,"Native|BPCallable",0x33a8ac0,0x0,32,INLINED,"thunk 9 ins / 32 B, 0 helper calls","no rel32 callee at all -> impl INLINED into the thunk","() -> Object(Pawn)"
LokiPlayerCheats,Actor,GetInstigatorController,"Native|BPCallable",0x33a8ae0,0x1258bf0,352,REAL,"91 ins, 4 calls, sweep bounds","final call rel32 (mult=11025)","() -> Object(Controller)"
LokiPlayerCheats,Actor,GetLevelTransform,"Native|BPCallable",0x33a8b50,0x338a760,188,REAL,"43 ins, 3 calls, pdata bounds","P_FINISH-anchored call rel32 (mult=1)","() -> Struct(Transform)"
LokiPlayerCheats,Actor,GetLifeSpan,"Native|BPCallable",0x33a8bc0,0x338a820,94,REAL,"25 ins, 4 calls, pdata bounds","VIRTUAL LokiPlayerCheats vtable[+0x438] -> 0x338a820","() -> float"
LokiPlayerCheats,Actor,GetLocalRole,"Native|BPCallable",0x33a8c00,0x0,32,INLINED,"thunk 9 ins / 32 B, 0 helper calls","no rel32 callee at all -> impl INLINED into the thunk","() -> byte"
LokiPlayerCheats,Actor,GetOverlappingActors,"Native|BPCallable|HasOutParms",0x33a8ca0,0x338af20,432,REAL,"109 ins, 3 calls, pdata bounds","final call rel32 (mult=1)","(Class(Class) ClassFilter) out[Array(<ObjectProperty>) OverlappingActors] -> void"
LokiPlayerCheats,Actor,GetOverlappingComponents,"Native|BPCallable|HasOutParms",0x33a8db0,0x338b6a0,560,REAL,"139 ins, 4 calls, pdata bounds","P_FINISH-anchored call rel32 (mult=1)","() out[Array(<ObjectProperty>) OverlappingComponents] -> void"
LokiPlayerCheats,Actor,GetOwner,"Native|BPCallable",0x33a8e60,0x0,32,INLINED,"thunk 9 ins / 32 B, 0 helper calls","no rel32 callee at all -> impl INLINED into the thunk","() -> Object(Actor)"
LokiPlayerCheats,Actor,GetParentActor,"Native|BPCallable",0x33a8e80,0x137de80,96,REAL,"32 ins, 0 calls, sweep bounds","P_FINISH-anchored call rel32 (mult=3778)","() -> Object(Actor)"
LokiPlayerCheats,Actor,GetParentComponent,"Native|BPCallable",0x33a8ed0,0x137de80,96,REAL,"32 ins, 0 calls, sweep bounds","P_FINISH-anchored call rel32 (mult=3778)","() -> Object(ChildActorComponent)"
LokiPlayerCheats,Actor,GetPhysicsReplicationMode,"Native|BPCallable",0x33a8f10,0x0,32,INLINED,"thunk 9 ins / 32 B, 0 helper calls","no rel32 callee at all -> impl INLINED into the thunk","() -> Enum(EPhysicsReplicationMode)"
LokiPlayerCheats,Actor,GetRayTracingGroupId,"Native|BPCallable",0x33a8f30,0x338be70,113,REAL,"32 ins, 2 calls, pdata bounds","P_FINISH-anchored call rel32 (mult=1)","() -> int32"
LokiPlayerCheats,Actor,GetRemoteRole,"Native|BPCallable",0x33a8f60,0x1345fe0,0,SUSPECT,"resolved to FFrame helper 0x1345fe0 -- unresolved indirect dispatch","final call rel32 (mult=12668)","() -> byte"
LokiPlayerCheats,Actor,GetResimulationThreshold,"Native|BPCallable",0x33a8f80,0x1225f20,912,REAL,"272 ins, 9 calls, sweep bounds","final call rel32 (mult=1072)","() -> float"
LokiPlayerCheats,Actor,GetSquaredDistanceTo,"Native|BPCallable",0x33a8fe0,0x1345fe0,0,SUSPECT,"resolved to FFrame helper 0x1345fe0 -- unresolved indirect dispatch","final call rel32 (mult=12668)","(Object(Actor) OtherActor) -> float"
LokiPlayerCheats,Actor,GetSquaredHorizontalDistanceTo,"Native|BPCallable",0x33a9160,0x1345fe0,0,SUSPECT,"resolved to FFrame helper 0x1345fe0 -- unresolved indirect dispatch","final call rel32 (mult=12668)","(Object(Actor) OtherActor) -> float"
LokiPlayerCheats,Actor,GetTickableWhenPaused,"Native|BPCallable",0x33a92c0,0x0,32,INLINED,"thunk 11 ins / 32 B, 0 helper calls","no rel32 callee at all -> impl INLINED into the thunk","() -> bool"
LokiPlayerCheats,Actor,GetTransform,"Native|BPCallable",0x33a92e0,0x338c870,71,REAL,"20 ins, 0 calls, pdata bounds","VIRTUAL LokiPlayerCheats vtable[+0x380] -> 0x338c870","() -> Struct(Transform)"
LokiPlayerCheats,Actor,GetVelocity,"Native|BPCallable",0x33a9350,0x338c870,71,REAL,"20 ins, 0 calls, pdata bounds","VIRTUAL LokiPlayerCheats vtable[+0x380] -> 0x338c870","() -> Struct(Vector)"
LokiPlayerCheats,Actor,GetVerticalDistanceTo,"Native|BPCallable",0x33a93a0,0x1345fe0,0,SUSPECT,"resolved to FFrame helper 0x1345fe0 -- unresolved indirect dispatch","final call rel32 (mult=12668)","(Object(Actor) OtherActor) -> float"
LokiPlayerCheats,Actor,HasAuthority,"Native|BPCallable",0x33a9500,0x0,128,INLINED,"thunk 38 ins / 128 B, 1 helper calls","only teardown calls -> impl INLINED","() -> bool"
LokiPlayerCheats,Actor,IsActorBeingDestroyed,"Native|BPCallable",0x33a9530,0x0,80,INLINED,"thunk 25 ins / 80 B, 1 helper calls","only teardown calls -> impl INLINED","() -> bool"
LokiPlayerCheats,Actor,IsActorTickEnabled,"Native|BPCallable",0x33a9560,0x0,32,INLINED,"thunk 10 ins / 32 B, 0 helper calls","no rel32 callee at all -> impl INLINED into the thunk","() -> bool"
LokiPlayerCheats,Actor,IsChildActor,"Native|BPCallable",0x33a9580,0x137fcc0,240,REAL,"81 ins, 0 calls, sweep bounds","P_FINISH-anchored call rel32 (mult=1152)","() -> bool"
LokiPlayerCheats,Actor,IsEditorLockLocation,"Native|BPCallable",0x33a95c0,0xf7eb60,3,FALSE_STUB,"32 C0 C3 (xor al,al; ret) -- always false   [192 ICF call sites]","VIRTUAL LokiPlayerCheats vtable[+0x358] -> 0xf7eb60","() -> bool"
LokiPlayerCheats,Actor,IsOverlappingActor,"Native|BPCallable",0x33a95f0,0x338f5f0,256,REAL,"71 ins, 0 calls, pdata bounds","P_FINISH-anchored call rel32 (mult=1)","(Object(Actor) Other) -> bool"
LokiPlayerCheats,Actor,K2_AddActorLocalOffset,"Native|BPCallable|HasOutParms",0x33a9690,0x338fb20,353,REAL,"79 ins, 2 calls, pdata bounds","P_FINISH-anchored call rel32 (mult=1)","(Struct(Vector) DeltaLocation, bool bSweep, bool bTeleport) out[Struct(HitResult) SweepHitResult] -> void"
LokiPlayerCheats,Actor,K2_AddActorLocalRotation,"Native|BPCallable|HasOutParms",0x33a9880,0x338fc90,353,REAL,"79 ins, 2 calls, pdata bounds","P_FINISH-anchored call rel32 (mult=1)","(Struct(Rotator) DeltaRotation, bool bSweep, bool bTeleport) out[Struct(HitResult) SweepHitResult] -> void"
LokiPlayerCheats,Actor,K2_AddActorLocalTransform,"Native|BPCallable|HasOutParms",0x33a9a70,0x751deb0,30,REAL,"8 ins, 1 calls, pdata bounds","final call rel32 (mult=15617)","(bool bSweep, bool bTeleport) out[Struct(Transform) NewTransform, Struct(HitResult) SweepHitResult] -> void"
LokiPlayerCheats,Actor,K2_AddActorWorldOffset,"Native|BPCallable|HasOutParms",0x33a9cd0,0x338ff50,353,REAL,"79 ins, 2 calls, pdata bounds","P_FINISH-anchored call rel32 (mult=1)","(Struct(Vector) DeltaLocation, bool bSweep, bool bTeleport) out[Struct(HitResult) SweepHitResult] -> void"
LokiPlayerCheats,Actor,K2_AddActorWorldRotation,"Native|BPCallable|HasOutParms",0x33a9ec0,0x33900c0,353,REAL,"79 ins, 2 calls, pdata bounds","P_FINISH-anchored call rel32 (mult=1)","(Struct(Rotator) DeltaRotation, bool bSweep, bool bTeleport) out[Struct(HitResult) SweepHitResult] -> void"
LokiPlayerCheats,Actor,K2_AddActorWorldTransform,"Native|BPCallable|HasOutParms",0x33aa0b0,0x751deb0,30,REAL,"8 ins, 1 calls, pdata bounds","final call rel32 (mult=15617)","(bool bSweep, bool bTeleport) out[Struct(Transform) DeltaTransform, Struct(HitResult) SweepHitResult] -> void"
LokiPlayerCheats,Actor,K2_AddActorWorldTransformKeepScale,"Native|BPCallable|HasOutParms",0x33aa310,0x751deb0,30,REAL,"8 ins, 1 calls, pdata bounds","final call rel32 (mult=15617)","(bool bSweep, bool bTeleport) out[Struct(Transform) DeltaTransform, Struct(HitResult) SweepHitResult] -> void"
LokiPlayerCheats,Actor,K2_AttachRootComponentTo,"Native|BPCallable",0x33aa570,0x368d750,105,REAL,"26 ins, 0 calls, pdata bounds","final call rel32 (mult=4)","(Object(SceneComponent) InParent, FName InSocketName, byte AttachLocationType, bool bWeldSimulatedBodies) -> void"
LokiPlayerCheats,Actor,K2_AttachRootComponentToActor,"Native|BPCallable",0x33aa6d0,0x368d750,105,REAL,"26 ins, 0 calls, pdata bounds","final call rel32 (mult=4)","(Object(Actor) InParentActor, FName InSocketName, byte AttachLocationType, bool bWeldSimulatedBodies) -> void"
LokiPlayerCheats,Actor,K2_AttachToActor,"Native|BPCallable",0x33aa850,0x336a8c0,463,REAL,"114 ins, 6 calls, pdata bounds","final call rel32 (mult=6)","(Object(Actor) ParentActor, FName SocketName, Enum(EAttachmentRule) LocationRule, Enum(EAttachmentRule) RotationRule, Enum(EAttachmentRule) ScaleRule, bool bWeldSimulatedBodies) -> bool"
LokiPlayerCheats,Actor,K2_AttachToComponent,"Native|BPCallable",0x33aaa80,0x336a8c0,463,REAL,"114 ins, 6 calls, pdata bounds","final call rel32 (mult=6)","(Object(SceneComponent) Parent, FName SocketName, Enum(EAttachmentRule) LocationRule, Enum(EAttachmentRule) RotationRule, Enum(EAttachmentRule) ScaleRule, bool bWeldSimulatedBodies) -> bool"
LokiPlayerCheats,Actor,K2_DestroyActor,"Native|BPCallable",0x33aac90,0x33906b0,15,TRIVIAL,"mov rax, qword ptr [rcx]; mov r8b, 1; xor edx, edx; jmp qword ptr [rax + 0x440]   [0 ICF call sites]","VIRTUAL LokiPlayerCheats vtable[+0x390] -> 0x33906b0","() -> void"
LokiPlayerCheats,Actor,K2_DetachFromActor,"Native|BPCallable",0x33aacb0,0x20ad810,32,REAL,"8 ins, 2 calls, sweep bounds","VIRTUAL LokiPlayerCheats vtable[+0x4e0] -> 0x20ad810","(Enum(EDetachmentRule) LocationRule, Enum(EDetachmentRule) RotationRule, Enum(EDetachmentRule) ScaleRule) -> void"
LokiPlayerCheats,Actor,K2_GetActorLocation,"Native|BPCallable",0x33aae10,0x0,121,INLINED,"thunk 27 ins / 121 B, 0 helper calls","no rel32 callee at all -> impl INLINED into the thunk","() -> Struct(Vector)"
LokiPlayerCheats,Actor,K2_GetActorRotation,"Native|BPCallable",0x33aae90,0x10a50c0,621,REAL,"134 ins, 9 calls, pdata bounds","final call rel32 (mult=202)","() -> Struct(Rotator)"
LokiPlayerCheats,Actor,K2_GetComponentsByClass,"Native|BPCallable",0x33aafb0,0x3390830,348,REAL,"98 ins, 10 calls, pdata bounds","final call rel32 (mult=2)","(Class(Class) ComponentClass) -> Array(<ObjectProperty>)"
LokiPlayerCheats,Actor,K2_GetRootComponent,"Native|BPCallable",0x33ab0a0,0x0,32,INLINED,"thunk 9 ins / 32 B, 0 helper calls","no rel32 callee at all -> impl INLINED into the thunk","() -> Object(SceneComponent)"
LokiPlayerCheats,Actor,K2_OnBecomeViewTarget,"BPEvent",0x13454a0,0x13454a0,0,SCRIPT,"BP/script-implemented UFunction (no native impl exists)","thunk IS ProcessInternal","(Object(PlayerController) PC) -> void"
LokiPlayerCheats,Actor,K2_OnEndViewTarget,"BPEvent",0x13454a0,0x13454a0,0,SCRIPT,"BP/script-implemented UFunction (no native impl exists)","thunk IS ProcessInternal","(Object(PlayerController) PC) -> void"
LokiPlayerCheats,Actor,K2_OnReset,"BPEvent",0x13454a0,0x13454a0,0,SCRIPT,"BP/script-implemented UFunction (no native impl exists)","thunk IS ProcessInternal","() -> void"
LokiPlayerCheats,Actor,K2_SetActorLocation,"Native|BPCallable|HasOutParms",0x33ab0c0,0x3390990,455,REAL,"98 ins, 1 calls, pdata bounds","final call rel32 (mult=1)","(Struct(Vector) NewLocation, bool bSweep, bool bTeleport) out[Struct(HitResult) SweepHitResult] -> bool"
LokiPlayerCheats,Actor,K2_SetActorLocationAndRotation,"Native|BPCallable|HasOutParms",0x33ab2c0,0x339aaf0,403,REAL,"85 ins, 2 calls, pdata bounds","final call rel32 (mult=7)","(Struct(Vector) NewLocation, Struct(Rotator) NewRotation, bool bSweep, bool bTeleport) out[Struct(HitResult) SweepHitResult] -> bool"
LokiPlayerCheats,Actor,K2_SetActorRelativeLocation,"Native|BPCallable|HasOutParms",0x33ab520,0x339ac90,792,REAL,"173 ins, 4 calls, pdata bounds","final call rel32 (mult=5)","(Struct(Vector) NewRelativeLocation, bool bSweep, bool bTeleport) out[Struct(HitResult) SweepHitResult] -> void"
LokiPlayerCheats,Actor,K2_SetActorRelativeRotation,"Native|BPCallable|HasOutParms",0x33ab710,0x3390c00,353,REAL,"79 ins, 2 calls, pdata bounds","P_FINISH-anchored call rel32 (mult=1)","(Struct(Rotator) NewRelativeRotation, bool bSweep, bool bTeleport) out[Struct(HitResult) SweepHitResult] -> void"
LokiPlayerCheats,Actor,K2_SetActorRelativeTransform,"Native|BPCallable|HasOutParms",0x33ab900,0x751deb0,30,REAL,"8 ins, 1 calls, pdata bounds","final call rel32 (mult=15617)","(bool bSweep, bool bTeleport) out[Struct(Transform) NewRelativeTransform, Struct(HitResult) SweepHitResult] -> void"
LokiPlayerCheats,Actor,K2_SetActorRotation,"Native|BPCallable",0x33abb60,0x368e240,741,REAL,"164 ins, 3 calls, pdata bounds","final call rel32 (mult=10)","(Struct(Rotator) NewRotation, bool bTeleportPhysics) -> bool"
LokiPlayerCheats,Actor,K2_SetActorTransform,"Native|BPCallable|HasOutParms",0x33abc90,0x751deb0,30,REAL,"8 ins, 1 calls, pdata bounds","final call rel32 (mult=15617)","(bool bSweep, bool bTeleport) out[Struct(Transform) NewTransform, Struct(HitResult) SweepHitResult] -> bool"
LokiPlayerCheats,Actor,K2_TeleportTo,"Native|BPCallable",0x33abef0,0x33a37a0,1127,REAL,"256 ins, 9 calls, pdata bounds","VIRTUAL LokiPlayerCheats vtable[+0x638] -> 0x33a37a0","(Struct(Vector) DestLocation, Struct(Rotator) DestRotation) -> bool"
LokiPlayerCheats,Actor,LogMapCheckError,"Native|BPCallable",0x33ac000,0x1345fe0,0,SUSPECT,"resolved to FFrame helper 0x1345fe0 -- unresolved indirect dispatch","final call rel32 (mult=12668)","(FString Message) -> void"
LokiPlayerCheats,Actor,LogMapCheckWarning,"Native|BPCallable",0x33ac000,0x1345fe0,0,SUSPECT,"resolved to FFrame helper 0x1345fe0 -- unresolved indirect dispatch","final call rel32 (mult=12668)","(FString Message) -> void"
LokiPlayerCheats,Actor,MakeNoise,"Native|BPCallable",0x33ac080,0x3390ff0,324,REAL,"69 ins, 1 calls, pdata bounds","final call rel32 (mult=3)","(float Loudness, Object(Pawn) NoiseInstigator, Struct(Vector) NoiseLocation, float MaxRange, FName Tag) -> void"
LokiPlayerCheats,Actor,OnMapCheck,"BPEvent",0x13454a0,0x13454a0,0,SCRIPT,"BP/script-implemented UFunction (no native impl exists)","thunk IS ProcessInternal","() -> void"
LokiPlayerCheats,Actor,OnRep_AttachmentReplication,"Native",0x33ac230,0x3392b20,400,REAL,"83 ins, 4 calls, pdata bounds","VIRTUAL LokiPlayerCheats vtable[+0x308] -> 0x3392b20","() -> void"
LokiPlayerCheats,Actor,OnRep_Instigator,"Native",0x33ac250,0xf7ec20,3,RET_STUB,"C2 00 00 (ret 0) -- empty body   [4784 ICF call sites]","VIRTUAL LokiPlayerCheats vtable[+0x350] -> 0xf7ec20","() -> void"
LokiPlayerCheats,Actor,OnRep_Owner,"Native",0x33ac270,0xf7ec20,3,RET_STUB,"C2 00 00 (ret 0) -- empty body   [4784 ICF call sites]","VIRTUAL LokiPlayerCheats vtable[+0x2f8] -> 0xf7ec20","() -> void"
LokiPlayerCheats,Actor,OnRep_ReplicatedMovement,"Native",0x33ac290,0x3392dc0,452,REAL,"96 ins, 5 calls, pdata bounds","VIRTUAL LokiPlayerCheats vtable[+0x518] -> 0x3392dc0","() -> void"
LokiPlayerCheats,Actor,OnRep_ReplicateMovement,"Native",0x326d2a0,0x3392d30,32,REAL,"8 ins, 0 calls, pdata bounds","VIRTUAL LokiPlayerCheats vtable[+0x2c8] -> 0x3392d30","() -> void"
LokiPlayerCheats,Actor,OnRep_ServerState,"Native|HasOutParms",0x33ac2b0,0x3392f90,362,REAL,"80 ins, 4 calls, pdata bounds","P_FINISH-anchored call rel32 (mult=1)","() out[Struct(PoolableActorServerState) LastState] -> void"
LokiPlayerCheats,Actor,OnSimulatedTearOffComplete,"Native",0x33ac3a0,0x33934a0,162,REAL,"36 ins, 4 calls, pdata bounds","P_FINISH-anchored call rel32 (mult=1)","() -> void"
LokiPlayerCheats,Actor,PrestreamTextures,"Native|BPCallable",0x33ac450,0x3396020,304,REAL,"84 ins, 1 calls, pdata bounds","VIRTUAL LokiPlayerCheats vtable[+0x740] -> 0x3396020","(float Seconds, bool bEnableStreaming, int32 CinematicTextureGroups) -> void"
LokiPlayerCheats,Actor,ReceiveActorBeginCursorOver,"BPEvent",0x13454a0,0x13454a0,0,SCRIPT,"BP/script-implemented UFunction (no native impl exists)","thunk IS ProcessInternal","() -> void"
LokiPlayerCheats,Actor,ReceiveActorBeginOverlap,"BPEvent",0x13454a0,0x13454a0,0,SCRIPT,"BP/script-implemented UFunction (no native impl exists)","thunk IS ProcessInternal","(Object(Actor) OtherActor) -> void"
LokiPlayerCheats,Actor,ReceiveActorEndCursorOver,"BPEvent",0x13454a0,0x13454a0,0,SCRIPT,"BP/script-implemented UFunction (no native impl exists)","thunk IS ProcessInternal","() -> void"
LokiPlayerCheats,Actor,ReceiveActorEndOverlap,"BPEvent",0x13454a0,0x13454a0,0,SCRIPT,"BP/script-implemented UFunction (no native impl exists)","thunk IS ProcessInternal","(Object(Actor) OtherActor) -> void"
LokiPlayerCheats,Actor,ReceiveActorOnClicked,"BPEvent",0x13454a0,0x13454a0,0,SCRIPT,"BP/script-implemented UFunction (no native impl exists)","thunk IS ProcessInternal","(Struct(Key) ButtonPressed) -> void"
LokiPlayerCheats,Actor,ReceiveActorOnInputTouchBegin,"BPEvent",0x13454a0,0x13454a0,0,SCRIPT,"BP/script-implemented UFunction (no native impl exists)","thunk IS ProcessInternal","(byte FingerIndex) -> void"
LokiPlayerCheats,Actor,ReceiveActorOnInputTouchEnd,"BPEvent",0x13454a0,0x13454a0,0,SCRIPT,"BP/script-implemented UFunction (no native impl exists)","thunk IS ProcessInternal","(byte FingerIndex) -> void"
LokiPlayerCheats,Actor,ReceiveActorOnInputTouchEnter,"BPEvent",0x13454a0,0x13454a0,0,SCRIPT,"BP/script-implemented UFunction (no native impl exists)","thunk IS ProcessInternal","(byte FingerIndex) -> void"
LokiPlayerCheats,Actor,ReceiveActorOnInputTouchLeave,"BPEvent",0x13454a0,0x13454a0,0,SCRIPT,"BP/script-implemented UFunction (no native impl exists)","thunk IS ProcessInternal","(byte FingerIndex) -> void"
LokiPlayerCheats,Actor,ReceiveActorOnReleased,"BPEvent",0x13454a0,0x13454a0,0,SCRIPT,"BP/script-implemented UFunction (no native impl exists)","thunk IS ProcessInternal","(Struct(Key) ButtonReleased) -> void"
LokiPlayerCheats,Actor,ReceiveAnyDamage,"BPEvent",0x13454a0,0x13454a0,0,SCRIPT,"BP/script-implemented UFunction (no native impl exists)","thunk IS ProcessInternal","(float Damage, Object(DamageType) DamageType, Object(Controller) InstigatedBy, Object(Actor) DamageCauser) -> void"
LokiPlayerCheats,Actor,ReceiveAsyncPhysicsTick,"BPEvent",0x13454a0,0x13454a0,0,SCRIPT,"BP/script-implemented UFunction (no native impl exists)","thunk IS ProcessInternal","(float DeltaSeconds, float SimSeconds) -> void"
LokiPlayerCheats,Actor,ReceiveBeginPlay,"BPEvent",0x13454a0,0x13454a0,0,SCRIPT,"BP/script-implemented UFunction (no native impl exists)","thunk IS ProcessInternal","() -> void"
LokiPlayerCheats,Actor,ReceiveDestroyed,"BPEvent",0x13454a0,0x13454a0,0,SCRIPT,"BP/script-implemented UFunction (no native impl exists)","thunk IS ProcessInternal","() -> void"
LokiPlayerCheats,Actor,ReceiveEndPlay,"BPEvent",0x13454a0,0x13454a0,0,SCRIPT,"BP/script-implemented UFunction (no native impl exists)","thunk IS ProcessInternal","(byte EndPlayReason) -> void"
LokiPlayerCheats,Actor,ReceiveHit,"BPEvent|HasOutParms",0x13454a0,0x13454a0,0,SCRIPT,"BP/script-implemented UFunction (no native impl exists)","thunk IS ProcessInternal","(Object(PrimitiveComponent) MyComp, Object(Actor) Other, Object(PrimitiveComponent) OtherComp, bool bSelfMoved, Struct(Vector) HitLocation, Struct(Vector) HitNormal, Struct(Vector) NormalImpulse) out[Struct(HitResult) hit] -> void"
LokiPlayerCheats,Actor,ReceivePointDamage,"BPEvent|HasOutParms",0x13454a0,0x13454a0,0,SCRIPT,"BP/script-implemented UFunction (no native impl exists)","thunk IS ProcessInternal","(float Damage, Object(DamageType) DamageType, Struct(Vector) HitLocation, Struct(Vector) HitNormal, Object(PrimitiveComponent) HitComponent, FName BoneName, Struct(Vector) ShotFromDirection, Object(Controller) InstigatedBy, Object(Actor) DamageCauser) out[Struct(HitResult) HitInfo] -> void"
LokiPlayerCheats,Actor,ReceiveRadialDamage,"BPEvent|HasOutParms",0x13454a0,0x13454a0,0,SCRIPT,"BP/script-implemented UFunction (no native impl exists)","thunk IS ProcessInternal","(float DamageReceived, Object(DamageType) DamageType, Struct(Vector) Origin, Object(Controller) InstigatedBy, Object(Actor) DamageCauser) out[Struct(HitResult) HitInfo] -> void"
LokiPlayerCheats,Actor,ReceiveTick,"BPEvent",0x13454a0,0x13454a0,0,SCRIPT,"BP/script-implemented UFunction (no native impl exists)","thunk IS ProcessInternal","(float DeltaSeconds) -> void"
LokiPlayerCheats,Actor,RemoveTickPrerequisiteActor,"Native|BPCallable",0x33ac700,0x3398c50,2048,REAL,"548 ins, 43 calls, sweep bounds","VIRTUAL LokiPlayerCheats vtable[+0x3a8] -> 0x3398c50","(Object(Actor) PrerequisiteActor) -> void"
LokiPlayerCheats,Actor,RemoveTickPrerequisiteComponent,"Native|BPCallable",0x33ac790,0x3398c70,2016,REAL,"538 ins, 42 calls, sweep bounds","VIRTUAL LokiPlayerCheats vtable[+0x3b0] -> 0x3398c70","(Object(ActorComponent) PrerequisiteComponent) -> void"
LokiPlayerCheats,Actor,SetActorEnableCollision,"Native|BPCallable",0x33ac820,0x339a550,484,REAL,"118 ins, 12 calls, pdata bounds","P_FINISH-anchored call rel32 (mult=16)","(bool bNewActorEnableCollision) -> void"
LokiPlayerCheats,Actor,SetActorHiddenInGame,"Native|BPCallable",0x33ac8b0,0x339a740,91,REAL,"30 ins, 2 calls, pdata bounds","VIRTUAL LokiPlayerCheats vtable[+0x388] -> 0x339a740","(bool bNewHidden) -> void"
LokiPlayerCheats,Actor,SetActorRelativeScale3D,"Native|BPCallable",0x33ac940,0x339b260,749,REAL,"196 ins, 15 calls, pdata bounds","final call rel32 (mult=2)","(Struct(Vector) NewRelativeScale) -> void"
LokiPlayerCheats,Actor,SetActorScale3D,"Native|BPCallable",0x33ac9d0,0x369d310,316,REAL,"67 ins, 2 calls, pdata bounds","final call rel32 (mult=4)","(Struct(Vector) NewScale3D) -> void"
LokiPlayerCheats,Actor,SetActorTickEnabled,"Native|BPCallable",0x33aca70,0x339b750,60,REAL,"18 ins, 2 calls, pdata bounds","VIRTUAL LokiPlayerCheats vtable[+0x4d0] -> 0x339b750","(bool bEnabled) -> void"
LokiPlayerCheats,Actor,SetActorTickInterval,"Native|BPCallable",0x33acb00,0x1345fe0,0,SUSPECT,"resolved to FFrame helper 0x1345fe0 -- unresolved indirect dispatch","final call rel32 (mult=12668)","(float TickInterval) -> void"
LokiPlayerCheats,Actor,SetAutoDestroyWhenFinished,"Native|BPCallable",0x33acb80,0x37a6d00,316,REAL,"95 ins, 5 calls, pdata bounds","final call rel32 (mult=1)","(bool bVal) -> void"
LokiPlayerCheats,Actor,SetEditorLockLocation,"Native|BPCallable",0x2bf0150,0x1345fe0,0,SUSPECT,"resolved to FFrame helper 0x1345fe0 -- unresolved indirect dispatch","final call rel32 (mult=12668)","(bool bInLockLocation) -> void"
LokiPlayerCheats,Actor,SetLifeSpan,"Native|BPCallable",0x33acc70,0x339d690,128,REAL,"29 ins, 1 calls, pdata bounds","VIRTUAL LokiPlayerCheats vtable[+0x430] -> 0x339d690","(float InLifespan) -> void"
LokiPlayerCheats,Actor,SetNetDormancy,"Native|BPCallable",0x33acd00,0x339dc70,392,REAL,"108 ins, 7 calls, pdata bounds","P_FINISH-anchored call rel32 (mult=9)","(byte NewDormancy) -> void"
LokiPlayerCheats,Actor,SetOwner,"Native|BPCallable",0x33acd80,0x339de70,496,REAL,"119 ins, 14 calls, pdata bounds","VIRTUAL LokiPlayerCheats vtable[+0x538] -> 0x339de70","(Object(Actor) NewOwner) -> void"
LokiPlayerCheats,Actor,SetPhysicsReplicationMode,"Native|BPCallable",0x33ace10,0x339e250,124,REAL,"34 ins, 4 calls, pdata bounds","P_FINISH-anchored call rel32 (mult=2)","(Enum(EPhysicsReplicationMode) ReplicationMode) -> void"
LokiPlayerCheats,Actor,SetRayTracingGroupId,"Native|BPCallable",0x33ace90,0x33913c0,532,REAL,"154 ins, 5 calls, pdata bounds","final call rel32 (mult=4)","(int32 InRaytracingGroupId) -> void"
LokiPlayerCheats,Actor,SetReplicateMovement,"Native|BPCallable",0x33acf20,0x339e460,320,REAL,"71 ins, 4 calls, sweep bounds","VIRTUAL LokiPlayerCheats vtable[+0x300] -> 0x339e460","(bool bInReplicateMovement) -> void"
LokiPlayerCheats,Actor,SetReplicates,"Native|BPCallable",0x33acfb0,0x339e5a0,430,REAL,"113 ins, 12 calls, pdata bounds","P_FINISH-anchored call rel32 (mult=16)","(bool bInReplicates) -> void"
LokiPlayerCheats,Actor,SetTickableWhenPaused,"Native|BPCallable",0x33ad0c0,0x1345fe0,0,SUSPECT,"resolved to FFrame helper 0x1345fe0 -- unresolved indirect dispatch","final call rel32 (mult=12668)","(bool bTickableWhenPaused) -> void"
LokiPlayerCheats,Actor,SetTickGroup,"Native|BPCallable",0x33ad040,0x1345fe0,0,SUSPECT,"resolved to FFrame helper 0x1345fe0 -- unresolved indirect dispatch","final call rel32 (mult=12668)","(byte NewTickGroup) -> void"
LokiPlayerCheats,Actor,TearOff,"Native|BPCallable",0x207c030,0x33a36d0,193,REAL,"51 ins, 4 calls, pdata bounds","VIRTUAL LokiPlayerCheats vtable[+0x2d0] -> 0x33a36d0","() -> void"
LokiPlayerCheats,Actor,UserConstructionScript,"BPEvent",0x13454a0,0x13454a0,0,SCRIPT,"BP/script-implemented UFunction (no native impl exists)","thunk IS ProcessInternal","() -> void"
LokiPlayerCheats,Actor,WasRecentlyRendered,"Native|BPCallable",0x33ad180,0x33a5720,137,REAL,"35 ins, 1 calls, pdata bounds","P_FINISH-anchored call rel32 (mult=11)","(float Tolerance) -> bool"
LokiPlayerCheats,Object,ExecuteUbergraph,"BPEvent",0x13454a0,0x13454a0,0,SCRIPT,"BP/script-implemented UFunction (no native impl exists)","thunk IS ProcessInternal","(int32 EntryPoint) -> void"
