"label","arm","outcome","died_after_arm_s","hold_s","probe","probe_text_sha","game_pid","aslr_base","launch_utc","arm_utc","end_utc","map_load_line","stage_exit","armed","probe_receipt","gft_records","exit_code","fo_dll","new_uecc","new_crashpad","note"
"s112-ctl-01","control","STAGE_FAIL","","330","tutorial_launch_play.dll","513c6277c3ae88f3","51996","","2026-08-07T20:30:37.4680930Z","2026-08-07T20:37:10.3317263Z","2026-08-07T20:37:14.4603568Z","","4","no","","","","tutorial_launch_fo.dll","","","fk24-stage aborted (exit 4)"
"s112-ctl-02","control-pilot","DIED","147","330","tutorial_launch_play.dll","513c6277c3ae88f3","29568","0x7FF6505C0000","2026-08-07T20:39:04.6804951Z","2026-08-07T20:42:28.1357377Z","2026-08-07T20:44:58.7265503Z","","0/att1","yes","","","","tutorial_launch_fo.dll","","yes","PILOT: probe was the a827ef9 candidate 513c6277c3ae88f3, one commit behind HEAD; superseded by the HEAD-built control 433cf7d8f6a0770f. Death classified OURS/protector RIP=0x7FFD3B400001."
"s112-trt-01","treatment","STAGE_FAIL","","330","tutorial_launch_play_funcswap.dll","badecc840bafee84","","0x7FF6505C0000","2026-08-07T20:47:18.0858833Z","2026-08-07T20:50:42.1384716Z","2026-08-07T20:50:46.3667278Z","","4/att1","no","","","","tutorial_launch_fo.dll","","","fk24-stage aborted (exit 4)"
"s112-trt-02","treatment","STAGE_FAIL","","330","tutorial_launch_play_funcswap.dll","badecc840bafee84","","0x7FF6505C0000","2026-08-07T20:51:39.4186596Z","2026-08-07T20:54:45.5507400Z","2026-08-07T20:54:49.8869686Z","","4/att1","no","","","","tutorial_launch_fo.dll","","","fk24-stage aborted (exit 4)"
"s112c-ctl-01","control","DIED","135","330","tutorial_launch_play.dll","433cf7d8f6a0770f","52644","0x7FF6505C0000","2026-08-07T20:56:52.4242988Z","2026-08-07T21:00:16.2273138Z","2026-08-07T21:02:35.3204679Z","","0/att1","yes","","","","tutorial_launch_fo.dll","","no",""
"s112c-trt-02","treatment","DIED","101","330","tutorial_launch_play_funcswap.dll","badecc840bafee84","384","0x7FF6505C0000","2026-08-07T21:02:40.4460375Z","2026-08-07T21:06:10.3142121Z","2026-08-07T21:07:54.4586411Z","","0/att1","yes","","","","tutorial_launch_fo.dll","","no",""
"s112c-ctl-03","control","STAGE_FAIL","","330","tutorial_launch_play.dll","433cf7d8f6a0770f","","0x7FF6505C0000","2026-08-07T21:07:59.5401225Z","2026-08-07T21:13:06.0629278Z","2026-08-07T21:13:10.2658623Z","","5/att1","no","","","","tutorial_launch_fo.dll","","","fk24-stage aborted (exit 5)"
"s112c-ctl-04","control","STAGE_FAIL","","330","tutorial_launch_play.dll","433cf7d8f6a0770f","","0x7FF6505C0000","2026-08-07T21:13:15.3417374Z","2026-08-07T21:18:24.1763790Z","2026-08-07T21:18:28.3737051Z","","5/att1","no","","","","tutorial_launch_fo.dll","","","fk24-stage aborted (exit 5)"
"s112c-ctl-06","control","DIED","91","330","tutorial_launch_play.dll","433cf7d8f6a0770f","14348","0x7FF6505C0000","2026-08-07T21:21:47.0375524Z","2026-08-07T21:25:25.6768578Z","2026-08-07T21:27:15.5072977Z","","0/att1","yes","truncated-ok","90->91","0xC0000005","tutorial_launch_fo.dll","","no",""
"s112c-trt-07","treatment","STAGE_DEATH","","330","tutorial_launch_play_funcswap.dll","badecc840bafee84","","0x7FF6505C0000","2026-08-07T21:27:20.6078425Z","2026-08-07T21:30:29.3463119Z","2026-08-07T21:30:48.5658182Z","","5/att1","no","no-snapshot","91->92","","tutorial_launch_fo.dll","","","game died during staging, before the probe was injected (stage exit 5)"
"s112c-trt-08","treatment","VOID_ARM","","330","tutorial_launch_play_funcswap.dll","badecc840bafee84","","0x7FF6505C0000","2026-08-07T21:30:53.6220930Z","2026-08-07T21:34:19.2229253Z","2026-08-07T21:36:27.7814133Z","[2026.08.07-21.33.46:454][382]LogGlobalStatus: UEngine::LoadMap Load map complete /Game/Loki/Maps/Tutorial/LVL_Tutorial","1/att1","no","STALE-no-truncate","92->93","","tutorial_launch_fo.dll","","yes","no [PL] init complete within 120s -- shim never armed"
"s112c-trt-09","treatment","STAGE_DEATH","","330","tutorial_launch_play_funcswap.dll","badecc840bafee84","","0x7FF6505C0000","2026-08-07T21:36:32.8613576Z","2026-08-07T21:39:15.0254818Z","2026-08-07T21:39:34.4271390Z","","4/att1","no","no-snapshot","93->94","","tutorial_launch_fo.dll","","","game died during staging, before the probe was injected (stage exit 4)"
"s112c-trt-10","treatment","DIED","260","330","tutorial_launch_play_funcswap.dll","badecc840bafee84","55552","0x7FF6505C0000","2026-08-07T21:39:39.4994261Z","2026-08-07T21:43:06.0593954Z","2026-08-07T21:47:45.6173059Z","","0/att1","yes","truncated-ok","94->95","0x0000DEAD","tutorial_launch_fo.dll","","no",""
"s112c-ctl-11","control","STAGE_DEATH","","330","tutorial_launch_play.dll","433cf7d8f6a0770f","","0x7FF6505C0000","2026-08-07T21:47:51.3137250Z","2026-08-07T21:52:12.3683688Z","2026-08-07T21:52:31.6929093Z","","4/att1","no","no-snapshot","95->96","","tutorial_launch_fo.dll","","","game died during staging, before the probe was injected (stage exit 4)"
"s112c-ctl-12","control","STAGE_DEATH","","330","tutorial_launch_play.dll","433cf7d8f6a0770f","","0x7FF6505C0000","2026-08-07T21:52:36.7638023Z","2026-08-07T21:55:54.0842011Z","2026-08-07T21:56:13.3795536Z","","4/att1","no","no-snapshot","96->97","","tutorial_launch_fo.dll","","","game died during staging, before the probe was injected (stage exit 4)"
"s112c-ctl-13","control","VOID_DIED_PREARM","58","330","tutorial_launch_play.dll","433cf7d8f6a0770f","54404","0x7FF6505C0000","2026-08-07T21:56:18.4383050Z","2026-08-07T21:59:57.5024633Z","2026-08-07T22:00:59.0034555Z","","0/att1","no","truncated-ok","97->98","","tutorial_launch_fo.dll","","yes","died before the positive control fired -- staging death, not an armed window"
"s112c-ctl-14","control","DIED","91","330","tutorial_launch_play.dll","433cf7d8f6a0770f","55312","0x7FF6505C0000","2026-08-07T22:01:04.0913953Z","2026-08-07T22:04:30.4637327Z","2026-08-07T22:06:19.7537800Z","","0/att1","yes","truncated-ok","98->99","0xC0000005","tutorial_launch_fo.dll","","yes",""
"s112c-trt-15","treatment","STAGE_DEATH","","330","tutorial_launch_play_funcswap.dll","badecc840bafee84","","0x7FF6505C0000","2026-08-07T22:06:27.4266513Z","2026-08-07T22:09:00.6057212Z","2026-08-07T22:09:19.7924479Z","","4/att1","no","no-snapshot","99->100","","tutorial_launch_fo.dll","","","game died during staging, before the probe was injected (stage exit 4)"
"s112c-trt-16","treatment","SURVIVED","331","330","tutorial_launch_play_funcswap.dll","badecc840bafee84","58772","0x7FF6505C0000","2026-08-07T22:09:24.8622459Z","2026-08-07T22:12:44.5133730Z","2026-08-07T22:18:24.7901114Z","","0/att1","yes","truncated-ok","100->101","","tutorial_launch_fo.dll","","no",""
"s112c-ctl-17","control","STAGE_FAIL","","330","tutorial_launch_play.dll","433cf7d8f6a0770f","53904","0x7FF6505C0000","2026-08-07T22:18:31.3376516Z","2026-08-07T22:33:32.7094792Z","2026-08-07T22:33:37.8910794Z","","3/att3","no","no-snapshot","101->103","","tutorial_launch_fo.dll","","","fk24-stage aborted, game still alive (exit 3)"
"s112c-ctl-18","control","VOID_ARM","","330","tutorial_launch_play.dll","433cf7d8f6a0770f","","0x7FF6505C0000","2026-08-07T22:33:42.9852218Z","2026-08-07T22:37:34.3390619Z","2026-08-07T22:39:43.0064902Z","","1/att1","no","STALE-no-truncate","103->104","","tutorial_launch_fo.dll","","yes","no [PL] init complete within 120s -- shim never armed"
"s112c-ctl-19","control","DIED","64","330","tutorial_launch_play.dll","433cf7d8f6a0770f","4968","0x7FF6505C0000","2026-08-07T22:39:48.0916104Z","2026-08-07T22:43:13.9090501Z","2026-08-07T22:44:35.4229128Z","","0/att1","yes","truncated-ok","104->105","0xC0000005","tutorial_launch_fo.dll","","yes",""
"s112c-trt-20","treatment","SURVIVED","331","330","tutorial_launch_play_funcswap.dll","badecc840bafee84","51488","0x7FF6505C0000","2026-08-07T22:44:40.5777309Z","2026-08-07T22:48:06.4653562Z","2026-08-07T22:53:47.1626500Z","","0/att1","yes","truncated-ok","105->106","","tutorial_launch_fo.dll","","no",""
"s112c-ctl-21","control","DIED","115","330","tutorial_launch_play.dll","433cf7d8f6a0770f","14160","0x7FF6505C0000","2026-08-07T22:53:52.8639754Z","2026-08-07T23:01:38.7722206Z","2026-08-07T23:03:51.6012586Z","","0/att2","yes","truncated-ok","106->108","0xC0000005","tutorial_launch_fo.dll","","yes",""
"s112c-trt-22","treatment","SURVIVED","331","330","tutorial_launch_play_funcswap.dll","badecc840bafee84","46916","0x7FF6505C0000","2026-08-07T23:03:56.6611968Z","2026-08-07T23:07:03.5495462Z","2026-08-07T23:12:43.7112308Z","","0/att1","yes","truncated-ok","108->109","","tutorial_launch_fo.dll","","no",""
"s112c-ctl-23","control","DIED","80","330","tutorial_launch_play.dll","433cf7d8f6a0770f","49200","0x7FF6505C0000","2026-08-07T23:12:48.9101400Z","2026-08-07T23:15:54.5581473Z","2026-08-07T23:17:32.3013741Z","","0/att1","yes","truncated-ok","109->110","0xC0000005","tutorial_launch_fo.dll","","yes",""
"s112c-trt-24","treatment","SURVIVED","331","330","tutorial_launch_play_funcswap.dll","badecc840bafee84","38644","0x7FF6505C0000","2026-08-07T23:17:37.3801558Z","2026-08-07T23:21:24.4585481Z","2026-08-07T23:27:05.4295580Z","","0/att1","yes","truncated-ok","110->111","","tutorial_launch_fo.dll","","no",""
"s112c-ctl-25","control","DIED","123","330","tutorial_launch_play.dll","433cf7d8f6a0770f","54956","0x7FF6505C0000","2026-08-07T23:27:14.0668953Z","2026-08-07T23:31:51.5452673Z","2026-08-07T23:34:12.1483422Z","","0/att1","yes","truncated-ok","111->112","0xC0000005","tutorial_launch_fo.dll","","yes",""
"s112c-trt-26","treatment","SURVIVED","331","330","tutorial_launch_play_funcswap.dll","badecc840bafee84","33424","0x7FF6505C0000","2026-08-07T23:34:17.3485667Z","2026-08-07T23:37:42.9515287Z","2026-08-07T23:43:22.5778007Z","","0/att1","yes","truncated-ok","112->113","","tutorial_launch_fo.dll","","no",""
"s112c-ctl-27","control","DIED","114","330","tutorial_launch_play.dll","433cf7d8f6a0770f","31668","0x7FF6505C0000","2026-08-07T23:43:27.9166497Z","2026-08-07T23:46:43.8833877Z","2026-08-07T23:48:56.3097239Z","","0/att1","yes","truncated-ok","113->114","0xC0000005","tutorial_launch_fo.dll","","yes",""
"s112c-trt-28","treatment","STAGE_DEATH","","330","tutorial_launch_play_funcswap.dll","badecc840bafee84","","0x7FF6505C0000","2026-08-07T23:49:01.4028702Z","2026-08-07T23:51:58.8127817Z","2026-08-07T23:52:18.3014974Z","","4/att1","no","no-snapshot","114->115","0xC0000005","tutorial_launch_fo.dll","","","game died during staging, before the probe was injected (stage exit 4)"
"s112c-trt-29","treatment","SURVIVED","331","330","tutorial_launch_play_funcswap.dll","badecc840bafee84","38276","0x7FF6505C0000","2026-08-07T23:52:23.3628092Z","2026-08-07T23:55:48.7768935Z","2026-08-08T00:01:28.1116225Z","","0/att1","yes","truncated-ok","115->116","","tutorial_launch_fo.dll","","no",""
"s112c-ctl-30","control","STAGE_DEATH","","330","tutorial_launch_play.dll","433cf7d8f6a0770f","","0x7FF6505C0000","2026-08-08T00:01:33.4242666Z","2026-08-08T00:04:23.1725755Z","2026-08-08T00:04:42.4223802Z","","4/att1","no","no-snapshot","116->117","0xC0000005","tutorial_launch_fo.dll","","","game died during staging, before the probe was injected (stage exit 4)"
"s112c-ctl-31","control","STAGE_FAIL","","330","tutorial_launch_play.dll","433cf7d8f6a0770f","20404","0x7FF6505C0000","2026-08-08T00:04:47.4779087Z","2026-08-08T00:22:37.7190282Z","2026-08-08T00:22:43.6537429Z","","3/att3","no","no-snapshot","117->118","","tutorial_launch_fo.dll","","","fk24-stage aborted, game still alive (exit 3)"
"s112c-ctl-32","control","STAGE_FAIL","","330","tutorial_launch_play.dll","433cf7d8f6a0770f","53932","0x7FF6505C0000","2026-08-08T00:22:48.7153788Z","2026-08-08T00:44:40.9120288Z","2026-08-08T00:44:44.9624099Z","","3/att3","no","no-snapshot","118->118","","tutorial_launch_fo.dll","","","fk24-stage aborted, game still alive (exit 3)"
"s112c-ctl-33","control","STAGE_FAIL","","330","tutorial_launch_play.dll","433cf7d8f6a0770f","29596","0x7FF6505C0000","2026-08-08T00:44:50.0253645Z","2026-08-08T01:02:40.5111145Z","2026-08-08T01:02:46.4547521Z","","3/att3","no","no-snapshot","118->119","","tutorial_launch_fo.dll","","","fk24-stage aborted, game still alive (exit 3)"
"s112c-ctl-34","control","STAGE_DEATH","","330","tutorial_launch_play.dll","433cf7d8f6a0770f","","0x7FF6505C0000","2026-08-08T01:02:51.5047792Z","2026-08-08T01:05:47.0393255Z","2026-08-08T01:06:06.2153006Z","","4/att1","no","no-snapshot","119->120","0xC0000005","tutorial_launch_fo.dll","","","game died during staging, before the probe was injected (stage exit 4)"
"s112c-ctl-35","control","STAGE_FAIL","","330","tutorial_launch_play.dll","433cf7d8f6a0770f","31248","0x7FF6505C0000","2026-08-08T01:06:11.2812600Z","2026-08-08T01:24:34.3320516Z","2026-08-08T01:24:40.2920604Z","","3/att3","no","no-snapshot","120->121","","tutorial_launch_fo.dll","","","fk24-stage aborted, game still alive (exit 3)"
"s112c-ctl-36","control","STAGE_FAIL","","330","tutorial_launch_play.dll","433cf7d8f6a0770f","3864","0x7FF6505C0000","2026-08-08T01:24:45.3539345Z","2026-08-08T01:43:16.2341329Z","2026-08-08T01:43:22.1690079Z","","3/att3","no","no-snapshot","121->122","","tutorial_launch_fo.dll","","","fk24-stage aborted, game still alive (exit 3)"
"s112c-ctl-37","control","DIED","137","330","tutorial_launch_play.dll","433cf7d8f6a0770f","37100","0x7FF6505C0000","2026-08-08T01:43:27.2299363Z","2026-08-08T01:46:54.0683609Z","2026-08-08T01:49:28.7940761Z","","0/att1","yes","truncated-ok","122->123","0xC0000005","tutorial_launch_fo.dll","","yes",""
"s112c-trt-38","treatment","SURVIVED","331","330","tutorial_launch_play_funcswap.dll","badecc840bafee84","7440","0x7FF6505C0000","2026-08-08T01:49:34.0459791Z","2026-08-08T01:52:39.2885404Z","2026-08-08T01:58:18.5415398Z","","0/att1","yes","truncated-ok","123->124","","tutorial_launch_fo.dll","","no",""
"s112c-ctl-39","control","DIED","84","330","tutorial_launch_play.dll","433cf7d8f6a0770f","50252","0x7FF6505C0000","2026-08-08T01:58:23.6617516Z","2026-08-08T02:01:48.9855618Z","2026-08-08T02:03:30.6843455Z","","0/att1","yes","truncated-ok","124->125","0xC0000005","tutorial_launch_fo.dll","","yes",""
"s112c-trt-40","treatment","STAGE_FAIL","","330","tutorial_launch_play_funcswap.dll","badecc840bafee84","57584","0x7FF6505C0000","2026-08-08T02:03:35.7634555Z","2026-08-08T02:21:49.7340599Z","2026-08-08T02:21:55.6969460Z","","3/att3","no","no-snapshot","125->126","","tutorial_launch_fo.dll","","","fk24-stage aborted, game still alive (exit 3)"
"s112c-trt-41","treatment","SURVIVED","331","330","tutorial_launch_play_funcswap.dll","badecc840bafee84","30008","0x7FF6505C0000","2026-08-08T02:22:00.7592993Z","2026-08-08T02:25:36.9282455Z","2026-08-08T02:31:16.3269288Z","","0/att1","yes","truncated-ok","126->127","","tutorial_launch_fo.dll","","no",""
"s112p-prof-01","profile","STAGE_FAIL","","330","tutorial_launch_play_funcswap_profile.dll","79d7d4d76a81a556","57740","0x7FF6505C0000","2026-08-08T05:27:11.8408071Z","2026-08-08T05:27:59.3014494Z","2026-08-08T05:28:03.3832269Z","","0/att3","no","no-snapshot","127->127","","tutorial_launch_fo.dll","","","fk24-stage aborted, game still alive (exit 0)"
"s112p-prof-02","profile","SURVIVED","330","330","tutorial_launch_play_funcswap_profile.dll","79d7d4d76a81a556","5800","0x7FF6505C0000","2026-08-08T05:29:01.1270164Z","2026-08-08T05:32:44.9974942Z","2026-08-08T05:38:25.1253784Z","","0/att1","yes","truncated-ok","127->128","","tutorial_launch_fo.dll","","no",""
"s112p2-foSTD-01","foSTD","STAGE_DEATH","","600","tutorial_launch_play_funcswap_one.dll","5151621d2154e454","","0x7FF6505C0000","2026-08-08T05:40:55.1848272Z","2026-08-08T05:46:46.1621215Z","2026-08-08T05:47:05.4710749Z","","4/att2","no","no-snapshot","128->130","0xC0000005","tutorial_launch_fo.dll","","","game died during staging, before the probe was injected (stage exit 4)"
"s112p2-foNOVT-02","foNOVT","STAGE_DEATH","","600","tutorial_launch_play_funcswap_one.dll","5151621d2154e454","","0x7FF6505C0000","2026-08-08T05:47:10.5543240Z","2026-08-08T05:50:32.4590243Z","2026-08-08T05:50:51.5111467Z","","4/att1","no","no-snapshot","130->131","0x00000003","tutorial_launch_fo_nologinvt.dll","","","game died during staging, before the probe was injected (stage exit 4)"
"s112p2-foSTD-03","foSTD","STAGE_DEATH","","600","tutorial_launch_play_funcswap_one.dll","5151621d2154e454","","0x7FF6505C0000","2026-08-08T05:50:56.5660663Z","2026-08-08T05:53:53.9641590Z","2026-08-08T05:54:13.2212787Z","","4/att1","no","no-snapshot","131->132","0xC0000005","tutorial_launch_fo.dll","","","game died during staging, before the probe was injected (stage exit 4)"
"s112p2-foNOVT-04","foNOVT","STAGE_DEATH","","600","tutorial_launch_play_funcswap_one.dll","5151621d2154e454","","0x7FF6505C0000","2026-08-08T05:54:18.2969810Z","2026-08-08T05:57:27.9823121Z","2026-08-08T05:57:47.0302047Z","","4/att1","no","no-snapshot","132->133","0x00000003","tutorial_launch_fo_nologinvt.dll","","","game died during staging, before the probe was injected (stage exit 4)"
"s112p2-foSTD-05","foSTD","VOID_ARM","","600","tutorial_launch_play_funcswap_one.dll","5151621d2154e454","","0x7FF6505C0000","2026-08-08T05:57:52.0903253Z","2026-08-08T06:01:43.9968022Z","2026-08-08T06:03:52.9586123Z","","1/att1","no","STALE-no-truncate","133->134","","tutorial_launch_fo.dll","","yes","no [PL] init complete within 120s -- shim never armed"
"s112p2-foNOVT-06","foNOVT","STAGE_DEATH","","600","tutorial_launch_play_funcswap_one.dll","5151621d2154e454","","0x7FF6505C0000","2026-08-08T06:03:58.0423246Z","2026-08-08T06:06:49.4532542Z","2026-08-08T06:07:08.5028755Z","","4/att1","no","no-snapshot","134->135","0x00000003","tutorial_launch_fo_nologinvt.dll","","","game died during staging, before the probe was injected (stage exit 4)"
"s112p2-foSTD-07","foSTD","STAGE_DEATH","","600","tutorial_launch_play_funcswap_one.dll","5151621d2154e454","","0x7FF6505C0000","2026-08-08T06:07:13.5529047Z","2026-08-08T06:10:13.8613463Z","2026-08-08T06:10:33.1393374Z","","4/att1","no","no-snapshot","135->136","0xC0000005","tutorial_launch_fo.dll","","","game died during staging, before the probe was injected (stage exit 4)"
"s112p2-foNOVT-08","foNOVT","STAGE_DEATH","","600","tutorial_launch_play_funcswap_one.dll","5151621d2154e454","","0x7FF6505C0000","2026-08-08T06:10:38.2031689Z","2026-08-08T06:13:29.6981200Z","2026-08-08T06:13:48.7327830Z","","4/att1","no","no-snapshot","136->137","0x00000003","tutorial_launch_fo_nologinvt.dll","","","game died during staging, before the probe was injected (stage exit 4)"
"s112d-repro-01","repro","SURVIVED","332","330","tutorial_launch_play_funcswap.dll","badecc840bafee84","44972","0x7FF6505C0000","2026-08-08T06:37:18.4177430Z","2026-08-08T06:41:05.7471387Z","2026-08-08T06:46:47.4469884Z","","0/att1","yes","truncated-ok","138->139","","tutorial_launch_fo.dll","","no",""
"s112d-repro-02","repro","STAGE_DEATH","","330","tutorial_launch_play_funcswap.dll","badecc840bafee84","","0x7FF6505C0000","2026-08-08T06:46:52.8980592Z","2026-08-08T06:49:31.4448188Z","2026-08-08T06:49:50.7322620Z","","4/att1","no","no-snapshot","139->140","0xC0000005","tutorial_launch_fo.dll","","","game died during staging, before the probe was injected (stage exit 4)"
"s112d-repro-03","repro","SURVIVED","331","330","tutorial_launch_play_funcswap.dll","badecc840bafee84","3388","0x7FF6505C0000","2026-08-08T06:49:55.7867440Z","2026-08-08T06:53:47.9709435Z","2026-08-08T06:59:28.8714835Z","","0/att1","yes","truncated-ok","140->141","","tutorial_launch_fo.dll","","no",""
"s112d-repro-04","repro","STAGE_DEATH","","330","tutorial_launch_play_funcswap.dll","badecc840bafee84","","0x7FF6505C0000","2026-08-08T06:59:34.2954065Z","2026-08-08T07:02:11.9012773Z","2026-08-08T07:02:31.0983710Z","","4/att1","no","no-snapshot","141->142","0xC0000005","tutorial_launch_fo.dll","","","game died during staging, before the probe was injected (stage exit 4)"
"s112d-repro-05","repro","SURVIVED","332","330","tutorial_launch_play_funcswap.dll","badecc840bafee84","11184","0x7FF6505C0000","2026-08-08T07:02:36.1637422Z","2026-08-08T07:05:42.7620327Z","2026-08-08T07:11:23.4199530Z","","0/att1","yes","truncated-ok","142->143","","tutorial_launch_fo.dll","","no",""
"s112d-repro-06","repro","SURVIVED","331","330","tutorial_launch_play_funcswap.dll","badecc840bafee84","25220","0x7FF6505C0000","2026-08-08T07:11:28.4678967Z","2026-08-08T07:15:08.9865487Z","2026-08-08T07:20:49.7145344Z","","0/att1","yes","truncated-ok","143->144","","tutorial_launch_fo.dll","","no",""
"s112p3-ctl-01","fs17k","SURVIVED","601","600","tutorial_launch_play_funcswap.dll","badecc840bafee84","4128","0x7FF6505C0000","2026-08-08T17:06:15.7149768Z","2026-08-08T17:10:08.0914666Z","2026-08-08T17:20:18.3490442Z","","0/att1","yes","truncated-ok","144->145","","tutorial_launch_fo.dll","","no",""
"s112p3-trt-02","fs1","SURVIVED","602","600","tutorial_launch_play_funcswap_one.dll","5151621d2154e454","56240","0x7FF6505C0000","2026-08-08T17:20:23.6953417Z","2026-08-08T17:23:50.2576993Z","2026-08-08T17:34:03.1132551Z","","0/att1","yes","truncated-ok","145->146","","tutorial_launch_fo.dll","","no",""
"s112p3-ctl-03","fs17k","STAGE_DEATH","","600","tutorial_launch_play_funcswap.dll","badecc840bafee84","","0x7FF6505C0000","2026-08-08T17:34:08.8159579Z","2026-08-08T17:42:58.1314800Z","2026-08-08T17:43:20.6427310Z","","4/att2","no","no-snapshot","146->148","0xC0000005","tutorial_launch_fo.dll","","","game died during staging, before the probe was injected (stage exit 4)"
"s112p3-ctl-04","fs17k","STAGE_DEATH","","600","tutorial_launch_play_funcswap.dll","badecc840bafee84","","0x7FF6505C0000","2026-08-08T17:43:25.7605662Z","2026-08-08T17:46:27.8520094Z","2026-08-08T17:46:47.4222794Z","","4/att1","no","no-snapshot","148->149","0xC0000005","tutorial_launch_fo.dll","","","game died during staging, before the probe was injected (stage exit 4)"
"s112p3-ctl-05","fs17k","SURVIVED","601","600","tutorial_launch_play_funcswap.dll","badecc840bafee84","33552","0x7FF6505C0000","2026-08-08T17:46:52.6270648Z","2026-08-08T17:50:33.3798713Z","2026-08-08T18:00:43.8011123Z","","0/att1","yes","truncated-ok","149->150","","tutorial_launch_fo.dll","","no",""
"s112p3-trt-06","fs1","SURVIVED","600","600","tutorial_launch_play_funcswap_one.dll","5151621d2154e454","48976","0x7FF758F50000","2026-08-08T18:00:49.5974574Z","2026-08-08T18:07:37.3581858Z","2026-08-08T18:17:46.7109730Z","","0/att2","yes","truncated-ok","150->152","","tutorial_launch_fo.dll","","no",""
"s112p3-ctl-07","fs17k","SURVIVED","600","600","tutorial_launch_play_funcswap.dll","badecc840bafee84","29652","0x7FF758F50000","2026-08-08T18:17:53.3792480Z","2026-08-08T18:25:26.6387828Z","2026-08-08T18:35:36.5163210Z","","0/att1","yes","truncated-ok","152->153","","tutorial_launch_fo.dll","","no",""
"s112p3-trt-08","fs1","STAGE_DEATH","","600","tutorial_launch_play_funcswap_one.dll","5151621d2154e454","","0x7FF650FD0000","2026-08-08T18:35:42.8595418Z","2026-08-08T18:43:47.7035473Z","2026-08-08T18:44:08.8575313Z","","4/att2","no","no-snapshot","153->155","0xC0000005","tutorial_launch_fo.dll","","","game died during staging, before the probe was injected (stage exit 4)"
"s112p3-trt-09","fs1","SURVIVED","602","600","tutorial_launch_play_funcswap_one.dll","5151621d2154e454","20572","0x7FF650FD0000","2026-08-08T18:44:13.9207097Z","2026-08-08T18:47:40.0847261Z","2026-08-08T18:57:50.8231552Z","","0/att1","yes","truncated-ok","155->156","","tutorial_launch_fo.dll","","no",""
"s112p3-ctl-10","fs17k","SURVIVED","602","600","tutorial_launch_play_funcswap.dll","badecc840bafee84","50800","0x7FF7E11D0000","2026-08-08T18:57:56.0895236Z","2026-08-08T19:01:11.8029656Z","2026-08-08T19:11:22.9874013Z","","0/att1","yes","truncated-ok","156->157","","tutorial_launch_fo.dll","","no",""
"s112p3-trt-11","fs1","STAGE_DEATH","","600","tutorial_launch_play_funcswap_one.dll","5151621d2154e454","","0x7FF6EE4A0000","2026-08-08T19:11:28.6547959Z","2026-08-08T19:14:09.8355319Z","2026-08-08T19:14:29.1468992Z","","4/att1","no","no-snapshot","157->158","0xC0000005","tutorial_launch_fo.dll","","","game died during staging, before the probe was injected (stage exit 4)"
"s112p3-trt-12","fs1","STAGE_DEATH","","600","tutorial_launch_play_funcswap_one.dll","5151621d2154e454","","0x7FF6EE4A0000","2026-08-08T19:14:34.2096014Z","2026-08-08T19:17:25.6865312Z","2026-08-08T19:17:45.2384986Z","","4/att1","no","no-snapshot","158->159","0xC0000005","tutorial_launch_fo.dll","","","game died during staging, before the probe was injected (stage exit 4)"
"s112p3-trt-13","fs1","SURVIVED","601","600","tutorial_launch_play_funcswap_one.dll","5151621d2154e454","50704","0x7FF6EE4A0000","2026-08-08T19:17:50.3184539Z","2026-08-08T19:21:17.7387736Z","2026-08-08T19:31:28.0530437Z","","0/att1","yes","truncated-ok","159->160","","tutorial_launch_fo.dll","","no",""
"s112p3-ctl-14","fs17k","SURVIVED","602","600","tutorial_launch_play_funcswap.dll","badecc840bafee84","32872","0x7FF62A180000","2026-08-08T19:31:33.3134285Z","2026-08-08T19:34:48.6053696Z","2026-08-08T19:44:59.1098334Z","","0/att1","yes","truncated-ok","160->161","","tutorial_launch_fo.dll","","no",""
"s112p3-trt-15","fs1","SURVIVED","601","600","tutorial_launch_play_funcswap_one.dll","5151621d2154e454","29532","0x7FF62A180000","2026-08-08T19:45:04.3674690Z","2026-08-08T19:48:24.8200117Z","2026-08-08T19:58:35.1051754Z","","0/att1","yes","truncated-ok","161->162","","tutorial_launch_fo.dll","","no",""
"s112p3-ctl-16","fs17k","SURVIVED","602","600","tutorial_launch_play_funcswap.dll","badecc840bafee84","37052","0x7FF62A180000","2026-08-08T19:58:40.2839484Z","2026-08-08T20:01:54.8564308Z","2026-08-08T20:12:05.4260153Z","","0/att1","yes","truncated-ok","162->163","","tutorial_launch_fo.dll","","no",""
"s112p3-trt-17","fs1","SURVIVED","601","600","tutorial_launch_play_funcswap_one.dll","5151621d2154e454","17164","0x7FF600120000","2026-08-08T20:12:10.6620313Z","2026-08-08T20:15:58.7371465Z","2026-08-08T20:26:08.9290780Z","","0/att1","yes","truncated-ok","163->164","","tutorial_launch_fo.dll","","no",""
"s112p3-ctl-18","fs17k","SURVIVED","602","600","tutorial_launch_play_funcswap.dll","badecc840bafee84","48444","0x7FF622340000","2026-08-08T20:26:14.1024305Z","2026-08-08T20:29:16.4757476Z","2026-08-08T20:39:26.8494156Z","","0/att1","yes","truncated-ok","164->165","","tutorial_launch_fo.dll","","no",""
"s112p3-trt-19","fs1","SURVIVED","601","600","tutorial_launch_play_funcswap_one.dll","5151621d2154e454","33032","0x7FF622340000","2026-08-08T20:39:32.0860676Z","2026-08-08T20:42:52.9384689Z","2026-08-08T20:53:03.3130686Z","","0/att1","yes","truncated-ok","165->166","","tutorial_launch_fo.dll","","no",""
"s112p3-ctl-20","fs17k","STAGE_DEATH","","600","tutorial_launch_play_funcswap.dll","badecc840bafee84","","0x7FF6E95E0000","2026-08-08T20:53:08.5195363Z","2026-08-08T20:55:39.8964561Z","2026-08-08T20:55:59.1329180Z","","4/att1","no","no-snapshot","166->167","0xC0000005","tutorial_launch_fo.dll","","","game died during staging, before the probe was injected (stage exit 4)"
"s112p3-ctl-21","fs17k","SURVIVED","601","600","tutorial_launch_play_funcswap.dll","badecc840bafee84","4076","0x7FF6E95E0000","2026-08-08T20:56:04.1918781Z","2026-08-08T20:59:29.2099913Z","2026-08-08T21:09:39.2647059Z","","0/att1","yes","truncated-ok","167->168","","tutorial_launch_fo.dll","","no",""
"s112p3-trt-22","fs1","SURVIVED","602","600","tutorial_launch_play_funcswap_one.dll","5151621d2154e454","13692","0x7FF735410000","2026-08-08T21:09:44.5103886Z","2026-08-08T21:13:14.1765020Z","2026-08-08T21:23:24.5007288Z","","0/att1","yes","truncated-ok","168->169","","tutorial_launch_fo.dll","","no",""
"s112ship-01","ship","SURVIVED","601","600","tutorial_launch_play.dll","5151621d2154e454","36648","0x7FF6A5280000","2026-08-09T05:33:10.1472133Z","2026-08-09T05:37:01.1873082Z","2026-08-09T05:47:11.2106216Z","","0/att1","yes","truncated-ok","169->170","","tutorial_launch_fo.dll","","no",""
"s112ship-02","ship","STAGE_DEATH","","600","tutorial_launch_play.dll","5151621d2154e454","","0x7FF6A5280000","2026-08-09T05:47:16.6339242Z","2026-08-09T05:53:37.6974183Z","2026-08-09T05:53:57.3984254Z","","4/att2","no","no-snapshot","170->172","0xC0000005","tutorial_launch_fo.dll","","","game died during staging, before the probe was injected (stage exit 4)"
"s112ship-03","ship","STAGE_DEATH","","600","tutorial_launch_play.dll","5151621d2154e454","","0x7FF6A5280000","2026-08-09T05:54:02.4940107Z","2026-08-09T05:57:08.2780613Z","2026-08-09T05:57:27.9348805Z","","4/att1","no","no-snapshot","172->173","0xC0000005","tutorial_launch_fo.dll","","","game died during staging, before the probe was injected (stage exit 4)"
"s112ship-04","ship","STAGE_DEATH","","600","tutorial_launch_play.dll","5151621d2154e454","","0x7FF6A5280000","2026-08-09T05:57:33.0292816Z","2026-08-09T06:00:01.8891087Z","2026-08-09T06:00:21.1973771Z","","4/att1","no","no-snapshot","173->174","0xC0000005","tutorial_launch_fo.dll","","","game died during staging, before the probe was injected (stage exit 4)"
"s112ship-05","ship","SURVIVED","602","600","tutorial_launch_play.dll","5151621d2154e454","35152","0x7FF6A5280000","2026-08-09T06:01:26.8426611Z","2026-08-09T06:05:24.1801501Z","2026-08-09T06:15:35.5987586Z","","0/att1","yes","truncated-ok","174->175","","tutorial_launch_fo.dll","","no",""
"s112ship-06","ship","DIED","113","600","tutorial_launch_play.dll","5151621d2154e454","52464","0x7FF628720000","2026-08-09T06:15:40.9982177Z","2026-08-09T06:19:11.6867213Z","2026-08-09T06:21:22.2099502Z","","0/att1","yes","truncated-ok","175->176","0x0000DEAD","tutorial_launch_fo.dll","","no",""
"s112ship-07","ship","STAGE_DEATH","","600","tutorial_launch_play.dll","5151621d2154e454","","0x7FF628720000","2026-08-09T06:21:27.2855186Z","2026-08-09T06:24:32.4218545Z","2026-08-09T06:24:51.6441015Z","","5/att1","no","no-snapshot","176->177","0xC0000005","tutorial_launch_fo.dll","","","game died during staging, before the probe was injected (stage exit 5)"
"s112ship-08","ship","SURVIVED","602","600","tutorial_launch_play.dll","5151621d2154e454","31668","0x7FF628720000","2026-08-09T06:24:56.7090846Z","2026-08-09T06:28:22.2185554Z","2026-08-09T06:38:32.5085396Z","","0/att1","yes","truncated-ok","177->178","","tutorial_launch_fo.dll","","no",""
"s112ship-09","ship","SURVIVED","602","600","tutorial_launch_play.dll","5151621d2154e454","13252","0x7FF7DFE90000","2026-08-09T06:38:37.6533632Z","2026-08-09T06:41:42.9649987Z","2026-08-09T06:51:53.5818978Z","","0/att1","yes","truncated-ok","178->179","","tutorial_launch_fo.dll","","no",""
"s112ship-10","ship","SURVIVED","600","600","tutorial_launch_play.dll","5151621d2154e454","55364","0x7FF66F750000","2026-08-09T06:51:58.9529482Z","2026-08-09T06:55:53.7372602Z","2026-08-09T07:06:03.5327277Z","","0/att1","yes","truncated-ok","179->180","","tutorial_launch_fo.dll","","no",""
