class,day_local,time_local,time_source,source,kind,artifact_id,crash_guid,report_is_primary,archive_label,crash_type,seconds_since_start,log_route,unwind_status,pcallstack_hash,error_message,assert_file,assert_line,minidump_bytes,head_sha,head_committed,head_age_hours,head_subject,shim_vintage,shim_committed,shim_subject,tutorial_launch_vintage,server_vintage
uecc,2026-06-25,2026-06-25 22:42:06,TimeOfCrash,uecc,crash,UECC-Windows-F86B2A5B40089D21DFF70FA7847EBB4E_0000,UECC-Windows-F86B2A5B40089D21DFF70FA7847EBB4E_0000,,,Crash,952,menu-lobby,ok,50A9FDF3493981BD1B7491EC5AB982F055D624AE,Unhandled Exception: EXCEPTION_ACCESS_VIOLATION reading address 0x0000000000000000,,,13653571,,,,,,,,,
degenerate,2026-06-26,2026-06-26 01:24:50,mtime,uecc,degenerate,UECC-Windows-064CE1374269B76E7578919C8597B47A_0000,UECC-Windows-064CE1374269B76E7578919C8597B47A_0000,,,Crash,0,,os-only,DA39A3EE5E6B4B0D3255BFEF95601890AFD80709,Unhandled Exception: EXCEPTION_ACCESS_VIOLATION 0x00007ffb9ee00001,,,0,8929406,2026-06-26T01:13:42-05:00,0.186,"Update TLS certificates, implement content-service manifest endpoint, and enhance hero inventory handling. Added documentation for new API responses and improved error handling in server code.",,,,,8929406
uecc,2026-06-26,2026-06-26 03:42:39,TimeOfCrash,uecc,crash,UECC-Windows-64A6BCAC4D1304033682A0814F93FD83_0000,UECC-Windows-64A6BCAC4D1304033682A0814F93FD83_0000,,,Crash,251,menu-lobby,ok,50A9FDF3493981BD1B7491EC5AB982F055D624AE,Unhandled Exception: EXCEPTION_ACCESS_VIOLATION reading address 0x0000000000000000,,,13620031,d8a86ea,2026-06-26T03:06:21-05:00,0.605,"Enhance server functionality by adding interactive runtime player state handling, updating TLS certificates, and improving the extractor tool with schema mode for .usmap types. Updated documentation for session kickoff and server log entries. Added new entries to .gitignore for runtime state tracking.",,,,,d8a86ea
uecc,2026-06-27,2026-06-27 03:23:05,TimeOfCrash,uecc,crash,UECC-Windows-6AA0F21742DAA9B51911F986D410C6F4_0000,UECC-Windows-6AA0F21742DAA9B51911F986D410C6F4_0000,,,Crash,42387,menu-lobby,ok,50A9FDF3493981BD1B7491EC5AB982F055D624AE,Unhandled Exception: EXCEPTION_ACCESS_VIOLATION reading address 0x0000000000000000,,,13675145,01f35dd,2026-06-26T20:35:37-05:00,6.791,"Update TLS certificates, enhance command-line tools with new options for manual mapping and extraction, and improve logging output format. Refactor objects handling in usmapdump for better clarity and functionality.",,,,,01f35dd
uecc,2026-06-27,2026-06-27 03:59:12,TimeOfCrash,uecc,crash,UECC-Windows-5CAD7A204B2BFFDB3CAA7785515EC4A1_0000,UECC-Windows-5CAD7A204B2BFFDB3CAA7785515EC4A1_0000,,,Crash,259,menu-lobby,ok,50A9FDF3493981BD1B7491EC5AB982F055D624AE,Unhandled Exception: EXCEPTION_ACCESS_VIOLATION reading address 0x0000000000000000,,,13378063,05dbf06,2026-06-27T03:25:35-05:00,0.56,"Revise game map documentation to reflect a comprehensive catalog of 68,228 assets across 42 categories, including gameplay, content, art, UI, and audio. Update master index with detailed asset counts and descriptions, and enhance string tables section with high-value entries. Improve clarity and organization of the document.",,,,,01f35dd
uecc,2026-06-27,2026-06-27 15:48:57,TimeOfCrash,uecc,crash,UECC-Windows-DE62E243476030767E1AF5B1F8660B20_0000,UECC-Windows-DE62E243476030767E1AF5B1F8660B20_0000,,,Crash,663,menu-lobby,ok,50A9FDF3493981BD1B7491EC5AB982F055D624AE,Unhandled Exception: EXCEPTION_ACCESS_VIOLATION reading address 0x0000000000000000,,,13595187,05dbf06,2026-06-27T03:25:35-05:00,12.389,"Revise game map documentation to reflect a comprehensive catalog of 68,228 assets across 42 categories, including gameplay, content, art, UI, and audio. Update master index with detailed asset counts and descriptions, and enhance string tables section with high-value entries. Improve clarity and organization of the document.",,,,,01f35dd
uecc,2026-06-28,2026-06-28 17:55:25,TimeOfCrash,uecc,crash,UECC-Windows-0D8A97084A665710D1D69FA674EB2645_0000,UECC-Windows-0D8A97084A665710D1D69FA674EB2645_0000,,,Crash,71,menu-lobby,ok,CB0CDE2D62A51F4956AB500A19F4F283402BFC31,Unhandled Exception: EXCEPTION_ACCESS_VIOLATION reading address 0xffffffffffffffff,,,13902787,ce2898d,2026-06-28T17:31:05-05:00,0.406,Option-1 shim: mount_shim.cpp + race-mount-suspended.ps1,ce2898d,2026-06-28T17:31:05-05:00,Option-1 shim: mount_shim.cpp + race-mount-suspended.ps1,,17844ed
uecc,2026-06-28,2026-06-28 18:11:55,TimeOfCrash,uecc,crash,UECC-Windows-FE95FB0A4D579B8F464CDBB239B1D541_0000,UECC-Windows-FE95FB0A4D579B8F464CDBB239B1D541_0000,,,Crash,80,menu-lobby,ok,7109765DB434100376DD5BCC9B5E418F06FAB477,Unhandled Exception: EXCEPTION_ACCESS_VIOLATION reading address 0x0000000000000701,,,13794931,ce2898d,2026-06-28T17:31:05-05:00,0.681,Option-1 shim: mount_shim.cpp + race-mount-suspended.ps1,ce2898d,2026-06-28T17:31:05-05:00,Option-1 shim: mount_shim.cpp + race-mount-suspended.ps1,,17844ed
uecc,2026-06-28,2026-06-28 21:55:19,TimeOfCrash,uecc,crash,UECC-Windows-6845C7514B0BDF2E2BE681B2FC4B38AD_0000,UECC-Windows-6845C7514B0BDF2E2BE681B2FC4B38AD_0000,,,Crash,3983,menu-lobby,ok,0FDB5C48C9F07B727F1C72C2F89441FD1AF45C57,Unhandled Exception: EXCEPTION_ACCESS_VIOLATION reading address 0x0000000000000008,,,13918397,576c06a,2026-06-28T21:39:30-05:00,0.264,UI smoke test: Missions modal still empty after 16/16 MissionPool registrations,4a9a98b,2026-06-28T21:31:58-05:00,registration_shim: 16/16 MissionPool AddDynamicAsset calls succeed,,17844ed
degenerate,2026-06-29,2026-06-29 18:45:55,mtime,uecc,degenerate,_0000,_0000,,,Crash,0,unknown,os-only,DA39A3EE5E6B4B0D3255BFEF95601890AFD80709,Unhandled Exception: EXCEPTION_ACCESS_VIOLATION reading address 0x00007ff6823657d0,,,0,b957896,2026-06-29T18:43:25-05:00,0.042,launch-redirect.ps1: add -Hook flag for early-inject of shim DLLs,ca582ff,2026-06-29T18:42:38-05:00,browse_hook v6: working hook + diagnostic flush+heartbeat,,92c6cb1
uecc,2026-06-29,2026-06-29 19:16:09,TimeOfCrash,uecc,crash,UECC-Windows-F59A2A2D4C0311E55AA2C0B70EDF6B9E_0000,UECC-Windows-F59A2A2D4C0311E55AA2C0B70EDF6B9E_0000,,,Assert,15,menu-login,ok,B3106F52D687D419AAB80614FAFCD3A3444E67FB,Fatal error: [File:C:\TheoryCraft\build-staging\Engine\Source\Runtime\Core\Private\HAL\MallocBinned2.cpp] [Line: 1322] FMallocBinned2 Attempt to realloc an unrecognized block 0000015D9E220000 canary == 0x0 != 0xe3,MallocBinned2.cpp,1322,13718542,35807fd,2026-06-29T19:14:18-05:00,0.031,Update logs and certificates with new timestamps and values,cf72ebb,2026-06-29T19:08:21-05:00,browse_hook v10: rewrite FURL.Host to redirect Browse to NetConnection,,92c6cb1
uecc,2026-06-29,2026-06-29 20:44:39,TimeOfCrash,uecc,crash,UECC-Windows-2E23C60344354678623A14923481A769_0000,UECC-Windows-2E23C60344354678623A14923481A769_0000,,,Assert,28,menu-login,ok,B3106F52D687D419AAB80614FAFCD3A3444E67FB,Fatal error: [File:C:\TheoryCraft\build-staging\Engine\Source\Runtime\Core\Private\HAL\MallocBinned2.cpp] [Line: 1322] FMallocBinned2 Attempt to realloc an unrecognized block 0000024462770000 canary == 0x0 != 0xe3,MallocBinned2.cpp,1322,13987543,d985e4d,2026-06-29T20:40:58-05:00,0.062,unreal-stub: pivot to editor-binary path for running the server,cf72ebb,2026-06-29T19:08:21-05:00,browse_hook v10: rewrite FURL.Host to redirect Browse to NetConnection,,92c6cb1
uecc,2026-06-29,2026-06-29 20:45:21,TimeOfCrash,uecc,crash,UECC-Windows-904ED124429008C01E3C64B0128C22C9_0000,UECC-Windows-904ED124429008C01E3C64B0128C22C9_0000,,,Assert,15,menu-login,ok,B3106F52D687D419AAB80614FAFCD3A3444E67FB,Fatal error: [File:C:\TheoryCraft\build-staging\Engine\Source\Runtime\Core\Private\HAL\MallocBinned2.cpp] [Line: 1322] FMallocBinned2 Attempt to realloc an unrecognized block 000001D737920000 canary == 0x0 != 0xe3,MallocBinned2.cpp,1322,13727971,d985e4d,2026-06-29T20:40:58-05:00,0.073,unreal-stub: pivot to editor-binary path for running the server,cf72ebb,2026-06-29T19:08:21-05:00,browse_hook v10: rewrite FURL.Host to redirect Browse to NetConnection,,92c6cb1
uecc,2026-06-29,2026-06-29 21:15:53,TimeOfCrash,uecc,crash,UECC-Windows-ED23376540E7F45D2D20DBB6F88A07C0_0000,UECC-Windows-ED23376540E7F45D2D20DBB6F88A07C0_0000,,,Assert,14,menu-login,ok,B3106F52D687D419AAB80614FAFCD3A3444E67FB,Fatal error: [File:C:\TheoryCraft\build-staging\Engine\Source\Runtime\Core\Private\HAL\MallocBinned2.cpp] [Line: 1322] FMallocBinned2 Attempt to realloc an unrecognized block 000002B775360000 canary == 0x0 != 0xe3,MallocBinned2.cpp,1322,13741830,79ab50e,2026-06-29T20:50:28-05:00,0.424,Update certificates and server logs with new values and timestamps,cf72ebb,2026-06-29T19:08:21-05:00,browse_hook v10: rewrite FURL.Host to redirect Browse to NetConnection,,92c6cb1
uecc,2026-06-29,2026-06-29 21:16:54,TimeOfCrash,uecc,crash,UECC-Windows-75ACE427490B7C7517B048A21E162E66_0000,UECC-Windows-75ACE427490B7C7517B048A21E162E66_0000,,,Assert,14,menu-login,ok,B3106F52D687D419AAB80614FAFCD3A3444E67FB,Fatal error: [File:C:\TheoryCraft\build-staging\Engine\Source\Runtime\Core\Private\HAL\MallocBinned2.cpp] [Line: 1322] FMallocBinned2 Attempt to realloc an unrecognized block 000001B063AB0000 canary == 0x0 != 0xe3,MallocBinned2.cpp,1322,13689644,79ab50e,2026-06-29T20:50:28-05:00,0.441,Update certificates and server logs with new values and timestamps,cf72ebb,2026-06-29T19:08:21-05:00,browse_hook v10: rewrite FURL.Host to redirect Browse to NetConnection,,92c6cb1
uecc,2026-06-29,2026-06-29 21:59:21,TimeOfCrash,uecc,crash,UECC-Windows-CF785C424F9434774148F9AF7C6F122C_0000,UECC-Windows-CF785C424F9434774148F9AF7C6F122C_0000,,,Assert,16,menu-login,ok,78620DA920BE9D47D3438D309C859970587F0937,Fatal error: [File:C:\TheoryCraft\build-staging\Engine\Source\Runtime\Core\Private\HAL\MallocBinned2.cpp] [Line: 1322] FMallocBinned2 Attempt to realloc an unrecognized block 000002B1B8AA0000 canary == 0x0 != 0xe3,MallocBinned2.cpp,1322,13992527,0326057,2026-06-29T21:22:53-05:00,0.608,Session 8 kickoff prompt — find GMalloc via byte-pattern scan + build v11,cf72ebb,2026-06-29T19:08:21-05:00,browse_hook v10: rewrite FURL.Host to redirect Browse to NetConnection,,92c6cb1
uecc,2026-06-30,2026-06-30 01:05:54,TimeOfCrash,uecc,crash,UECC-Windows-45B3486E4DD3481E45B93FBDD60DB784_0000,UECC-Windows-45B3486E4DD3481E45B93FBDD60DB784_0000,,,Crash,25,menu-login,ok,010513B6411B9FB45EDFBBFB675F0A2B9DA0BF11,Unhandled Exception: EXCEPTION_ACCESS_VIOLATION reading address 0x0000000900000000,,,14000674,ce75933,2026-06-30T00:01:25-05:00,1.075,Update certificates + marker with session 9 v13 test artifacts,2467513,2026-06-30T00:01:18-05:00,Session 9 close: BLOCKER #2 RESOLVED — client UDP reaches stub server,,92c6cb1
uecc,2026-06-30,2026-06-30 15:03:54,TimeOfCrash,uecc,crash,UECC-Windows-7C51644F4CDD6B0F14B78D9153539BEA_0000,UECC-Windows-7C51644F4CDD6B0F14B78D9153539BEA_0000,,,Crash,22,menu-login,ok,DA5F18296EAC806A0E2C7E6DB9C71B77264A912D,Unhandled Exception: EXCEPTION_ACCESS_VIOLATION reading address 0x0000000000000000,,,13673181,9cde108,2026-06-30T14:24:38-05:00,0.655,Session 13 close: custom LokiStatelessConnect + LokiNetDriver override mechanism works; BaseRandomDataLengthBytes=24 hypothesis FALSIFIED,2467513,2026-06-30T00:01:18-05:00,Session 9 close: BLOCKER #2 RESOLVED — client UDP reaches stub server,,92c6cb1
uecc,2026-06-30,2026-06-30 15:24:33,TimeOfCrash,uecc,crash,UECC-Windows-E754B50E414F64FE7D876E9723E69CA3_0000,UECC-Windows-E754B50E414F64FE7D876E9723E69CA3_0000,,,Crash,21,menu-login,ok,5718508A3535E4995C9782072A911BB59DADACBA,Unhandled Exception: EXCEPTION_ACCESS_VIOLATION reading address 0x0000000000000020,,,13763734,79458bb,2026-06-30T15:15:52-05:00,0.145,"Session 14 close: TheoryCraft wrapper architecture IDENTIFIED, server reaches SendConnectChallenge (HUGE win); client rejects wrapped reply",2467513,2026-06-30T00:01:18-05:00,Session 9 close: BLOCKER #2 RESOLVED — client UDP reaches stub server,,92c6cb1
uecc,2026-06-30,2026-06-30 15:42:10,TimeOfCrash,uecc,crash,UECC-Windows-BFA9A28841B4F5603A179388FBB6FBE0_0000,UECC-Windows-BFA9A28841B4F5603A179388FBB6FBE0_0000,,,Crash,17,menu-login,ok,F23A0DA395B5FDE33EE8C4C9D2A3C9A614171CB4,Unhandled Exception: EXCEPTION_ACCESS_VIOLATION reading address 0x0000000900000000,,,13987242,8777881,2026-06-30T15:29:47-05:00,0.207,Session 15 close: wrapper bytes 1/6 brute-force analyzed (no pattern) and mirrored (no improvement); failure is elsewhere,2467513,2026-06-30T00:01:18-05:00,Session 9 close: BLOCKER #2 RESOLVED — client UDP reaches stub server,,92c6cb1
uecc,2026-06-30,2026-06-30 16:57:38,TimeOfCrash,uecc,crash,UECC-Windows-E88547884A587C7449A41B941DC9F017_0000,UECC-Windows-E88547884A587C7449A41B941DC9F017_0000,,,Crash,45,menu-login,ok,53A52CCD661AC0D0DD2D7AD090C47FB6A2A9045D,Unhandled Exception: EXCEPTION_ACCESS_VIOLATION writing address 0x00007ff683a75318,,,13758699,fe1662d,2026-06-30T15:53:51-05:00,1.063,Session 16 close: outgoing inner bytes bit-decoded as PROVABLY correct stock UE5.4 Challenge; rejection cause is above the inner-content layer,2467513,2026-06-30T00:01:18-05:00,Session 9 close: BLOCKER #2 RESOLVED — client UDP reaches stub server,,92c6cb1
uecc,2026-06-30,2026-06-30 20:46:44,TimeOfCrash,uecc,crash,UECC-Windows-74AFD44244BBD09E981690A396DCE73C_0000,UECC-Windows-74AFD44244BBD09E981690A396DCE73C_0000,,,Crash,33,menu-login,ok,62D7D56A83A326D1FDD68531BE0B0DD813DD555A,Unhandled Exception: EXCEPTION_ACCESS_VIOLATION writing address 0x00007ff68a21c9e8,,,13939998,393e864,2026-06-30T19:56:59-05:00,0.829,Session 18 close: UNetConnection PacketHandler WIRED; client reaches Welcomed with 3 channels,2467513,2026-06-30T00:01:18-05:00,Session 9 close: BLOCKER #2 RESOLVED — client UDP reaches stub server,,92c6cb1
uecc,2026-06-30,2026-06-30 20:52:27,TimeOfCrash,uecc,crash,UECC-Windows-558FB74841F0592E6A618E8999BF420D_0000,UECC-Windows-558FB74841F0592E6A618E8999BF420D_0000,,,Crash,25,menu-login,ok,29DE7FD547E24787C61F8E440F90C38C5157B255,Unhandled Exception: EXCEPTION_ACCESS_VIOLATION reading address 0x0000000000000160,,,14064933,393e864,2026-06-30T19:56:59-05:00,0.924,Session 18 close: UNetConnection PacketHandler WIRED; client reaches Welcomed with 3 channels,2467513,2026-06-30T00:01:18-05:00,Session 9 close: BLOCKER #2 RESOLVED — client UDP reaches stub server,,92c6cb1
uecc,2026-06-30,2026-06-30 20:55:02,TimeOfCrash,uecc,crash,UECC-Windows-214ABC67441210DC6126BFAB2962EF27_0000,UECC-Windows-214ABC67441210DC6126BFAB2962EF27_0000,,,Crash,18,menu-login,ok,62D7D56A83A326D1FDD68531BE0B0DD813DD555A,Unhandled Exception: EXCEPTION_ACCESS_VIOLATION writing address 0x00007ff68a21c9e8,,,13953791,393e864,2026-06-30T19:56:59-05:00,0.968,Session 18 close: UNetConnection PacketHandler WIRED; client reaches Welcomed with 3 channels,2467513,2026-06-30T00:01:18-05:00,Session 9 close: BLOCKER #2 RESOLVED — client UDP reaches stub server,,92c6cb1
uecc,2026-06-30,2026-06-30 21:15:42,TimeOfCrash,uecc,crash,UECC-Windows-F42EF3224A443DA2FE00F390477DC4F4_0000,UECC-Windows-F42EF3224A443DA2FE00F390477DC4F4_0000,,,Crash,30,menu-login,ok,AC48B9B4B1290C6EB055E25C9A4F18E119CC4872,Unhandled Exception: EXCEPTION_ACCESS_VIOLATION reading address 0x00000001e3010020,,,13992445,9ffb003,2026-06-30T21:02:48-05:00,0.215,Session 19 close: session-20 pickup prompt,2467513,2026-06-30T00:01:18-05:00,Session 9 close: BLOCKER #2 RESOLVED — client UDP reaches stub server,,92c6cb1
uecc,2026-06-30,2026-06-30 21:21:10,TimeOfCrash,uecc,crash,UECC-Windows-AFFB7A1441EEA979D3D46DAE1A3E032E_0000,UECC-Windows-AFFB7A1441EEA979D3D46DAE1A3E032E_0000,,,Crash,24,menu-login,ok,62D7D56A83A326D1FDD68531BE0B0DD813DD555A,Unhandled Exception: EXCEPTION_ACCESS_VIOLATION writing address 0x0000000900000008,,,13731912,9ffb003,2026-06-30T21:02:48-05:00,0.306,Session 19 close: session-20 pickup prompt,2467513,2026-06-30T00:01:18-05:00,Session 9 close: BLOCKER #2 RESOLVED — client UDP reaches stub server,,92c6cb1
uecc,2026-06-30,2026-06-30 21:33:11,TimeOfCrash,uecc,crash,UECC-Windows-694D1F2141A0FD81D3FD0799752BF81F_0000,UECC-Windows-694D1F2141A0FD81D3FD0799752BF81F_0000,,,Crash,30,menu-login,ok,AC48B9B4B1290C6EB055E25C9A4F18E119CC4872,Unhandled Exception: EXCEPTION_ACCESS_VIOLATION reading address 0x00000001e3010020,,,13755866,ffb8f34,2026-06-30T21:24:55-05:00,0.138,Session 20 close: client PC ACTOR SPAWNS; new blocker at RPC signature mismatch,2467513,2026-06-30T00:01:18-05:00,Session 9 close: BLOCKER #2 RESOLVED — client UDP reaches stub server,,92c6cb1
uecc,2026-07-01,2026-07-01 00:18:23,TimeOfCrash,uecc,crash,UECC-Windows-01D0E2D74E693FA9D0FE37AE047D129D_0000,UECC-Windows-01D0E2D74E693FA9D0FE37AE047D129D_0000,,,Crash,24,menu-login,ok,1B0A51B8030E418556A839D2A71A0235914411CB,Unhandled Exception: EXCEPTION_ACCESS_VIOLATION reading address 0x00000001e3010020,,,13730427,130a82e,2026-06-30T21:53:02-05:00,2.423,Session 22 close: SUPERVIVE engine mods CONFIRMED via usmapdump extract; RPC signature RE deferred to session 23,2467513,2026-06-30T00:01:18-05:00,Session 9 close: BLOCKER #2 RESOLVED — client UDP reaches stub server,,92c6cb1
uecc,2026-07-01,2026-07-01 00:20:19,TimeOfCrash,uecc,crash,UECC-Windows-20FE42F74AB3D0DC5287449475383D47_0000,UECC-Windows-20FE42F74AB3D0DC5287449475383D47_0000,,,Crash,45,menu-login,ok,AC48B9B4B1290C6EB055E25C9A4F18E119CC4872,Unhandled Exception: EXCEPTION_ACCESS_VIOLATION reading address 0x00000001e3010020,,,13845929,130a82e,2026-06-30T21:53:02-05:00,2.455,Session 22 close: SUPERVIVE engine mods CONFIRMED via usmapdump extract; RPC signature RE deferred to session 23,2467513,2026-06-30T00:01:18-05:00,Session 9 close: BLOCKER #2 RESOLVED — client UDP reaches stub server,,92c6cb1
uecc,2026-07-01,2026-07-01 00:22:52,TimeOfCrash,uecc,crash,UECC-Windows-9605A1664EA5B524E5DFDD93F82E1411_0000,UECC-Windows-9605A1664EA5B524E5DFDD93F82E1411_0000,,,Crash,43,menu-login,ok,E224051AE3B3CDE2352A3387C7C758391F64EEF4,Unhandled Exception: EXCEPTION_ACCESS_VIOLATION reading address 0x0000000900000000,,,13944177,130a82e,2026-06-30T21:53:02-05:00,2.497,Session 22 close: SUPERVIVE engine mods CONFIRMED via usmapdump extract; RPC signature RE deferred to session 23,2467513,2026-06-30T00:01:18-05:00,Session 9 close: BLOCKER #2 RESOLVED — client UDP reaches stub server,,92c6cb1
uecc,2026-07-01,2026-07-01 01:14:39,TimeOfCrash,uecc,crash,UECC-Windows-13493884432CD3BCDC7D758C7D29555E_0000,UECC-Windows-13493884432CD3BCDC7D758C7D29555E_0000,,,Crash,29,menu-login,ok,4FBEBE7580073F0B51151D230CF8D92766C335DF,Unhandled Exception: EXCEPTION_ACCESS_VIOLATION reading address 0x0000000000000028,,,13966736,4566c96,2026-07-01T00:50:45-05:00,0.398,"Session 24 close: bit-level parser PARTIAL (packet header OK, bunch stuck); pivot to server-side instrumentation next",2467513,2026-06-30T00:01:18-05:00,Session 9 close: BLOCKER #2 RESOLVED — client UDP reaches stub server,,92c6cb1
uecc,2026-07-01,2026-07-01 02:25:05,TimeOfCrash,uecc,crash,UECC-Windows-9B00C58844AD45B5CE9A0FB09C146ECA_0000,UECC-Windows-9B00C58844AD45B5CE9A0FB09C146ECA_0000,,,Crash,30,menu-login,ok,AC48B9B4B1290C6EB055E25C9A4F18E119CC4872,Unhandled Exception: EXCEPTION_ACCESS_VIOLATION reading address 0x00000001e3010020,,,13982992,6d25aa4,2026-07-01T02:13:30-05:00,0.193,Session 27 close: UFUNCTION RUNTIME INJECTION WORKS; class-name issue BYPASSED,2467513,2026-06-30T00:01:18-05:00,Session 9 close: BLOCKER #2 RESOLVED — client UDP reaches stub server,,92c6cb1
uecc,2026-07-01,2026-07-01 15:04:29,TimeOfCrash,uecc,crash,UECC-Windows-A84A3CA048FE5A48E3A7ECAE8F3AD18F_0000,UECC-Windows-A84A3CA048FE5A48E3A7ECAE8F3AD18F_0000,,,Crash,32,menu-lobby,ok,17A4A5FA87EDE3112919CE199B41C0E37F34B385,Unhandled Exception: EXCEPTION_ACCESS_VIOLATION reading address 0x00000001e3010020,,,13927328,cdfdcd4,2026-07-01T14:54:12-05:00,0.172,"Update server certificates and browse-hook marker with new content and timestamps. Modified root and server certificates for compatibility, and adjusted server key files accordingly. Updated documentation to reflect these changes.",2467513,2026-06-30T00:01:18-05:00,Session 9 close: BLOCKER #2 RESOLVED — client UDP reaches stub server,,cdfdcd4
uecc,2026-07-01,2026-07-01 15:10:10,TimeOfCrash,uecc,crash,UECC-Windows-D06CC55E4D5F89435DB8F6BFC05647E4_0000,UECC-Windows-D06CC55E4D5F89435DB8F6BFC05647E4_0000,,,Crash,30,menu-login,ok,771B16831B5A288D9965304142173931609EADE1,Unhandled Exception: EXCEPTION_ACCESS_VIOLATION writing address 0x00007ff68a55b368,,,13732083,cdfdcd4,2026-07-01T14:54:12-05:00,0.266,"Update server certificates and browse-hook marker with new content and timestamps. Modified root and server certificates for compatibility, and adjusted server key files accordingly. Updated documentation to reflect these changes.",2467513,2026-06-30T00:01:18-05:00,Session 9 close: BLOCKER #2 RESOLVED — client UDP reaches stub server,,cdfdcd4
uecc,2026-07-01,2026-07-01 23:07:36,TimeOfCrash,uecc,crash,UECC-Windows-CD25F03548DDDB07DF4EDDB77F005D2D_0000,UECC-Windows-CD25F03548DDDB07DF4EDDB77F005D2D_0000,,,Crash,46,menu-login,ok,62D7D56A83A326D1FDD68531BE0B0DD813DD555A,Unhandled Exception: EXCEPTION_ACCESS_VIOLATION writing address 0x00007ff68a1258d0,,,13922721,761005c,2026-07-01T21:51:19-05:00,1.272,Update UStruct schema and certificates; modify LokiNetDriver logic for APlayerController replication,2467513,2026-06-30T00:01:18-05:00,Session 9 close: BLOCKER #2 RESOLVED — client UDP reaches stub server,,761005c
uecc,2026-07-02,2026-07-02 09:17:12,TimeOfCrash,uecc,crash,UECC-Windows-7AE9830F497A53DAC0CFF48F528FAE09_0000,UECC-Windows-7AE9830F497A53DAC0CFF48F528FAE09_0000,,,Crash,31,menu-lobby,ok,4FBEBE7580073F0B51151D230CF8D92766C335DF,Unhandled Exception: EXCEPTION_ACCESS_VIOLATION reading address 0x0000000000000028,,,13722385,761005c,2026-07-01T21:51:19-05:00,11.432,Update UStruct schema and certificates; modify LokiNetDriver logic for APlayerController replication,2467513,2026-06-30T00:01:18-05:00,Session 9 close: BLOCKER #2 RESOLVED — client UDP reaches stub server,,761005c
uecc,2026-07-03,2026-07-03 20:18:26,TimeOfCrash,uecc,crash,UECC-Windows-B859EEE94828B61F3AE38DAD959EF2EA_0000,UECC-Windows-B859EEE94828B61F3AE38DAD959EF2EA_0000,,,Crash,15,menu-lobby,ok,AA52BC650B72AF716E212560011E4C2688BA1F7A,Unhandled Exception: EXCEPTION_ACCESS_VIOLATION 0x00007ff706bf0000,,,14345590,a9191f9,2026-07-03T19:55:34-05:00,0.381,Session 46 attempt #2 (WIP): trace the CatalogManager resolution in GetHeroAssetFromPrimaryAssetId,c43f07c,2026-07-03T19:46:12-05:00,Session 46 fix attempt #1: AssetManager bundle-load — works but RULED OUT,,162346c
uecc,2026-07-07,2026-07-07 00:13:05,TimeOfCrash,uecc,crash,UECC-Windows-0AA94D3D4A49BBA7C8C68DB99900C81F_0000,UECC-Windows-0AA94D3D4A49BBA7C8C68DB99900C81F_0000,,,Crash,56,menu-login,ok,75559F96DA21B625407D55B667F82E71B1526CB7,Unhandled Exception: EXCEPTION_ACCESS_VIOLATION reading address 0x0000000300000b33,,,13933486,e1f4391,2026-07-07T00:06:43-05:00,0.106,Session 54: build LokiPlayerState_Missions replication for the DS stub,d7f04df,2026-07-06T23:41:15-05:00,Session 53: DS menu-load crash SOLVED (un-suppress PlayerState) + customization persistence,,d7f04df
uecc,2026-07-07,2026-07-07 01:32:16,TimeOfCrash,uecc,crash,UECC-Windows-3C91DC0849A3BA12E2CEF085672B01B1_0000,UECC-Windows-3C91DC0849A3BA12E2CEF085672B01B1_0000,,,Crash,41,menu-lobby,ok,05452AC1AEB46FBF0D989052EA4D1566CA4EF30E,Unhandled Exception: EXCEPTION_ACCESS_VIOLATION reading address 0x0000000000000000,,,13920043,5d5d697,2026-07-07T00:32:14-05:00,1.001,Session 54 live test: DS missions replication binds by path; two blockers found,d7f04df,2026-07-06T23:41:15-05:00,Session 53: DS menu-load crash SOLVED (un-suppress PlayerState) + customization persistence,,d7f04df
uecc,2026-07-08,2026-07-08 21:19:40,TimeOfCrash,uecc,crash,UECC-Windows-8C3ECC714EBF9A48B589F2B498B3827A_0000,UECC-Windows-8C3ECC714EBF9A48B589F2B498B3827A_0000,,,Crash,0,unknown,os-only,DA39A3EE5E6B4B0D3255BFEF95601890AFD80709,Unhandled Exception: EXCEPTION_ACCESS_VIOLATION reading address 0x00000185232a2000,,,13083973,77ae61d,2026-07-08T20:02:11-05:00,1.292,"S59: docs — consolidate ""wiring real match progress"" guide + document the revival missions HTTP surface",929d0d3,2026-07-08T19:31:19-05:00,S59: harden missions_fix load-wait (avoid degraded-model swap) + relaunch-verify per-mission + coexistence,,1282864
degenerate,2026-07-08,2026-07-08 22:05:26,mtime,uecc,degenerate,UECC-Windows-63AD699C495EAB218AE2ED8B650BD10F_0000,UECC-Windows-63AD699C495EAB218AE2ED8B650BD10F_0000,,,Crash,0,,os-only,DA39A3EE5E6B4B0D3255BFEF95601890AFD80709,Unhandled Exception: EXCEPTION_ACCESS_VIOLATION 0x00007ff8f0400001,,,0,77ae61d,2026-07-08T20:02:11-05:00,2.054,"S59: docs — consolidate ""wiring real match progress"" guide + document the revival missions HTTP surface",929d0d3,2026-07-08T19:31:19-05:00,S59: harden missions_fix load-wait (avoid degraded-model swap) + relaunch-verify per-mission + coexistence,,1282864
degenerate,2026-07-09,2026-07-09 02:00:50,mtime,uecc,degenerate,UECC-Windows-62C094F1420AFB08EF158DA9B85398C1_0000,UECC-Windows-62C094F1420AFB08EF158DA9B85398C1_0000,,,Crash,0,,os-only,DA39A3EE5E6B4B0D3255BFEF95601890AFD80709,Unhandled Exception: EXCEPTION_ACCESS_VIOLATION 0x00007ff8f0400001,,,0,77ae61d,2026-07-08T20:02:11-05:00,5.978,"S59: docs — consolidate ""wiring real match progress"" guide + document the revival missions HTTP surface",929d0d3,2026-07-08T19:31:19-05:00,S59: harden missions_fix load-wait (avoid degraded-model swap) + relaunch-verify per-mission + coexistence,,1282864
uecc,2026-07-09,2026-07-09 02:14:14,TimeOfCrash,uecc,crash,UECC-Windows-7CA4222D402D8CEFE327799B410574B4_0000,UECC-Windows-7CA4222D402D8CEFE327799B410574B4_0000,,,Assert,277,tutorial-attempted,ok,D5ABA8A5577B609F8D98EADFA8C5BA62E267B0EE,Fatal error: [File:C:\TheoryCraft\build-staging\Engine\Source\Runtime\Engine\Private\UnrealEngine.cpp] [Line: 15551] Couldn't spawn player: ALokiGameMode::Login failed to Login,UnrealEngine.cpp,15551,14902292,77ae61d,2026-07-08T20:02:11-05:00,6.201,"S59: docs — consolidate ""wiring real match progress"" guide + document the revival missions HTTP surface",929d0d3,2026-07-08T19:31:19-05:00,S59: harden missions_fix load-wait (avoid degraded-model swap) + relaunch-verify per-mission + coexistence,,1282864
uecc,2026-07-09,2026-07-09 02:42:17,TimeOfCrash,uecc,crash,UECC-Windows-10E228F340143D108670C5888646E7F8_0000,UECC-Windows-10E228F340143D108670C5888646E7F8_0000,,,Assert,53,tutorial-attempted,ok,D5ABA8A5577B609F8D98EADFA8C5BA62E267B0EE,Fatal error: [File:C:\TheoryCraft\build-staging\Engine\Source\Runtime\Engine\Private\UnrealEngine.cpp] [Line: 15551] Couldn't spawn player: ALokiGameMode::Login failed to Login,UnrealEngine.cpp,15551,13694247,77ae61d,2026-07-08T20:02:11-05:00,6.668,"S59: docs — consolidate ""wiring real match progress"" guide + document the revival missions HTTP surface",929d0d3,2026-07-08T19:31:19-05:00,S59: harden missions_fix load-wait (avoid degraded-model swap) + relaunch-verify per-mission + coexistence,,1282864
uecc,2026-07-09,2026-07-09 03:10:18,TimeOfCrash,uecc,crash,UECC-Windows-280CF4C147EC7A94D06748880B4FDBCA_0000,UECC-Windows-280CF4C147EC7A94D06748880B4FDBCA_0000,,,Assert,810,tutorial-attempted,ok,D5ABA8A5577B609F8D98EADFA8C5BA62E267B0EE,Fatal error: [File:C:\TheoryCraft\build-staging\Engine\Source\Runtime\Engine\Private\UnrealEngine.cpp] [Line: 15551] Couldn't spawn player: ALokiGameMode::Login failed to Login,UnrealEngine.cpp,15551,13628712,77ae61d,2026-07-08T20:02:11-05:00,7.135,"S59: docs — consolidate ""wiring real match progress"" guide + document the revival missions HTTP surface",929d0d3,2026-07-08T19:31:19-05:00,S59: harden missions_fix load-wait (avoid degraded-model swap) + relaunch-verify per-mission + coexistence,,1282864
uecc,2026-07-10,2026-07-10 14:48:43,TimeOfCrash,uecc,crash,UECC-Windows-B84A06614599445E764A7797D051EB21_0000,UECC-Windows-B84A06614599445E764A7797D051EB21_0000,,,Crash,0,unknown,os-only,DA39A3EE5E6B4B0D3255BFEF95601890AFD80709,Unhandled Exception: EXCEPTION_ACCESS_VIOLATION reading address 0x000002680b350000,,,13355187,ccdb847,2026-07-09T03:22:54-05:00,35.43,S59: update documentation and functionality for front-end systems,ccdb847,2026-07-09T03:22:54-05:00,S59: update documentation and functionality for front-end systems,ccdb847,ccdb847
degenerate,2026-07-10,2026-07-10 15:24:09,mtime,uecc,degenerate,UECC-Windows-83E3410A4E6EA6C10784CC8A1C54D985_0000,UECC-Windows-83E3410A4E6EA6C10784CC8A1C54D985_0000,,,Crash,0,,os-only,DA39A3EE5E6B4B0D3255BFEF95601890AFD80709,Unhandled Exception: EXCEPTION_ACCESS_VIOLATION reading address 0x0000027e8de40000,,,0,ccdb847,2026-07-09T03:22:54-05:00,36.021,S59: update documentation and functionality for front-end systems,ccdb847,2026-07-09T03:22:54-05:00,S59: update documentation and functionality for front-end systems,ccdb847,ccdb847
uecc,2026-07-10,2026-07-10 16:28:13,TimeOfCrash,uecc,crash,UECC-Windows-61C555514049B0CFBA3880B3C71D3A41_0000,UECC-Windows-61C555514049B0CFBA3880B3C71D3A41_0000,,,Crash,0,unknown,os-only,DA39A3EE5E6B4B0D3255BFEF95601890AFD80709,Unhandled Exception: EXCEPTION_ACCESS_VIOLATION 0x00007ff8f0400001,,,13631799,ccdb847,2026-07-09T03:22:54-05:00,37.089,S59: update documentation and functionality for front-end systems,ccdb847,2026-07-09T03:22:54-05:00,S59: update documentation and functionality for front-end systems,ccdb847,ccdb847
degenerate,2026-07-10,2026-07-10 16:28:43,mtime,uecc,degenerate,UECC-Windows-EBFECFE74D1F5009F2BE7BB40A163C79_0000,UECC-Windows-EBFECFE74D1F5009F2BE7BB40A163C79_0000,,,Crash,0,,os-only,DA39A3EE5E6B4B0D3255BFEF95601890AFD80709,Unhandled Exception: EXCEPTION_ACCESS_VIOLATION reading address 0x0000020ac365b000,,,0,ccdb847,2026-07-09T03:22:54-05:00,37.097,S59: update documentation and functionality for front-end systems,ccdb847,2026-07-09T03:22:54-05:00,S59: update documentation and functionality for front-end systems,ccdb847,ccdb847
degenerate,2026-07-10,2026-07-10 16:41:43,mtime,uecc,degenerate,UECC-Windows-858B6F07479DB1B45F1B07B72F98427B_0000,UECC-Windows-858B6F07479DB1B45F1B07B72F98427B_0000,,,Crash,0,,os-only,DA39A3EE5E6B4B0D3255BFEF95601890AFD80709,Unhandled Exception: EXCEPTION_ACCESS_VIOLATION reading address 0x0000022c26245000,,,0,ccdb847,2026-07-09T03:22:54-05:00,37.314,S59: update documentation and functionality for front-end systems,ccdb847,2026-07-09T03:22:54-05:00,S59: update documentation and functionality for front-end systems,ccdb847,ccdb847
uecc,2026-07-10,2026-07-10 21:05:25,TimeOfCrash,uecc,crash,UECC-Windows-C949E23F469873E8F70406AC11F29D6E_0000,UECC-Windows-C949E23F469873E8F70406AC11F29D6E_0000,,,Assert,90,tutorial-attempted,ok,D5ABA8A5577B609F8D98EADFA8C5BA62E267B0EE,Fatal error: [File:C:\TheoryCraft\build-staging\Engine\Source\Runtime\Engine\Private\UnrealEngine.cpp] [Line: 15551] Couldn't spawn player: ALokiGameMode::Login failed to Login,UnrealEngine.cpp,15551,13645108,b1731ed,2026-07-10T21:05:14-05:00,0.003,Merge origin/main into dedicated-server-stub (keep branch tree),473b3f9,2026-07-10T20:44:20-05:00,S61: enhance missions and secondary shim injection process,ccdb847,473b3f9
uecc,2026-07-10,2026-07-10 21:11:07,TimeOfCrash,uecc,crash,UECC-Windows-49BFA2A9450C1B4904530E9EF913F842_0000,UECC-Windows-49BFA2A9450C1B4904530E9EF913F842_0000,,,Assert,107,tutorial-attempted,ok,D5ABA8A5577B609F8D98EADFA8C5BA62E267B0EE,Fatal error: [File:C:\TheoryCraft\build-staging\Engine\Source\Runtime\Engine\Private\UnrealEngine.cpp] [Line: 15551] Couldn't spawn player: ALokiGameMode::Login failed to Login,UnrealEngine.cpp,15551,13642186,b1731ed,2026-07-10T21:05:14-05:00,0.098,Merge origin/main into dedicated-server-stub (keep branch tree),473b3f9,2026-07-10T20:44:20-05:00,S61: enhance missions and secondary shim injection process,ccdb847,473b3f9
uecc,2026-07-10,2026-07-10 21:12:55,TimeOfCrash,uecc,crash,UECC-Windows-EF11C5B343B7E4CEED0E82AB07D74BD7_0000,UECC-Windows-EF11C5B343B7E4CEED0E82AB07D74BD7_0000,,,Assert,45,tutorial-attempted,ok,D5ABA8A5577B609F8D98EADFA8C5BA62E267B0EE,Fatal error: [File:C:\TheoryCraft\build-staging\Engine\Source\Runtime\Engine\Private\UnrealEngine.cpp] [Line: 15551] Couldn't spawn player: ALokiGameMode::Login failed to Login,UnrealEngine.cpp,15551,13933464,b1731ed,2026-07-10T21:05:14-05:00,0.128,Merge origin/main into dedicated-server-stub (keep branch tree),473b3f9,2026-07-10T20:44:20-05:00,S61: enhance missions and secondary shim injection process,ccdb847,473b3f9
uecc,2026-07-10,2026-07-10 21:32:22,TimeOfCrash,uecc,crash,UECC-Windows-DE11FBBB430F8DFBB6B882814B05F397_0000,UECC-Windows-DE11FBBB430F8DFBB6B882814B05F397_0000,,,Assert,834,tutorial-attempted,ok,D5ABA8A5577B609F8D98EADFA8C5BA62E267B0EE,Fatal error: [File:C:\TheoryCraft\build-staging\Engine\Source\Runtime\Engine\Private\UnrealEngine.cpp] [Line: 15551] Couldn't spawn player: ALokiGameMode::Login failed to Login,UnrealEngine.cpp,15551,13868920,b1731ed,2026-07-10T21:05:14-05:00,0.452,Merge origin/main into dedicated-server-stub (keep branch tree),473b3f9,2026-07-10T20:44:20-05:00,S61: enhance missions and secondary shim injection process,ccdb847,473b3f9
uecc,2026-07-10,2026-07-10 21:43:43,TimeOfCrash,uecc,crash,UECC-Windows-065519B546619DD6E5BD9A9CAFEB7373_0000,UECC-Windows-065519B546619DD6E5BD9A9CAFEB7373_0000,,,Assert,49,tutorial-attempted,ok,D5ABA8A5577B609F8D98EADFA8C5BA62E267B0EE,Fatal error: [File:C:\TheoryCraft\build-staging\Engine\Source\Runtime\Engine\Private\UnrealEngine.cpp] [Line: 15551] Couldn't spawn player: ALokiGameMode::Login failed to Login,UnrealEngine.cpp,15551,13937947,b1731ed,2026-07-10T21:05:14-05:00,0.642,Merge origin/main into dedicated-server-stub (keep branch tree),473b3f9,2026-07-10T20:44:20-05:00,S61: enhance missions and secondary shim injection process,ccdb847,473b3f9
uecc,2026-07-10,2026-07-10 21:47:43,TimeOfCrash,uecc,crash,UECC-Windows-9273A8144DCC5E6BD0A6C69274682E66_0000,UECC-Windows-9273A8144DCC5E6BD0A6C69274682E66_0000,,,Assert,30,tutorial-attempted,ok,D5ABA8A5577B609F8D98EADFA8C5BA62E267B0EE,Fatal error: [File:C:\TheoryCraft\build-staging\Engine\Source\Runtime\Engine\Private\UnrealEngine.cpp] [Line: 15551] Couldn't spawn player: ALokiGameMode::Login failed to Login,UnrealEngine.cpp,15551,13943827,b1731ed,2026-07-10T21:05:14-05:00,0.708,Merge origin/main into dedicated-server-stub (keep branch tree),473b3f9,2026-07-10T20:44:20-05:00,S61: enhance missions and secondary shim injection process,ccdb847,473b3f9
uecc,2026-07-10,2026-07-10 21:54:03,TimeOfCrash,uecc,crash,UECC-Windows-9B9F374C4FD2AAFB6943549E3192B74F_0000,UECC-Windows-9B9F374C4FD2AAFB6943549E3192B74F_0000,,,Assert,33,tutorial-attempted,ok,D5ABA8A5577B609F8D98EADFA8C5BA62E267B0EE,Fatal error: [File:C:\TheoryCraft\build-staging\Engine\Source\Runtime\Engine\Private\UnrealEngine.cpp] [Line: 15551] Couldn't spawn player: ALokiGameMode::Login failed to Login,UnrealEngine.cpp,15551,13675957,b1731ed,2026-07-10T21:05:14-05:00,0.814,Merge origin/main into dedicated-server-stub (keep branch tree),473b3f9,2026-07-10T20:44:20-05:00,S61: enhance missions and secondary shim injection process,ccdb847,473b3f9
uecc,2026-07-10,2026-07-10 22:11:58,TimeOfCrash,uecc,crash,UECC-Windows-98C5085946BE678E21D80AA0CB3B6FC8_0000,UECC-Windows-98C5085946BE678E21D80AA0CB3B6FC8_0000,,,Assert,654,tutorial-attempted,ok,D5ABA8A5577B609F8D98EADFA8C5BA62E267B0EE,Fatal error: [File:C:\TheoryCraft\build-staging\Engine\Source\Runtime\Engine\Private\UnrealEngine.cpp] [Line: 15551] Couldn't spawn player: PlayerState is null,UnrealEngine.cpp,15551,13650893,b1731ed,2026-07-10T21:05:14-05:00,1.112,Merge origin/main into dedicated-server-stub (keep branch tree),473b3f9,2026-07-10T20:44:20-05:00,S61: enhance missions and secondary shim injection process,ccdb847,473b3f9
uecc,2026-07-10,2026-07-10 22:15:27,TimeOfCrash,uecc,crash,UECC-Windows-6C2B7E2842EAD7E692BB2CB1C577CEE1_0000,UECC-Windows-6C2B7E2842EAD7E692BB2CB1C577CEE1_0000,,,Assert,33,tutorial-attempted,ok,D5ABA8A5577B609F8D98EADFA8C5BA62E267B0EE,Fatal error: [File:C:\TheoryCraft\build-staging\Engine\Source\Runtime\Engine\Private\UnrealEngine.cpp] [Line: 15551] Couldn't spawn player: PlayerState is null,UnrealEngine.cpp,15551,13907273,b1731ed,2026-07-10T21:05:14-05:00,1.171,Merge origin/main into dedicated-server-stub (keep branch tree),473b3f9,2026-07-10T20:44:20-05:00,S61: enhance missions and secondary shim injection process,ccdb847,473b3f9
uecc,2026-07-10,2026-07-10 22:28:08,TimeOfCrash,uecc,crash,UECC-Windows-980F69E94DCDC0D315C37398BE501B00_0000,UECC-Windows-980F69E94DCDC0D315C37398BE501B00_0000,,,Assert,264,tutorial-attempted,ok,D5ABA8A5577B609F8D98EADFA8C5BA62E267B0EE,Fatal error: [File:C:\TheoryCraft\build-staging\Engine\Source\Runtime\Engine\Private\UnrealEngine.cpp] [Line: 15551] Couldn't spawn player: PlayerState is null,UnrealEngine.cpp,15551,13905598,b1731ed,2026-07-10T21:05:14-05:00,1.382,Merge origin/main into dedicated-server-stub (keep branch tree),473b3f9,2026-07-10T20:44:20-05:00,S61: enhance missions and secondary shim injection process,ccdb847,473b3f9
uecc,2026-07-11,2026-07-11 00:55:22,TimeOfCrash,uecc,crash,UECC-Windows-3EF4049A4F1DDA192FFCF39B9D4E0000_0000,UECC-Windows-3EF4049A4F1DDA192FFCF39B9D4E0000_0000,,,Crash,8403,menu-lobby,ok,50A9FDF3493981BD1B7491EC5AB982F055D624AE,Unhandled Exception: EXCEPTION_ACCESS_VIOLATION reading address 0x0000000000000000,,,13775743,b1731ed,2026-07-10T21:05:14-05:00,3.836,Merge origin/main into dedicated-server-stub (keep branch tree),473b3f9,2026-07-10T20:44:20-05:00,S61: enhance missions and secondary shim injection process,ccdb847,473b3f9
uecc,2026-07-11,2026-07-11 14:15:58,TimeOfCrash,uecc,crash,UECC-Windows-C82D616945ADA2E59A3DA399CE1B8BCE_0000,UECC-Windows-C82D616945ADA2E59A3DA399CE1B8BCE_0000,,,Assert,184,tutorial,ok,D5ABA8A5577B609F8D98EADFA8C5BA62E267B0EE,Fatal error: [File:C:\TheoryCraft\build-staging\Engine\Source\Runtime\Engine\Private\UnrealEngine.cpp] [Line: 15551] Couldn't spawn player: PlayerState is null,UnrealEngine.cpp,15551,13909355,b1731ed,2026-07-10T21:05:14-05:00,17.179,Merge origin/main into dedicated-server-stub (keep branch tree),473b3f9,2026-07-10T20:44:20-05:00,S61: enhance missions and secondary shim injection process,ccdb847,473b3f9
uecc,2026-07-11,2026-07-11 14:25:34,TimeOfCrash,uecc,crash,UECC-Windows-3051E59B471D6183439DC4A9BC95C4A0_0000,UECC-Windows-3051E59B471D6183439DC4A9BC95C4A0_0000,,,Crash,240,tutorial-attempted,ok,C568E285AECFFF0FDC960382B56DB4083133DAF0,Unhandled Exception: EXCEPTION_ACCESS_VIOLATION 0x00007ff6bd575ee0,,,13892289,b1731ed,2026-07-10T21:05:14-05:00,17.339,Merge origin/main into dedicated-server-stub (keep branch tree),473b3f9,2026-07-10T20:44:20-05:00,S61: enhance missions and secondary shim injection process,ccdb847,473b3f9
uecc,2026-07-11,2026-07-11 14:32:43,TimeOfCrash,uecc,crash,UECC-Windows-844A28464EBA92F39C30048162EDA529_0000,UECC-Windows-844A28464EBA92F39C30048162EDA529_0000,,,Assert,288,tutorial-attempted,ok,D5ABA8A5577B609F8D98EADFA8C5BA62E267B0EE,Fatal error: [File:C:\TheoryCraft\build-staging\Engine\Source\Runtime\Engine\Private\UnrealEngine.cpp] [Line: 15551] Couldn't spawn player: PlayerState is null,UnrealEngine.cpp,15551,13904990,b1731ed,2026-07-10T21:05:14-05:00,17.458,Merge origin/main into dedicated-server-stub (keep branch tree),473b3f9,2026-07-10T20:44:20-05:00,S61: enhance missions and secondary shim injection process,ccdb847,473b3f9
uecc,2026-07-11,2026-07-11 14:40:23,TimeOfCrash,uecc,crash,UECC-Windows-6557E96C43872D11E3629A81EFBFDC37_0000,UECC-Windows-6557E96C43872D11E3629A81EFBFDC37_0000,,,Assert,55,tutorial-attempted,ok,D5ABA8A5577B609F8D98EADFA8C5BA62E267B0EE,Fatal error: [File:C:\TheoryCraft\build-staging\Engine\Source\Runtime\Engine\Private\UnrealEngine.cpp] [Line: 15551] Couldn't spawn player: PlayerState is null,UnrealEngine.cpp,15551,13938918,b1731ed,2026-07-10T21:05:14-05:00,17.586,Merge origin/main into dedicated-server-stub (keep branch tree),473b3f9,2026-07-10T20:44:20-05:00,S61: enhance missions and secondary shim injection process,ccdb847,473b3f9
uecc,2026-07-11,2026-07-11 16:41:44,TimeOfCrash,uecc,crash,UECC-Windows-1F6F4DA742F90DD51B5992BCF210678F_0000,UECC-Windows-1F6F4DA742F90DD51B5992BCF210678F_0000,,,Assert,13,tutorial-attempted,ok,D5ABA8A5577B609F8D98EADFA8C5BA62E267B0EE,Fatal error: [File:C:\TheoryCraft\build-staging\Engine\Source\Runtime\Engine\Private\UnrealEngine.cpp] [Line: 15551] Couldn't spawn player: ALokiGameMode::Login failed to Login,UnrealEngine.cpp,15551,13743833,a91a61c,2026-07-11T14:46:35-05:00,1.919,Update certificates and enhance documentation for injection processes,a91a61c,2026-07-11T14:46:35-05:00,Update certificates and enhance documentation for injection processes,a91a61c,a91a61c
uecc,2026-07-11,2026-07-11 17:39:10,TimeOfCrash,uecc,crash,UECC-Windows-A15041E942D2549748BE729C6EA2F272_0000,UECC-Windows-A15041E942D2549748BE729C6EA2F272_0000,,,Crash,3334,tutorial,ok,E8E15E681522B43A5F254700076013CDF54A86FB,Unhandled Exception: EXCEPTION_ACCESS_VIOLATION reading address 0x0000000000000000,,,13683058,a91a61c,2026-07-11T14:46:35-05:00,2.876,Update certificates and enhance documentation for injection processes,a91a61c,2026-07-11T14:46:35-05:00,Update certificates and enhance documentation for injection processes,a91a61c,a91a61c
uecc,2026-07-11,2026-07-11 17:44:39,TimeOfCrash,uecc,crash,UECC-Windows-10CF9C874C05E6B45714FA8698086EE6_0000,UECC-Windows-10CF9C874C05E6B45714FA8698086EE6_0000,,,Crash,84,tutorial,ok,E8E15E681522B43A5F254700076013CDF54A86FB,Unhandled Exception: EXCEPTION_ACCESS_VIOLATION reading address 0x0000000000000000,,,13884168,a91a61c,2026-07-11T14:46:35-05:00,2.968,Update certificates and enhance documentation for injection processes,a91a61c,2026-07-11T14:46:35-05:00,Update certificates and enhance documentation for injection processes,a91a61c,a91a61c
uecc,2026-07-11,2026-07-11 18:08:44,TimeOfCrash,uecc,crash,UECC-Windows-DC4A30AB45E2DCF9010F6BB1820B64C6_0000,UECC-Windows-DC4A30AB45E2DCF9010F6BB1820B64C6_0000,,,Crash,659,tutorial,ok,74C7442120C5A2FD72C0BE68B3A66C7884209DC7,Unhandled Exception: EXCEPTION_ACCESS_VIOLATION reading address 0x0000000000000000,,,13930823,a91a61c,2026-07-11T14:46:35-05:00,3.369,Update certificates and enhance documentation for injection processes,a91a61c,2026-07-11T14:46:35-05:00,Update certificates and enhance documentation for injection processes,a91a61c,a91a61c
uecc,2026-07-12,2026-07-12 01:46:01,TimeOfCrash,uecc,crash,UECC-Windows-E7323D144A436F0CFA24068659F9B0EA_0000,UECC-Windows-E7323D144A436F0CFA24068659F9B0EA_0000,,,Crash,677,tutorial,ok,62CFEE1A30095B493D1FC8D3E4A06078FC39D614,Unhandled Exception: EXCEPTION_ACCESS_VIOLATION reading address 0x0000000000000000,,,13864243,fb04117,2026-07-12T01:45:47-05:00,0.004,S74 B2: round-advance recon (GoToPhase/SpawnPlayer) + RM_GOTOPHASE shim,fb04117,2026-07-12T01:45:47-05:00,S74 B2: round-advance recon (GoToPhase/SpawnPlayer) + RM_GOTOPHASE shim,fb04117,fb04117
uecc,2026-07-12,2026-07-12 01:56:29,TimeOfCrash,uecc,crash,UECC-Windows-838C7D984314FC29C224F0AE1DE1ABFA_0000,UECC-Windows-838C7D984314FC29C224F0AE1DE1ABFA_0000,,,Crash,259,tutorial,ok,178A9A42BF058DC868A4A5EFD71643A0FAF7BAA6,Unhandled Exception: EXCEPTION_ACCESS_VIOLATION reading address 0x0000000000000000,,,13902840,f99ad31,2026-07-12T01:48:43-05:00,0.13,"S74 B2 experiment 1: GoToPhase advances round to SpawnSelect, crashes in deploy setup",fb04117,2026-07-12T01:45:47-05:00,S74 B2: round-advance recon (GoToPhase/SpawnPlayer) + RM_GOTOPHASE shim,fb04117,fb04117
uecc,2026-07-12,2026-07-12 12:39:37,TimeOfCrash,uecc,crash,UECC-Windows-471B48854CEC956E332B40B06F47FF5E_0000,UECC-Windows-471B48854CEC956E332B40B06F47FF5E_0000,,,Crash,60,tutorial,ok,62CFEE1A30095B493D1FC8D3E4A06078FC39D614,Unhandled Exception: EXCEPTION_ACCESS_VIOLATION reading address 0x0000000000000000,,,13705424,0bde7ea,2026-07-12T01:59:10-05:00,10.674,S74 B2 exp2+exp3: B2 FULLY EXHAUSTED — hero deploy/spawn null-derefs on missing server state,0bde7ea,2026-07-12T01:59:10-05:00,S74 B2 exp2+exp3: B2 FULLY EXHAUSTED — hero deploy/spawn null-derefs on missing server state,0bde7ea,fb04117
uecc,2026-07-17,2026-07-17 04:17:06,TimeOfCrash,uecc,crash,UECC-Windows-65F4745A40DE395C1821E4BF1AF37610_0000,UECC-Windows-65F4745A40DE395C1821E4BF1AF37610_0000,,,Assert,278,tutorial-attempted,ok,8572B8886D83CB9C7DD4D56832381FF4A4B51BFD,Fatal error: [File:C:\TheoryCraft\build-staging\Engine\Source\Runtime\Core\Private\HAL\MallocBinned2.cpp] [Line: 1322] FMallocBinned2 Attempt to realloc an unrecognized block 00007FF6B6EC0000 canary == 0xb2 != 0xe3,MallocBinned2.cpp,1322,13670831,6086723,2026-07-17T03:20:18-05:00,0.947,S81 handoff: prompt + full session doc,a8c3b74,2026-07-17T03:10:54-05:00,"Widget census + the 48-slot CAP bug: ""48/48 collapsed"" was the cap, not the job",957b190,c3bfc34
uecc,2026-07-19,2026-07-19 03:08:46,TimeOfCrash,uecc,crash,UECC-Windows-45C234614370814266F9EFB620065AFF_0000,UECC-Windows-45C234614370814266F9EFB620065AFF_0000,,,Crash,3216,menu-lobby,ok,50A9FDF3493981BD1B7491EC5AB982F055D624AE,Unhandled Exception: EXCEPTION_ACCESS_VIOLATION reading address 0x0000000000000000,,,13869895,bc305bd,2026-07-19T02:13:23-05:00,0.923,S83-84: PASSES fully online (tier grid + progress + match XP); DS hero route re-scoped,bc305bd,2026-07-19T02:13:23-05:00,S83-84: PASSES fully online (tier grid + progress + match XP); DS hero route re-scoped,957b190,bc305bd
uecc,2026-07-19,2026-07-19 03:40:10,TimeOfCrash,uecc,crash,UECC-Windows-A55704B34C1FEC44B24CEF914DB86146_0000,UECC-Windows-A55704B34C1FEC44B24CEF914DB86146_0000,,,Crash,0,unknown,os-only,DA39A3EE5E6B4B0D3255BFEF95601890AFD80709,Unhandled Exception: EXCEPTION_ACCESS_VIOLATION 0x00007ff90e000001,,,13264110,bc305bd,2026-07-19T02:13:23-05:00,1.447,S83-84: PASSES fully online (tier grid + progress + match XP); DS hero route re-scoped,bc305bd,2026-07-19T02:13:23-05:00,S83-84: PASSES fully online (tier grid + progress + match XP); DS hero route re-scoped,957b190,bc305bd
uecc,2026-07-19,2026-07-19 21:05:50,TimeOfCrash,uecc,crash,UECC-Windows-298DDD37462D8C151F826FA5E4180E3B_0000,UECC-Windows-298DDD37462D8C151F826FA5E4180E3B_0000,,,Crash,0,unknown,os-only,DA39A3EE5E6B4B0D3255BFEF95601890AFD80709,Unhandled Exception: EXCEPTION_ACCESS_VIOLATION reading address 0x000001c9a0561000,,,13006907,bc305bd,2026-07-19T02:13:23-05:00,18.874,S83-84: PASSES fully online (tier grid + progress + match XP); DS hero route re-scoped,bc305bd,2026-07-19T02:13:23-05:00,S83-84: PASSES fully online (tier grid + progress + match XP); DS hero route re-scoped,957b190,bc305bd
uecc,2026-07-24,2026-07-24 14:45:34,TimeOfCrash,uecc,crash,UECC-Windows-B61ED1A7433CAB7A7DA757A08D9D18A3_0000,UECC-Windows-B61ED1A7433CAB7A7DA757A08D9D18A3_0000,,,Crash,194,tutorial,ok,6EFAC0070AD4F68D939B78D7B0B80F71F97B9165,Unhandled Exception: EXCEPTION_ACCESS_VIOLATION reading address 0x0000000001000040,,,13913503,97606c2,2026-07-22T21:11:48-05:00,41.563,docs: S87 next-session handoff prompt,cbfb752,2026-07-19T21:48:21-05:00,Update certificates and logs for improved functionality and debugging,957b190,f1a3534
uecc,2026-07-26,2026-07-26 01:44:54,TimeOfCrash,uecc,crash,UECC-Windows-AABE886D4D98F9C7C5134FBE549F185B_0000,UECC-Windows-AABE886D4D98F9C7C5134FBE549F185B_0000,,,Crash,185,tutorial,ok,6EFAC0070AD4F68D939B78D7B0B80F71F97B9165,Unhandled Exception: EXCEPTION_ACCESS_VIOLATION reading address 0xffffffffffffffff,,,13920799,ee17f37,2026-07-26T01:14:31-05:00,0.507,"S99: weapon question settled (no socket needed); idle-animation fix built, pending visual verify",ee17f37,2026-07-26T01:14:31-05:00,"S99: weapon question settled (no socket needed); idle-animation fix built, pending visual verify",ee17f37,b82b0e4
uecc,2026-07-26,2026-07-26 01:50:53,TimeOfCrash,uecc,crash,UECC-Windows-FF9CF62342E3891A63CDC5BC4ED8786E_0000,UECC-Windows-FF9CF62342E3891A63CDC5BC4ED8786E_0000,,,Crash,195,tutorial,ok,F83BC9D244687845FA4E88A0600BDB26C9F7F689,Unhandled Exception: EXCEPTION_ACCESS_VIOLATION 0x000001cbe83cd400,,,13750616,ee17f37,2026-07-26T01:14:31-05:00,0.606,"S99: weapon question settled (no socket needed); idle-animation fix built, pending visual verify",ee17f37,2026-07-26T01:14:31-05:00,"S99: weapon question settled (no socket needed); idle-animation fix built, pending visual verify",ee17f37,b82b0e4
uecc,2026-07-26,2026-07-26 02:11:46,TimeOfCrash,uecc,crash,UECC-Windows-8F0E05BF44D2C173BF310D8C0E780153_0000,UECC-Windows-8F0E05BF44D2C173BF310D8C0E780153_0000,,,Crash,196,tutorial,ok,6D91E5A0A4092BFB4A3861793A428E13C443C8B8,Unhandled Exception: EXCEPTION_ACCESS_VIOLATION reading address 0x0000000000000044,,,13922725,ee17f37,2026-07-26T01:14:31-05:00,0.954,"S99: weapon question settled (no socket needed); idle-animation fix built, pending visual verify",ee17f37,2026-07-26T01:14:31-05:00,"S99: weapon question settled (no socket needed); idle-animation fix built, pending visual verify",ee17f37,b82b0e4
uecc,2026-07-26,2026-07-26 02:19:13,TimeOfCrash,uecc,crash,UECC-Windows-063228F64323E5B9106BA1A9A7B04EB4_0000,UECC-Windows-063228F64323E5B9106BA1A9A7B04EB4_0000,,,Crash,194,tutorial,ok,193C20C7E8EECC8327DF279F9091E4E9C712F25F,Unhandled Exception: EXCEPTION_ACCESS_VIOLATION reading address 0xffffffffffffffff,,,13672214,ee17f37,2026-07-26T01:14:31-05:00,1.078,"S99: weapon question settled (no socket needed); idle-animation fix built, pending visual verify",ee17f37,2026-07-26T01:14:31-05:00,"S99: weapon question settled (no socket needed); idle-animation fix built, pending visual verify",ee17f37,b82b0e4
uecc,2026-07-26,2026-07-26 02:24:52,TimeOfCrash,uecc,crash,UECC-Windows-0313276C47E192B4C8978C919443FD9D_0000,UECC-Windows-0313276C47E192B4C8978C919443FD9D_0000,,,Crash,201,tutorial,ok,F83BC9D244687845FA4E88A0600BDB26C9F7F689,Unhandled Exception: EXCEPTION_ACCESS_VIOLATION 0x000002549be0ce00,,,13945869,ee17f37,2026-07-26T01:14:31-05:00,1.173,"S99: weapon question settled (no socket needed); idle-animation fix built, pending visual verify",ee17f37,2026-07-26T01:14:31-05:00,"S99: weapon question settled (no socket needed); idle-animation fix built, pending visual verify",ee17f37,b82b0e4
uecc,2026-07-26,2026-07-26 04:09:27,TimeOfCrash,uecc,crash,UECC-Windows-EE95146A4D0F6CACEF54F3B8FD6A3F17_0000,UECC-Windows-EE95146A4D0F6CACEF54F3B8FD6A3F17_0000,,,Crash,195,tutorial,ok,F83BC9D244687845FA4E88A0600BDB26C9F7F689,Unhandled Exception: EXCEPTION_ACCESS_VIOLATION 0x00000245775fb200,,,13942094,a8d23f2,2026-07-26T02:27:54-05:00,1.693,S99b: idle animation VERIFIED by measurement; run animation; GAS scope corrected,a8d23f2,2026-07-26T02:27:54-05:00,S99b: idle animation VERIFIED by measurement; run animation; GAS scope corrected,a8d23f2,b82b0e4
uecc,2026-07-26,2026-07-26 04:14:35,TimeOfCrash,uecc,crash,UECC-Windows-154E12A544CB32178D5064BDC41CC296_0000,UECC-Windows-154E12A544CB32178D5064BDC41CC296_0000,,,Crash,194,tutorial,absent,,Unhandled Exception: EXCEPTION_ACCESS_VIOLATION 0x0000000000000000,,,13941125,a8d23f2,2026-07-26T02:27:54-05:00,1.778,S99b: idle animation VERIFIED by measurement; run animation; GAS scope corrected,a8d23f2,2026-07-26T02:27:54-05:00,S99b: idle animation VERIFIED by measurement; run animation; GAS scope corrected,a8d23f2,b82b0e4
uecc,2026-07-26,2026-07-26 04:29:11,TimeOfCrash,uecc,crash,UECC-Windows-BE345EC241F29F24108182B2730F8A7C_0000,UECC-Windows-BE345EC241F29F24108182B2730F8A7C_0000,,,Crash,175,tutorial,ok,A92CFEEE6BC060216A7DB3C6CA191BF7C10B4CDB,Unhandled Exception: EXCEPTION_ACCESS_VIOLATION reading address 0x0000000000000700,,,13680796,2921ac5,2026-07-26T04:23:31-05:00,0.095,S100b: found the native ability-system wiring entry point -- no hand-building needed,a8d23f2,2026-07-26T02:27:54-05:00,S99b: idle animation VERIFIED by measurement; run animation; GAS scope corrected,a8d23f2,b82b0e4
uecc,2026-07-26,2026-07-26 04:39:24,TimeOfCrash,uecc,crash,UECC-Windows-7E6FDF974F655E383E5FAD99500869C5_0000,UECC-Windows-7E6FDF974F655E383E5FAD99500869C5_0000,,,Crash,173,tutorial,ok,A92CFEEE6BC060216A7DB3C6CA191BF7C10B4CDB,Unhandled Exception: EXCEPTION_ACCESS_VIOLATION reading address 0x0000000000000700,,,13691386,2921ac5,2026-07-26T04:23:31-05:00,0.265,S100b: found the native ability-system wiring entry point -- no hand-building needed,a8d23f2,2026-07-26T02:27:54-05:00,S99b: idle animation VERIFIED by measurement; run animation; GAS scope corrected,a8d23f2,b82b0e4
uecc,2026-08-03,2026-08-03 22:49:21,TimeOfCrash,uecc,crash,UECC-Windows-166396E24F5A36C5727032B196D739EA_0000,UECC-Windows-166396E24F5A36C5727032B196D739EA_0000,,,Crash,2550,tutorial,ok,9492917422986D86959FAEA393928B3CE784D2C8,Unhandled Exception: 0x80000004,,,13786871,6e8a7df,2026-07-26T15:25:05-05:00,199.405,S103: spawn + populate + install the HeroAffiliated carrier -- GATE 1 cleared,6e8a7df,2026-07-26T15:25:05-05:00,S103: spawn + populate + install the HeroAffiliated carrier -- GATE 1 cleared,6e8a7df,b82b0e4
uecc,2026-08-04,2026-08-04 01:57:53,TimeOfCrash,uecc,crash,UECC-Windows-FED1F95245D6D5F093C1D4B93FE860CA_0000,UECC-Windows-FED1F95245D6D5F093C1D4B93FE860CA_0000,,,Crash,572,tutorial,ok,9492917422986D86959FAEA393928B3CE784D2C8,Unhandled Exception: EXCEPTION_ACCESS_VIOLATION writing address 0x000002bd733eaee0,,,13731630,87c1e97,2026-08-03T23:07:21-05:00,2.842,"docs: S108 handoff — wprobe2, crash triage, FK-7 closure",9eddbcd,2026-08-03T22:59:04-05:00,shim: FK-7 crash fixes + FK-24 watchpoint probe + a real build system,9eddbcd,8e523ab
crashpad,2026-08-04,2026-08-04 14:10:26,TimeOfCrash,crashpad,crash,crashpad-20260804-151455-s109-positive-control/41cdafa3-ceff-4d83-8d11-69fa9b75b54a,UECC-Windows-EE05D2854EA1B732FA93E090DE045227,1,s109-positive-control,Crash,491,tutorial,,,,,,43804912,87c1e97,2026-08-03T23:07:21-05:00,15.052,"docs: S108 handoff — wprobe2, crash triage, FK-7 closure",9eddbcd,2026-08-03T22:59:04-05:00,shim: FK-7 crash fixes + FK-24 watchpoint probe + a real build system,9eddbcd,8e523ab
dupe,2026-08-04,2026-08-04 14:10:26,TimeOfCrash,crashpad,crash,crashpad-20260804-163837/41cdafa3-ceff-4d83-8d11-69fa9b75b54a,UECC-Windows-EE05D2854EA1B732FA93E090DE045227,0,,Crash,491,tutorial,,,,,,43804912,87c1e97,2026-08-03T23:07:21-05:00,15.052,"docs: S108 handoff — wprobe2, crash triage, FK-7 closure",9eddbcd,2026-08-03T22:59:04-05:00,shim: FK-7 crash fixes + FK-24 watchpoint probe + a real build system,9eddbcd,8e523ab
dupe,2026-08-04,2026-08-04 14:10:26,TimeOfCrash,crashpad,crash,crashpad-20260804-163838-postexit/41cdafa3-ceff-4d83-8d11-69fa9b75b54a,UECC-Windows-EE05D2854EA1B732FA93E090DE045227,0,postexit,Crash,491,tutorial,,,,,,43804912,87c1e97,2026-08-03T23:07:21-05:00,15.052,"docs: S108 handoff — wprobe2, crash triage, FK-7 closure",9eddbcd,2026-08-03T22:59:04-05:00,shim: FK-7 crash fixes + FK-24 watchpoint probe + a real build system,9eddbcd,8e523ab
uecc,2026-08-04,2026-08-04 18:18:10,TimeOfCrash,uecc,crash,UECC-Windows-4BC8B9694F2C1A6A188CB8A9E01956AB_0000,UECC-Windows-4BC8B9694F2C1A6A188CB8A9E01956AB_0000,,,Crash,0,unknown,os-only,DA39A3EE5E6B4B0D3255BFEF95601890AFD80709,Unhandled Exception: EXCEPTION_ACCESS_VIOLATION reading address 0x000001ee1b420000,,,13410758,da84b63,2026-08-04T18:13:39-05:00,0.075,"docs: S109 — clean runs don't die (4/4), and the chainless bucket is two packer families",7ef26c0,2026-08-04T14:20:33-05:00,shim: KSTATICTEST off by default — the leftover diagnostic that killed walk/run animation,7ef26c0,ed252c4
crashpad,2026-08-04,2026-08-04 18:18:59,TimeOfCrash,crashpad,crash,crashpad-20260804-181909-shimrun2-DEATH/3e17e732-dd9f-4174-a291-66e9c3f036fc,UECC-Windows-8122CEAE46859077EF153FAB46767887,1,shimrun2-DEATH,Crash,0,unknown,,,,,,5420624,da84b63,2026-08-04T18:13:39-05:00,0.089,"docs: S109 — clean runs don't die (4/4), and the chainless bucket is two packer families",7ef26c0,2026-08-04T14:20:33-05:00,shim: KSTATICTEST off by default — the leftover diagnostic that killed walk/run animation,7ef26c0,ed252c4
dupe,2026-08-04,2026-08-04 18:18:59,TimeOfCrash,crashpad,crash,crashpad-20260804-181915/3e17e732-dd9f-4174-a291-66e9c3f036fc,UECC-Windows-8122CEAE46859077EF153FAB46767887,0,,Crash,0,unknown,,,,,,5420624,da84b63,2026-08-04T18:13:39-05:00,0.089,"docs: S109 — clean runs don't die (4/4), and the chainless bucket is two packer families",7ef26c0,2026-08-04T14:20:33-05:00,shim: KSTATICTEST off by default — the leftover diagnostic that killed walk/run animation,7ef26c0,ed252c4
dupe,2026-08-04,2026-08-04 18:19:00,TimeOfCrash,crashpad,crash,crashpad-20260804-182004-shimrun3-DEATH/3e17e732-dd9f-4174-a291-66e9c3f036fc,,0,shimrun3-DEATH,,,,,,,,,5420624,da84b63,2026-08-04T18:13:39-05:00,0.089,"docs: S109 — clean runs don't die (4/4), and the chainless bucket is two packer families",7ef26c0,2026-08-04T14:20:33-05:00,shim: KSTATICTEST off by default — the leftover diagnostic that killed walk/run animation,7ef26c0,ed252c4
dupe,2026-08-04,2026-08-04 18:19:00,TimeOfCrash,crashpad,crash,crashpad-20260804-185216/3e17e732-dd9f-4174-a291-66e9c3f036fc,,0,,,,,,,,,,5420624,da84b63,2026-08-04T18:13:39-05:00,0.089,"docs: S109 — clean runs don't die (4/4), and the chainless bucket is two packer families",7ef26c0,2026-08-04T14:20:33-05:00,shim: KSTATICTEST off by default — the leftover diagnostic that killed walk/run animation,7ef26c0,ed252c4
crashpad,2026-08-04,2026-08-04 18:19:52,TimeOfCrash,crashpad,crash,crashpad-20260804-182004-shimrun3-DEATH/590cfd83-b140-479b-8bbb-6b77c1cf7efb,UECC-Windows-3905983148DAC75C16BC9BBDDE4E7578,1,shimrun3-DEATH,Crash,34,menu-lobby,,,,,,43740912,da84b63,2026-08-04T18:13:39-05:00,0.104,"docs: S109 — clean runs don't die (4/4), and the chainless bucket is two packer families",7ef26c0,2026-08-04T14:20:33-05:00,shim: KSTATICTEST off by default — the leftover diagnostic that killed walk/run animation,7ef26c0,ed252c4
dupe,2026-08-04,2026-08-04 18:19:52,TimeOfCrash,crashpad,crash,crashpad-20260804-185216/590cfd83-b140-479b-8bbb-6b77c1cf7efb,UECC-Windows-3905983148DAC75C16BC9BBDDE4E7578,0,,Crash,34,menu-lobby,,,,,,43740912,da84b63,2026-08-04T18:13:39-05:00,0.104,"docs: S109 — clean runs don't die (4/4), and the chainless bucket is two packer families",7ef26c0,2026-08-04T14:20:33-05:00,shim: KSTATICTEST off by default — the leftover diagnostic that killed walk/run animation,7ef26c0,ed252c4
crashpad,2026-08-04,2026-08-04 21:04:49,TimeOfCrash,crashpad,crash,crashpad-20260804-210459-pi1run3-DEATH/673de738-afc8-49e1-99d0-7ce0bda6f536,UECC-Windows-CD53CACB40308EE0A5FA57A1DAD0F8B4,1,pi1run3-DEATH,Crash,51,menu-login,,,,,,43385024,becc848,2026-08-04T20:30:52-05:00,0.566,docs: S109 — catalog_store_fix alone is EXONERATED; the suspect is the unvalidated PI-hooker triple,b012c32,2026-08-04T19:39:26-05:00,noop-canary: manual-mapping is exonerated — it is shim BEHAVIOUR that kills the process,7ef26c0,ed252c4
dupe,2026-08-04,2026-08-04 21:04:49,TimeOfCrash,crashpad,crash,crashpad-20260804-211019/673de738-afc8-49e1-99d0-7ce0bda6f536,UECC-Windows-CD53CACB40308EE0A5FA57A1DAD0F8B4,0,,Crash,51,menu-login,,,,,,43385024,becc848,2026-08-04T20:30:52-05:00,0.566,docs: S109 — catalog_store_fix alone is EXONERATED; the suspect is the unvalidated PI-hooker triple,b012c32,2026-08-04T19:39:26-05:00,noop-canary: manual-mapping is exonerated — it is shim BEHAVIOUR that kills the process,7ef26c0,ed252c4
uecc,2026-08-04,2026-08-04 22:57:14,TimeOfCrash,uecc,crash,UECC-Windows-6D587A6F4FB14B24FCB9F7B4A53C1EAC_0000,UECC-Windows-6D587A6F4FB14B24FCB9F7B4A53C1EAC_0000,,,Crash,0,unknown,os-only,DA39A3EE5E6B4B0D3255BFEF95601890AFD80709,Unhandled Exception: EXCEPTION_ACCESS_VIOLATION reading address 0x000001b508660000,,,13168769,7b9a5a5,2026-08-04T22:44:03-05:00,0.22,"docs: S109 — pi8 alone: 6 runs, 0 deaths, and armedPIhook=0 measured on every run",b012c32,2026-08-04T19:39:26-05:00,noop-canary: manual-mapping is exonerated — it is shim BEHAVIOUR that kills the process,7ef26c0,ed252c4
crashpad,2026-08-04,2026-08-04 23:03:16,TimeOfCrash,crashpad,crash,crashpad-20260804-230329-sub-NoMissions-1-DEATH/e7d14df5-ddfb-4f74-902c-29acae9bb0ab,UECC-Windows-F999914A49AE15D4A011B18C0012B47A,1,sub-NoMissions-1-DEATH,Crash,29,menu-login,,,,,,43312080,7b9a5a5,2026-08-04T22:44:03-05:00,0.32,"docs: S109 — pi8 alone: 6 runs, 0 deaths, and armedPIhook=0 measured on every run",b012c32,2026-08-04T19:39:26-05:00,noop-canary: manual-mapping is exonerated — it is shim BEHAVIOUR that kills the process,7ef26c0,ed252c4
dupe,2026-08-04,2026-08-04 23:03:16,TimeOfCrash,crashpad,crash,crashpad-20260804-230334/e7d14df5-ddfb-4f74-902c-29acae9bb0ab,UECC-Windows-F999914A49AE15D4A011B18C0012B47A,0,,Crash,29,menu-login,,,,,,43312080,7b9a5a5,2026-08-04T22:44:03-05:00,0.32,"docs: S109 — pi8 alone: 6 runs, 0 deaths, and armedPIhook=0 measured on every run",b012c32,2026-08-04T19:39:26-05:00,noop-canary: manual-mapping is exonerated — it is shim BEHAVIOUR that kills the process,7ef26c0,ed252c4
crashpad,2026-08-04,2026-08-04 23:03:53,TimeOfCrash,crashpad,crash,crashpad-20260804-230408-sub-NoMissions-2-DEATH/5e4cce11-0836-4b55-96ed-a5aef4d21aae,UECC-Windows-BCDABEF747E6BFEBE4021681C2FBCD34,1,sub-NoMissions-2-DEATH,Crash,16,menu-login,,,,,,43450944,7b9a5a5,2026-08-04T22:44:03-05:00,0.331,"docs: S109 — pi8 alone: 6 runs, 0 deaths, and armedPIhook=0 measured on every run",b012c32,2026-08-04T19:39:26-05:00,noop-canary: manual-mapping is exonerated — it is shim BEHAVIOUR that kills the process,7ef26c0,ed252c4
dupe,2026-08-04,2026-08-04 23:03:53,TimeOfCrash,crashpad,crash,crashpad-20260804-230413/5e4cce11-0836-4b55-96ed-a5aef4d21aae,UECC-Windows-BCDABEF747E6BFEBE4021681C2FBCD34,0,,Crash,16,menu-login,,,,,,43450944,7b9a5a5,2026-08-04T22:44:03-05:00,0.331,"docs: S109 — pi8 alone: 6 runs, 0 deaths, and armedPIhook=0 measured on every run",b012c32,2026-08-04T19:39:26-05:00,noop-canary: manual-mapping is exonerated — it is shim BEHAVIOUR that kills the process,7ef26c0,ed252c4
crashpad,2026-08-04,2026-08-04 23:04:43,TimeOfCrash,crashpad,crash,crashpad-20260804-230452-sub-NoMissions-3-DEATH/d9a2e984-8d4e-46f1-9177-90a668fa926e,UECC-Windows-CD14347B4E38A447FE051CBD7A4B37CD,1,sub-NoMissions-3-DEATH,Crash,0,menu-login,,,,,,42958384,7b9a5a5,2026-08-04T22:44:03-05:00,0.345,"docs: S109 — pi8 alone: 6 runs, 0 deaths, and armedPIhook=0 measured on every run",b012c32,2026-08-04T19:39:26-05:00,noop-canary: manual-mapping is exonerated — it is shim BEHAVIOUR that kills the process,7ef26c0,ed252c4
dupe,2026-08-04,2026-08-04 23:04:43,TimeOfCrash,crashpad,crash,crashpad-20260804-230458/d9a2e984-8d4e-46f1-9177-90a668fa926e,UECC-Windows-CD14347B4E38A447FE051CBD7A4B37CD,0,,Crash,0,menu-login,,,,,,42958384,7b9a5a5,2026-08-04T22:44:03-05:00,0.345,"docs: S109 — pi8 alone: 6 runs, 0 deaths, and armedPIhook=0 measured on every run",b012c32,2026-08-04T19:39:26-05:00,noop-canary: manual-mapping is exonerated — it is shim BEHAVIOUR that kills the process,7ef26c0,ed252c4
dupe,2026-08-04,2026-08-04 23:04:43,TimeOfCrash,crashpad,crash,crashpad-20260804-231015/d9a2e984-8d4e-46f1-9177-90a668fa926e,UECC-Windows-CD14347B4E38A447FE051CBD7A4B37CD,0,,Crash,0,menu-login,,,,,,42958384,7b9a5a5,2026-08-04T22:44:03-05:00,0.345,"docs: S109 — pi8 alone: 6 runs, 0 deaths, and armedPIhook=0 measured on every run",b012c32,2026-08-04T19:39:26-05:00,noop-canary: manual-mapping is exonerated — it is shim BEHAVIOUR that kills the process,7ef26c0,ed252c4
degenerate,2026-08-04,2026-08-04 23:05:01,mtime,uecc,degenerate,UECC-Windows-4875FA894AC07B47C08AFFB5BDBE5946_0000,UECC-Windows-4875FA894AC07B47C08AFFB5BDBE5946_0000,,,Crash,0,,os-only,DA39A3EE5E6B4B0D3255BFEF95601890AFD80709,Unhandled Exception: EXCEPTION_ACCESS_VIOLATION reading address 0x0000014ae5dde000,,,0,7b9a5a5,2026-08-04T22:44:03-05:00,0.35,"docs: S109 — pi8 alone: 6 runs, 0 deaths, and armedPIhook=0 measured on every run",b012c32,2026-08-04T19:39:26-05:00,noop-canary: manual-mapping is exonerated — it is shim BEHAVIOUR that kills the process,7ef26c0,ed252c4
crashpad,2026-08-04,2026-08-04 23:11:01,TimeOfCrash,crashpad,crash,crashpad-20260804-231115-sub-NoPasses-2-DEATH/2b109408-47f6-4626-8f10-dea53209e8dd,UECC-Windows-3BC12EFD4DBB379AFC2EA88F10C41EB2,1,sub-NoPasses-2-DEATH,Crash,43,menu-lobby,,,,,,41424784,7b9a5a5,2026-08-04T22:44:03-05:00,0.449,"docs: S109 — pi8 alone: 6 runs, 0 deaths, and armedPIhook=0 measured on every run",b012c32,2026-08-04T19:39:26-05:00,noop-canary: manual-mapping is exonerated — it is shim BEHAVIOUR that kills the process,7ef26c0,ed252c4
dupe,2026-08-04,2026-08-04 23:11:01,TimeOfCrash,crashpad,crash,crashpad-20260804-231120/2b109408-47f6-4626-8f10-dea53209e8dd,UECC-Windows-3BC12EFD4DBB379AFC2EA88F10C41EB2,0,,Crash,43,menu-lobby,,,,,,41424784,7b9a5a5,2026-08-04T22:44:03-05:00,0.449,"docs: S109 — pi8 alone: 6 runs, 0 deaths, and armedPIhook=0 measured on every run",b012c32,2026-08-04T19:39:26-05:00,noop-canary: manual-mapping is exonerated — it is shim BEHAVIOUR that kills the process,7ef26c0,ed252c4
crashpad,2026-08-05,2026-08-05 01:09:17,TimeOfCrash,crashpad,crash,crashpad-20260805-010927-knee-g30-2-DEATH/3fa0b7d3-0b5b-4867-a766-650f55db596b,UECC-Windows-76753FBC4F42AE339E438AB8B5DB04D9,1,knee-g30-2-DEATH,Crash,17,menu-login,,,,,,40901888,2b713ea,2026-08-05T00:17:37-05:00,0.861,inject: spacing the secondary manual-maps ELIMINATES the deaths — burst rate is the cause,b012c32,2026-08-04T19:39:26-05:00,noop-canary: manual-mapping is exonerated — it is shim BEHAVIOUR that kills the process,7ef26c0,ed252c4
dupe,2026-08-05,2026-08-05 01:09:17,TimeOfCrash,crashpad,crash,crashpad-20260805-010934/3fa0b7d3-0b5b-4867-a766-650f55db596b,UECC-Windows-76753FBC4F42AE339E438AB8B5DB04D9,0,,Crash,17,menu-login,,,,,,40901888,2b713ea,2026-08-05T00:17:37-05:00,0.861,inject: spacing the secondary manual-maps ELIMINATES the deaths — burst rate is the cause,b012c32,2026-08-04T19:39:26-05:00,noop-canary: manual-mapping is exonerated — it is shim BEHAVIOUR that kills the process,7ef26c0,ed252c4
crashpad,2026-08-05,2026-08-05 01:10:10,TimeOfCrash,crashpad,crash,crashpad-20260805-011023-knee-g30-3-DEATH/40d6100a-b98a-4cd7-a3d0-d729ef326f3c,UECC-Windows-69C0FA9A4FE8CCA0EE03F5B4E50987AB,1,knee-g30-3-DEATH,Crash,34,menu-login,,,,,,43250128,2b713ea,2026-08-05T00:17:37-05:00,0.876,inject: spacing the secondary manual-maps ELIMINATES the deaths — burst rate is the cause,b012c32,2026-08-04T19:39:26-05:00,noop-canary: manual-mapping is exonerated — it is shim BEHAVIOUR that kills the process,7ef26c0,ed252c4
dupe,2026-08-05,2026-08-05 01:10:10,TimeOfCrash,crashpad,crash,crashpad-20260805-011028/40d6100a-b98a-4cd7-a3d0-d729ef326f3c,UECC-Windows-69C0FA9A4FE8CCA0EE03F5B4E50987AB,0,,Crash,34,menu-login,,,,,,43250128,2b713ea,2026-08-05T00:17:37-05:00,0.876,inject: spacing the secondary manual-maps ELIMINATES the deaths — burst rate is the cause,b012c32,2026-08-04T19:39:26-05:00,noop-canary: manual-mapping is exonerated — it is shim BEHAVIOUR that kills the process,7ef26c0,ed252c4
crashpad,2026-08-05,2026-08-05 01:45:12,TimeOfCrash,crashpad,crash,crashpad-20260805-014523-tut1-DEATH/89a0d1aa-2c67-45ef-8acd-55e9142634e4,UECC-Windows-085DB55140340D5D9B470E9CB77CAABB,1,tut1-DEATH,Crash,524,tutorial,,,,,,43683536,af8f54b,2026-08-05T01:33:18-05:00,0.199,fk24-stage: enforce the same minimum injection gap (default 20 s),b012c32,2026-08-04T19:39:26-05:00,noop-canary: manual-mapping is exonerated — it is shim BEHAVIOUR that kills the process,7ef26c0,ed252c4
dupe,2026-08-05,2026-08-05 01:45:12,TimeOfCrash,crashpad,crash,crashpad-20260805-014535/89a0d1aa-2c67-45ef-8acd-55e9142634e4,UECC-Windows-085DB55140340D5D9B470E9CB77CAABB,0,,Crash,524,tutorial,,,,,,43683536,af8f54b,2026-08-05T01:33:18-05:00,0.199,fk24-stage: enforce the same minimum injection gap (default 20 s),b012c32,2026-08-04T19:39:26-05:00,noop-canary: manual-mapping is exonerated — it is shim BEHAVIOUR that kills the process,7ef26c0,ed252c4
crashpad,2026-08-05,2026-08-05 01:58:43,TimeOfCrash,crashpad,crash,crashpad-20260805-020141-tut3-NOSTAGE/85f158bd-ad51-433d-9727-1c672418e735,UECC-Windows-D6ABE7D1401EBCF60F9E79805402B428,1,tut3-NOSTAGE,Crash,156,tutorial-attempted,,,,,,44346416,af8f54b,2026-08-05T01:33:18-05:00,0.424,fk24-stage: enforce the same minimum injection gap (default 20 s),b012c32,2026-08-04T19:39:26-05:00,noop-canary: manual-mapping is exonerated — it is shim BEHAVIOUR that kills the process,7ef26c0,ed252c4
dupe,2026-08-05,2026-08-05 01:58:43,TimeOfCrash,crashpad,crash,crashpad-20260805-020152/85f158bd-ad51-433d-9727-1c672418e735,UECC-Windows-D6ABE7D1401EBCF60F9E79805402B428,0,,Crash,156,tutorial-attempted,,,,,,44346416,af8f54b,2026-08-05T01:33:18-05:00,0.424,fk24-stage: enforce the same minimum injection gap (default 20 s),b012c32,2026-08-04T19:39:26-05:00,noop-canary: manual-mapping is exonerated — it is shim BEHAVIOUR that kills the process,7ef26c0,ed252c4
crashpad,2026-08-05,2026-08-05 02:06:13,TimeOfCrash,crashpad,crash,crashpad-20260805-020627-tut4-DEATH/e744eeea-ecca-461f-b5a4-2db8ff45a3df,UECC-Windows-172DE7454ACE4B6888F68491C38A8942,1,tut4-DEATH,Crash,259,tutorial,,,,,,43780736,af8f54b,2026-08-05T01:33:18-05:00,0.549,fk24-stage: enforce the same minimum injection gap (default 20 s),b012c32,2026-08-04T19:39:26-05:00,noop-canary: manual-mapping is exonerated — it is shim BEHAVIOUR that kills the process,7ef26c0,ed252c4
dupe,2026-08-05,2026-08-05 02:06:13,TimeOfCrash,crashpad,crash,crashpad-20260805-021852/e744eeea-ecca-461f-b5a4-2db8ff45a3df,UECC-Windows-172DE7454ACE4B6888F68491C38A8942,0,,Crash,259,tutorial,,,,,,43780736,af8f54b,2026-08-05T01:33:18-05:00,0.549,fk24-stage: enforce the same minimum injection gap (default 20 s),b012c32,2026-08-04T19:39:26-05:00,noop-canary: manual-mapping is exonerated — it is shim BEHAVIOUR that kills the process,7ef26c0,ed252c4
crashpad,2026-08-05,2026-08-05 02:23:49,TimeOfCrash,crashpad,crash,crashpad-20260805-022400-tuta1-DEATH/f6b5e184-a62a-4965-9f65-12bb7b232809,UECC-Windows-F64933044CB0A38A8D0C71982697E9CD,1,tuta1-DEATH,Crash,295,tutorial,,,,,,43693344,e6ad28e,2026-08-05T02:15:21-05:00,0.141,docs: S109 — animation cycling root-caused: the run anim is GC'd 13 s before it is needed,b012c32,2026-08-04T19:39:26-05:00,noop-canary: manual-mapping is exonerated — it is shim BEHAVIOUR that kills the process,7ef26c0,ed252c4
dupe,2026-08-05,2026-08-05 02:23:49,TimeOfCrash,crashpad,crash,crashpad-20260805-022406/f6b5e184-a62a-4965-9f65-12bb7b232809,UECC-Windows-F64933044CB0A38A8D0C71982697E9CD,0,,Crash,295,tutorial,,,,,,43693344,e6ad28e,2026-08-05T02:15:21-05:00,0.141,docs: S109 — animation cycling root-caused: the run anim is GC'd 13 s before it is needed,b012c32,2026-08-04T19:39:26-05:00,noop-canary: manual-mapping is exonerated — it is shim BEHAVIOUR that kills the process,7ef26c0,ed252c4
uecc,2026-08-05,2026-08-05 02:28:34,TimeOfCrash,uecc,crash,UECC-Windows-C13252F54B25E4F01E922BB3933A2971_0000,UECC-Windows-C13252F54B25E4F01E922BB3933A2971_0000,,,Crash,258,tutorial,ok,193C20C7E8EECC8327DF279F9091E4E9C712F25F,Unhandled Exception: EXCEPTION_ACCESS_VIOLATION reading address 0xffffffffffffffff,,,13949897,e6ad28e,2026-08-05T02:15:21-05:00,0.22,docs: S109 — animation cycling root-caused: the run anim is GC'd 13 s before it is needed,b012c32,2026-08-04T19:39:26-05:00,noop-canary: manual-mapping is exonerated — it is shim BEHAVIOUR that kills the process,7ef26c0,ed252c4
crashpad,2026-08-05,2026-08-05 02:33:10,TimeOfCrash,crashpad,crash,crashpad-20260805-023322-tuta3-DEATH/1fa9d51c-5eef-447e-9753-a0939f3392a1,UECC-Windows-C8537B7D411E1977F7977CA8E9435FE7,1,tuta3-DEATH,Crash,263,tutorial,,,,,,43776016,e6ad28e,2026-08-05T02:15:21-05:00,0.297,docs: S109 — animation cycling root-caused: the run anim is GC'd 13 s before it is needed,b012c32,2026-08-04T19:39:26-05:00,noop-canary: manual-mapping is exonerated — it is shim BEHAVIOUR that kills the process,7ef26c0,ed252c4
dupe,2026-08-05,2026-08-05 02:33:10,TimeOfCrash,crashpad,crash,crashpad-20260805-025025/1fa9d51c-5eef-447e-9753-a0939f3392a1,UECC-Windows-C8537B7D411E1977F7977CA8E9435FE7,0,,Crash,263,tutorial,,,,,,43776016,e6ad28e,2026-08-05T02:15:21-05:00,0.297,docs: S109 — animation cycling root-caused: the run anim is GC'd 13 s before it is needed,b012c32,2026-08-04T19:39:26-05:00,noop-canary: manual-mapping is exonerated — it is shim BEHAVIOUR that kills the process,7ef26c0,ed252c4
crashpad,2026-08-05,2026-08-05 02:54:54,TimeOfCrash,crashpad,crash,crashpad-20260805-025508-tutr1-DEATH/b726dea8-4bbe-4f54-8a79-3bc6bf111496,UECC-Windows-9C4954874885DD96AD4D0A875B8BB1DC,1,tutr1-DEATH,Crash,267,tutorial,,,,,,43752112,1f5778b,2026-08-05T02:36:11-05:00,0.312,anim: CONFIRMED — moving the walk inside the asset's lifetime makes the swap fire (3/3),1f5778b,2026-08-05T02:36:11-05:00,anim: CONFIRMED — moving the walk inside the asset's lifetime makes the swap fire (3/3),7ef26c0,ed252c4
dupe,2026-08-05,2026-08-05 02:54:54,TimeOfCrash,crashpad,crash,crashpad-20260805-025514/b726dea8-4bbe-4f54-8a79-3bc6bf111496,UECC-Windows-9C4954874885DD96AD4D0A875B8BB1DC,0,,Crash,267,tutorial,,,,,,43752112,1f5778b,2026-08-05T02:36:11-05:00,0.312,anim: CONFIRMED — moving the walk inside the asset's lifetime makes the swap fire (3/3),1f5778b,2026-08-05T02:36:11-05:00,anim: CONFIRMED — moving the walk inside the asset's lifetime makes the swap fire (3/3),7ef26c0,ed252c4
crashpad,2026-08-05,2026-08-05 02:58:03,TimeOfCrash,crashpad,crash,crashpad-20260805-030027/45b740e8-67a3-401c-b530-21ce9760ee3e,UECC-Windows-6103A44340E05CEBA4147F860406C6D5,1,,Crash,160,tutorial,,,,,,43609888,1f5778b,2026-08-05T02:36:11-05:00,0.365,anim: CONFIRMED — moving the walk inside the asset's lifetime makes the swap fire (3/3),1f5778b,2026-08-05T02:36:11-05:00,anim: CONFIRMED — moving the walk inside the asset's lifetime makes the swap fire (3/3),7ef26c0,ed252c4
crashpad,2026-08-05,2026-08-05 03:05:12,TimeOfCrash,crashpad,crash,crashpad-20260805-030527-tutr3-DEATH/c9a85003-95c5-4ae8-86b4-918e2d6c66c2,UECC-Windows-95B6269743FC16C2A2A2D3AC42FA46C4,1,tutr3-DEATH,Crash,283,tutorial,,,,,,43810800,1f5778b,2026-08-05T02:36:11-05:00,0.484,anim: CONFIRMED — moving the walk inside the asset's lifetime makes the swap fire (3/3),1f5778b,2026-08-05T02:36:11-05:00,anim: CONFIRMED — moving the walk inside the asset's lifetime makes the swap fire (3/3),7ef26c0,ed252c4
dupe,2026-08-05,2026-08-05 03:05:12,TimeOfCrash,crashpad,crash,crashpad-20260805-031232/c9a85003-95c5-4ae8-86b4-918e2d6c66c2,UECC-Windows-95B6269743FC16C2A2A2D3AC42FA46C4,0,,Crash,283,tutorial,,,,,,43810800,1f5778b,2026-08-05T02:36:11-05:00,0.484,anim: CONFIRMED — moving the walk inside the asset's lifetime makes the swap fire (3/3),1f5778b,2026-08-05T02:36:11-05:00,anim: CONFIRMED — moving the walk inside the asset's lifetime makes the swap fire (3/3),7ef26c0,ed252c4
crashpad,2026-08-05,2026-08-05 14:28:09,TimeOfCrash,crashpad,crash,crashpad-20260805-143222-s110itemwatch/b869ecda-0839-49e3-afad-da4159dcc675,UECC-Windows-268A47DB4AD635EE92E27EA492B38C73,1,s110itemwatch,Crash,432,tutorial,,,,,,41642480,3baa9be,2026-08-05T13:13:57-05:00,1.237,docs: S110 handoff — start with the SerialNumber probe,969acef,2026-08-05T03:08:40-05:00,gc: fix the root-bit corroboration (KGCROOT was inert since S106) — but it does NOT stop the collection,969acef,ed252c4
dupe,2026-08-05,2026-08-05 14:28:09,TimeOfCrash,crashpad,crash,crashpad-20260805-173230/b869ecda-0839-49e3-afad-da4159dcc675,UECC-Windows-268A47DB4AD635EE92E27EA492B38C73,0,,Crash,432,tutorial,,,,,,41642480,3baa9be,2026-08-05T13:13:57-05:00,1.237,docs: S110 handoff — start with the SerialNumber probe,969acef,2026-08-05T03:08:40-05:00,gc: fix the root-bit corroboration (KGCROOT was inert since S106) — but it does NOT stop the collection,969acef,ed252c4
crashpad,2026-08-05,2026-08-05 17:34:53,TimeOfCrash,crashpad,crash,crashpad-20260805-173814-phase2-nostage/e0d14d37-b8b6-4612-baa4-fc75d36f9113,UECC-Windows-92D7D8FD4780CAC485D4119384D34294,1,phase2-nostage,Crash,87,tutorial-attempted,,,,,,41497664,fde4915,2026-08-05T17:21:59-05:00,0.215,"gc: S110 TASK ONE — the run anim IS really collected, and the poked RootSet bit is inert",969acef,2026-08-05T03:08:40-05:00,gc: fix the root-bit corroboration (KGCROOT was inert since S106) — but it does NOT stop the collection,969acef,ed252c4
dupe,2026-08-05,2026-08-05 17:34:53,TimeOfCrash,crashpad,crash,crashpad-20260805-173820/e0d14d37-b8b6-4612-baa4-fc75d36f9113,UECC-Windows-92D7D8FD4780CAC485D4119384D34294,0,,Crash,87,tutorial-attempted,,,,,,41497664,fde4915,2026-08-05T17:21:59-05:00,0.215,"gc: S110 TASK ONE — the run anim IS really collected, and the poked RootSet bit is inert",969acef,2026-08-05T03:08:40-05:00,gc: fix the root-bit corroboration (KGCROOT was inert since S106) — but it does NOT stop the collection,969acef,ed252c4
crashpad,2026-08-05,2026-08-05 17:43:17,TimeOfCrash,crashpad,crash,crashpad-20260805-174425-phase2b-void/f350db65-12ce-4ce1-b8be-a7565eb59828,UECC-Windows-2D8E1A1543C472D8800D90AF9AD94D58,1,phase2b-void,Crash,290,tutorial,,,,,,41569744,fde4915,2026-08-05T17:21:59-05:00,0.355,"gc: S110 TASK ONE — the run anim IS really collected, and the poked RootSet bit is inert",969acef,2026-08-05T03:08:40-05:00,gc: fix the root-bit corroboration (KGCROOT was inert since S106) — but it does NOT stop the collection,969acef,ed252c4
dupe,2026-08-05,2026-08-05 17:43:17,TimeOfCrash,crashpad,crash,crashpad-20260805-174431/f350db65-12ce-4ce1-b8be-a7565eb59828,UECC-Windows-2D8E1A1543C472D8800D90AF9AD94D58,0,,Crash,290,tutorial,,,,,,41569744,fde4915,2026-08-05T17:21:59-05:00,0.355,"gc: S110 TASK ONE — the run anim IS really collected, and the poked RootSet bit is inert",969acef,2026-08-05T03:08:40-05:00,gc: fix the root-bit corroboration (KGCROOT was inert since S106) — but it does NOT stop the collection,969acef,ed252c4
crashpad,2026-08-05,2026-08-05 18:19:43,TimeOfCrash,crashpad,crash,crashpad-20260805-182113-animref-SUCCESS/2432183f-4889-49ae-a673-da14cb8f617c,UECC-Windows-FBBC83004BA79FA2D3593FA740F6C41A,1,animref-SUCCESS,Crash,336,tutorial,,,,,,43740464,d4bdd40,2026-08-05T18:08:55-05:00,0.18,"gc: the poked RootSet bit is INERT, not raced — FK-27 closes; +FK-27/28/29 in the ignorance map",969acef,2026-08-05T03:08:40-05:00,gc: fix the root-bit corroboration (KGCROOT was inert since S106) — but it does NOT stop the collection,969acef,ed252c4
dupe,2026-08-05,2026-08-05 18:19:43,TimeOfCrash,crashpad,crash,crashpad-20260805-184433/2432183f-4889-49ae-a673-da14cb8f617c,UECC-Windows-FBBC83004BA79FA2D3593FA740F6C41A,0,,Crash,336,tutorial,,,,,,43740464,d4bdd40,2026-08-05T18:08:55-05:00,0.18,"gc: the poked RootSet bit is INERT, not raced — FK-27 closes; +FK-27/28/29 in the ignorance map",969acef,2026-08-05T03:08:40-05:00,gc: fix the root-bit corroboration (KGCROOT was inert since S106) — but it does NOT stop the collection,969acef,ed252c4
