offset,access_rva,fn_start,fn_end,mnemonic,size,kind,op_str
0xC0D,0x5515D48,0x5515C55,0x5515D6D,mov,1,WRITE,byte ptr [rsi + 0xc0d]; al
0xC0D,0x5525360,,,mov,1,WRITE,byte ptr [rsi + 0xc0d]; 0
0xC0D,0x5679D62,0x5679D50,0x5679DC5,cmp,1,CMP,byte ptr [rcx + 0xc0d]; 0
0xC0D,0x5679E21,0x5679DF7,0x5679E60,cmp,1,CMP,byte ptr [rcx + 0xc0d]; 0
0xC0D,0x5679E92,0x5679E80,0x5679EF8,cmp,1,CMP,byte ptr [rcx + 0xc0d]; 0
0xC0D,0x5679F59,0x5679F2C,0x5679F98,cmp,1,CMP,byte ptr [rcx + 0xc0d]; 0
0xBFC,0x126C8CC,0x1265DF0,0x127BAB0,mov,4,WRITE,dword ptr [rsp + 0xbfc]; eax
0xBFC,0x126C8E3,0x1265DF0,0x127BAB0,mov,4,READ,edx; dword ptr [rsp + 0xbfc]
0xBFC,0x1284463,0x127BAB0,0x128E530,mov,4,WRITE,dword ptr [rsp + 0xbfc]; eax
0xBFC,0x128447A,0x127BAB0,0x128E530,mov,4,READ,edx; dword ptr [rsp + 0xbfc]
0xBFC,0x261941A,0x2616680,0x261DA12,mov,4,WRITE,dword ptr [rbp + 0xbfc]; 0x79e8ff00
0xBFC,0x2DA8D56,0x2DA8BDA,0x2DA8DAE,cmp,4,CMP,eax; dword ptr [rbp + 0xbfc]
0xBFC,0x31A026A,0x31A0010,0x31A02DA,mov,4,WRITE,dword ptr [rdi + 0xbfc]; 0x3f800000
0xBFC,0x32BAE00,,,or,4,WRITE,dword ptr [rcx + 0xbfc]; 1
0xBFC,0x3EEB798,0x3EEB790,0x3EEB7AC,test,1,TEST,byte ptr [rcx + 0xbfc]; 1
0xBFC,0x4AF2D90,0x4AF2200,0x4AF3B0A,mov,4,WRITE,dword ptr [rdi + 0xbfc]; 0x80
0xBFC,0x5677BEA,0x56777B0,0x5677EE2,mov,1,WRITE,byte ptr [rdi + 0xbfc]; cl
0xBFC,0x5679D56,0x5679D50,0x5679DC5,cmp,1,CMP,byte ptr [rcx + 0xbfc]; 0
0xBFC,0x5679D74,0x5679D50,0x5679DC5,mov,1,WRITE,byte ptr [rcx + 0xbfc]; 0
0xBFC,0x5679EA0,0x5679E80,0x5679EF8,mov,1,WRITE,byte ptr [rcx + 0xbfc]; 0
0xBFC,0x5679EEB,0x5679E80,0x5679EF8,mov,1,WRITE,byte ptr [rcx + 0xbfc]; 1
0xBEC,0x126C655,0x1265DF0,0x127BAB0,mov,4,WRITE,dword ptr [rsp + 0xbec]; 0x20
0xBEC,0x126C774,0x1265DF0,0x127BAB0,mov,4,READ,eax; dword ptr [rsp + 0xbec]
0xBEC,0x12841EC,0x127BAB0,0x128E530,mov,4,WRITE,dword ptr [rsp + 0xbec]; 2
0xBEC,0x128430B,0x127BAB0,0x128E530,mov,4,READ,eax; dword ptr [rsp + 0xbec]
0xBEC,0x215F5EA,0x215F460,0x215FB66,ucomiss,4,READ,xmm0; dword ptr [rax + 0xbec]
0xBEC,0x2531B21,0x2531650,0x2535328,mov,4,READ,eax; dword ptr [rbp + 0xbec]
0xBEC,0x26193EE,0x2616680,0x261DA12,mov,4,WRITE,dword ptr [rbp + 0xbec]; eax
0xBEC,0x26A56BD,0x26A54E8,0x26A6392,mov,4,WRITE,dword ptr [rcx + 0xbec]; 0x3f800000
0xBEC,0x2739358,0x273934B,0x2739692,adc,4,READ,dword ptr [rsi + 0xbec]; eax
0xBEC,0x276EFC2,0x276E0C1,0x276F52B,adc,1,READ,byte ptr [rcx + 0xbec]; bl
0xBEC,0x28D3CD8,0x28D3BD6,0x28D4205,ucomiss,4,READ,xmm0; dword ptr [rax + 0xbec]
0xBEC,0x31A024B,0x31A0010,0x31A02DA,mov,4,WRITE,dword ptr [rdi + 0xbec]; 0x3f800000
0xBEC,0x3ED6DC5,0x3ED66C0,0x3ED7099,adc,4,READ,dword ptr [rsi + 0xbec]; ecx
0xBEC,0x5677A32,0x56777B0,0x5677EE2,mov,1,WRITE,byte ptr [rdi + 0xbec]; cl
0xBEC,0x5679E1A,0x5679DF7,0x5679E60,mov,1,WRITE,byte ptr [rcx + 0xbec]; 1
0xBEC,0x5679E53,0x5679DF7,0x5679E60,mov,1,WRITE,byte ptr [rbx + 0xbec]; 0
0xBEC,0x5679F52,0x5679F2C,0x5679F98,mov,1,WRITE,byte ptr [rcx + 0xbec]; 1
0xBEC,0x5679F8B,0x5679F2C,0x5679F98,mov,1,WRITE,byte ptr [rbx + 0xbec]; 0
0xBEC,0x567EE11,0x567EB90,0x567F0FA,movzx,1,READ,ecx; byte ptr [rbx + 0xbec]
0xBF4,0x126C814,0x1265DF0,0x127BAB0,mov,4,WRITE,dword ptr [rsp + 0xbf4]; eax
0xBF4,0x126C82F,0x1265DF0,0x127BAB0,movsxd,4,READ,eax; dword ptr [rsp + 0xbf4]
0xBF4,0x12843AB,0x127BAB0,0x128E530,mov,4,WRITE,dword ptr [rsp + 0xbf4]; eax
0xBF4,0x12843C6,0x127BAB0,0x128E530,movsxd,4,READ,eax; dword ptr [rsp + 0xbf4]
0xBF4,0x1D8A6C5,0x1D8A620,0x1D8A6F9,cmp,4,CMP,eax; dword ptr [rbx + 0xbf4]
0xBF4,0x1D945E3,0x1D94500,0x1D94B2C,mov,4,READ,eax; dword ptr [rsi + 0xbf4]
0xBF4,0x21A291F,0x21A289B,0x21A2A31,cmp,4,CMP,eax; dword ptr [rbp + 0xbf4]
0xBF4,0x2619406,0x2616680,0x261DA12,mov,4,WRITE,dword ptr [rbp + 0xbf4]; 0x10001
0xBF4,0x2710D16,0x2710CB5,0x2711274,adc,1,READ,byte ptr [rax + 0xbf4]; al
0xBF4,0x2739370,0x273934B,0x2739692,mov,4,WRITE,dword ptr [rsi + 0xbf4]; 0x3f800000
0xBF4,0x273D0F5,0x273D0A1,0x273D22B,adc,1,READ,byte ptr [rax + 0xbf4]; al
0xBF4,0x2748C6A,0x274896C,0x27494E5,adc,1,READ,byte ptr [rcx + 0xbf4]; al
0xBF4,0x274AE13,0x274AD90,0x274AE86,mov,4,READ,ecx; dword ptr [rax + 0xbf4]
0xBF4,0x276EF64,0x276E0C1,0x276F52B,adc,1,READ,byte ptr [rcx + 0xbf4]; al
0xBF4,0x279E18C,0x279E177,0x279E1D8,cmp,4,CMP,eax; dword ptr [rdi + 0xbf4]
0xBF4,0x27B77FD,0x27B77ED,0x27B782C,cmp,4,CMP,eax; dword ptr [rsi + 0xbf4]
0xBF4,0x30E0CF9,0x30E0C90,0x30E0D7C,mov,4,READ,eax; dword ptr [rdi + 0xbf4]
0xBF4,0x31A0260,0x31A0010,0x31A02DA,mov,4,WRITE,dword ptr [rdi + 0xbf4]; 0x43ac8000
0xBF4,0x5677BDE,0x56777B0,0x5677EE2,mov,1,WRITE,byte ptr [rdi + 0xbf4]; cl
0xBF4,0x5679D7B,0x5679D50,0x5679DC5,mov,1,WRITE,byte ptr [rcx + 0xbf4]; 0
0xBF4,0x5679DB8,0x5679D50,0x5679DC5,mov,1,WRITE,byte ptr [rcx + 0xbf4]; 1
0xBF4,0x5679E86,0x5679E80,0x5679EF8,cmp,1,CMP,byte ptr [rcx + 0xbf4]; 0
0xBF4,0x5679EA7,0x5679E80,0x5679EF8,mov,1,WRITE,byte ptr [rcx + 0xbf4]; 0
0xC0C,0x111EE0E,0x111ED9A,0x111EEDB,mov,4,READ,eax; dword ptr [rcx + 0xc0c]
0xC0C,0x1121776,0x1121770,0x11217F6,cmp,4,CMP,dword ptr [rcx + 0xc0c]; 0
0xC0C,0x11299EA,0x11299D4,0x1129A21,cmp,4,CMP,dword ptr [rsi + 0xc0c]; esi
0xC0C,0x112A52F,0x112A500,0x112A5B7,mov,4,READ,eax; dword ptr [rcx + 0xc0c]
0xC0C,0x112A58D,0x112A500,0x112A5B7,mov,4,WRITE,dword ptr [rdi + 0xc0c]; edx
0xC0C,0x112A97F,0x112A930,0x112A9A9,cmp,4,CMP,ebx; dword ptr [rdi + 0xc0c]
0xC0C,0x112A993,0x112A930,0x112A9A9,mov,4,WRITE,dword ptr [rdi + 0xc0c]; ebx
0xC0C,0x126CAB6,0x1265DF0,0x127BAB0,mov,4,WRITE,dword ptr [rsp + 0xc0c]; eax
0xC0C,0x126CAD1,0x1265DF0,0x127BAB0,movsxd,4,READ,eax; dword ptr [rsp + 0xc0c]
0xC0C,0x128464D,0x127BAB0,0x128E530,mov,4,WRITE,dword ptr [rsp + 0xc0c]; eax
0xC0C,0x1284668,0x127BAB0,0x128E530,movsxd,4,READ,eax; dword ptr [rsp + 0xc0c]
0xC0C,0x1EB37E3,0x1EB37B0,0x1EB38DE,mov,4,WRITE,dword ptr [rcx + 0xc0c]; 0x180
0xC0C,0x1EB37F2,0x1EB37B0,0x1EB38DE,mov,4,READ,eax; dword ptr [rcx + 0xc0c]
0xC0C,0x1EB3852,0x1EB37B0,0x1EB38DE,mov,4,WRITE,dword ptr [rbx + 0xc0c]; eax
0xC0C,0x219FC1D,0x219FBA0,0x219FC2D,cmp,4,CMP,eax; dword ptr [rcx + 0xc0c]
0xC0C,0x21CFA31,0x21CFA10,0x21CFA3D,mov,4,READ,eax; dword ptr [rdx + 0xc0c]
0xC0C,0x21CFA7D,0x21CFA55,0x21CFA9E,mov,4,WRITE,dword ptr [rdx + 0xc0c]; ecx
0xC0C,0x21CFF9E,,,cmp,4,CMP,edx; dword ptr [rcx + 0xc0c]
0xC0C,0x21CFFA6,,,mov,4,WRITE,dword ptr [rcx + 0xc0c]; edx
0xC0C,0x30B9170,,,mov,4,READ,eax; dword ptr [rcx + 0xc0c]
0xC0C,0x30F143F,,,addps,16,READ,xmm0; xmmword ptr [rcx + 0xc0c]
0xC0C,0x30F1449,,,adc,1,READ,byte ptr [rcx + 0xc0c]; al
0xC0C,0x30F15C2,,,adc,1,READ,byte ptr [rcx + 0xc0c]; al
0xC0C,0x30F4022,,,adc,4,READ,dword ptr [rcx + 0xc0c]; ecx
0xC0C,0x310C940,0x310C910,0x310C98C,adc,1,READ,byte ptr [rcx + 0xc0c]; al
0xC0C,0x310C94A,0x310C910,0x310C98C,adc,1,READ,byte ptr [rcx + 0xc0c]; al
0xC0C,0x312A8E5,,,mov,4,READ,eax; dword ptr [rcx + 0xc0c]
0xC0C,0x31A0289,0x31A0010,0x31A02DA,mov,4,WRITE,dword ptr [rdi + 0xc0c]; 0x3f800000
0xC0C,0x3827C73,0x3827AE1,0x3827CD9,cmp,4,CMP,eax; dword ptr [rdi + 0xc0c]
0xC0C,0x3847885,0x3847840,0x38478A1,movsxd,4,READ,eax; dword ptr [rdi + 0xc0c]
0xC0C,0x3871707,0x3871286,0x3871764,cmp,4,CMP,eax; dword ptr [rdi + 0xc0c]
0xC0C,0x5679DD6,0x5679DD0,0x5679DF7,cmp,1,CMP,byte ptr [rcx + 0xc0c]; 0
0xC0C,0x5679E28,0x5679DF7,0x5679E60,mov,1,WRITE,byte ptr [rcx + 0xc0c]; 0
0xC0C,0x5679F60,0x5679F2C,0x5679F98,mov,1,WRITE,byte ptr [rcx + 0xc0c]; 0
0xC0C,0x5679FA0,0x5679F98,0x5679FAD,mov,1,WRITE,byte ptr [rcx + 0xc0c]; 1
0xC04,0x115E121,0x115E04D,0x115E15D,lea,4,READ,eax; [rdi + 0xc04]
0xC04,0x126C8F7,0x1265DF0,0x127BAB0,mov,4,WRITE,dword ptr [rsp + 0xc04]; 0x20
0xC04,0x126CA16,0x1265DF0,0x127BAB0,mov,4,READ,eax; dword ptr [rsp + 0xc04]
0xC04,0x128448E,0x127BAB0,0x128E530,mov,4,WRITE,dword ptr [rsp + 0xc04]; 2
0xC04,0x12845AD,0x127BAB0,0x128E530,mov,4,READ,eax; dword ptr [rsp + 0xc04]
0xC04,0x21A2804,0x21A2720,0x21A2879,mov,4,READ,eax; dword ptr [rbp + 0xc04]
0xC04,0x31A027F,0x31A0010,0x31A02DA,mov,4,WRITE,dword ptr [rdi + 0xc04]; 0x43340000
0xC04,0x3B0FFE4,0x3B0FFA0,0x3B10188,cmp,4,CMP,edx; dword ptr [rax + 0xc04]
0xC04,0x4AF2DA5,0x4AF2200,0x4AF3B0A,mov,4,WRITE,dword ptr [rdi + 0xc04]; esi
0xC04,0x5677BF6,0x56777B0,0x5677EE2,mov,1,WRITE,byte ptr [rdi + 0xc04]; cl
0xC04,0x5679E2F,0x5679DF7,0x5679E60,mov,1,WRITE,byte ptr [rcx + 0xc04]; 0
0xC04,0x5679E68,0x5679E60,0x5679E75,mov,1,WRITE,byte ptr [rcx + 0xc04]; 1
0xC04,0x5679F06,0x5679F00,0x5679F2C,cmp,1,CMP,byte ptr [rcx + 0xc04]; 0
0xC04,0x5679F67,0x5679F2C,0x5679F98,mov,1,WRITE,byte ptr [rcx + 0xc04]; 0
0xC04,0x6C4E7F4,0x6C4E580,0x6C4E8D4,lea,4,READ,edi; [rsi + 0xc04]
0xC04,0x6C4EA75,0x6C4EA20,0x6C4EC56,lea,4,READ,ebx; [rsi + 0xc04]
0xC04,0x6C4ED3F,0x6C4EC60,0x6C4EFED,lea,4,READ,edx; [rsi + 0xc04]
0xBF8,0xF639BA,0xF626D0,0xF64060,mov,4,WRITE,dword ptr [rbp + 0xbf8]; eax
0xBF8,0xF82370,,,mov,4,WRITE,dword ptr [rcx + 0xbf8]; eax
0xBF8,0x126C7A6,0x1265DF0,0x127BAB0,mov,4,WRITE,dword ptr [rsp + 0xbf8]; 0x20
0xBF8,0x126C8C5,0x1265DF0,0x127BAB0,mov,4,READ,eax; dword ptr [rsp + 0xbf8]
0xBF8,0x128433D,0x127BAB0,0x128E530,mov,4,WRITE,dword ptr [rsp + 0xbf8]; 2
0xBF8,0x128445C,0x127BAB0,0x128E530,mov,4,READ,eax; dword ptr [rsp + 0xbf8]
0xBF8,0x128F57A,0x128E530,0x1298456,mov,4,WRITE,dword ptr [rsp + 0xbf8]; eax
0xBF8,0x128F589,0x128E530,0x1298456,mov,4,READ,ecx; dword ptr [rsp + 0xbf8]
0xBF8,0x1399E7B,0x13969A0,0x13B9981,mov,4,WRITE,dword ptr [rsp + 0xbf8]; eax
0xBF8,0x1399EA9,0x13969A0,0x13B9981,mov,4,READ,ecx; dword ptr [rsp + 0xbf8]
0xBF8,0x1439DDF,0x1434AA0,0x143B7F6,mov,1,WRITE,byte ptr [rbp + 0xbf8]; 1
0xBF8,0x1439DED,0x1434AA0,0x143B7F6,mov,4,READ,eax; dword ptr [rbp + 0xbf8]
0xBF8,0x14912AC,0x148CAFA,0x14976A3,lea,4,READ,ecx; [rbp + 0xbf8]
0xBF8,0x14B16A8,0x14B05A0,0x14B1B6F,lea,4,READ,ecx; [rbp + 0xbf8]
0xBF8,0x14CC06F,0x14CAD61,0x14D85FB,lea,4,READ,ecx; [rbp + 0xbf8]
0xBF8,0x1BB8924,0x1BB8907,0x1BB89CE,adc,1,READ,byte ptr [rax + rdx*8 + 0xbf8]; dl
0xBF8,0x1EED3B9,,,mov,4,WRITE,dword ptr [rcx + 0xbf8]; eax
0xBF8,0x1FCB390,0x1FCB370,0x1FCB3AB,mov,4,READ,ebx; dword ptr [rsp + 0xbf8]
0xBF8,0x21012F2,0x2100F80,0x2101349,mov,4,WRITE,dword ptr [rbx + 0xbf8]; edi
0xBF8,0x2101DD1,0x2101D50,0x210223B,mov,4,READ,ecx; dword ptr [rbx + 0xbf8]
0xBF8,0x21A2812,0x21A2720,0x21A2879,lea,4,READ,ecx; [rbp + 0xbf8]
0xBF8,0x21A2835,0x21A2720,0x21A2879,mov,4,READ,eax; dword ptr [rbp + 0xbf8]
0xBF8,0x21A2864,0x21A2720,0x21A2879,lea,4,READ,ecx; [rbp + 0xbf8]
0xBF8,0x21A28C7,0x21A289B,0x21A2A31,mov,4,READ,eax; dword ptr [rbp + 0xbf8]
0xBF8,0x236AC39,0x236A690,0x236AF08,mov,4,WRITE,dword ptr [rbx + 0xbf8]; edi
0xBF8,0x236B4B1,0x236AF10,0x236B6C7,mov,4,WRITE,dword ptr [rdi + 0xbf8]; esi
0xBF8,0x236D448,0x236CED0,0x236DC38,mov,4,WRITE,dword ptr [rbx + 0xbf8]; esp
0xBF8,0x23DB686,0x23DB685,0x23DB7BB,mov,4,WRITE,dword ptr [rsp + 0xbf8]; edi
0xBF8,0x23DEAC5,0x23DDD31,0x23DEAED,mov,4,READ,edi; dword ptr [rsp + 0xbf8]
0xBF8,0x2619411,0x2616680,0x261DA12,mov,4,WRITE,dword ptr [rbp + 0xbf8]; 0xc7660101
0xBF8,0x2748CA7,0x274896C,0x27494E5,mov,4,READ,eax; dword ptr [rcx + 0xbf8]
0xBF8,0x274A003,,,adc,1,READ,byte ptr [rax + 0xbf8]; cl
0xBF8,0x2796200,0x2795F30,0x27963D6,mov,4,WRITE,dword ptr [rcx + 0xbf8]; ebp
0xBF8,0x2797819,0x2797605,0x2797B16,mov,4,READ,ebx; dword ptr [rdi + 0xbf8]
0xBF8,0x27A8037,0x27A7FD3,0x27A80F8,lea,4,READ,ecx; [rsi + 0xbf8]
0xBF8,0x27B803F,0x27B7F10,0x27B819E,lea,4,READ,ecx; [rbx + 0xbf8]
0xBF8,0x27B808E,0x27B7F10,0x27B819E,lea,4,READ,ecx; [rbx + 0xbf8]
0xBF8,0x27DC525,0x27DBC30,0x27DC661,lea,4,READ,ecx; [rdi + 0xbf8]
0xBF8,0x2BC1CE4,0x2BC1C60,0x2BC20B6,mov,1,WRITE,byte ptr [rcx + 0xbf8]; ch
0xBF8,0x2C54732,0x2C533FE,0x2C54BBF,adc,1,READ,byte ptr [rbp + 0xbf8]; cl
0xBF8,0x2D9BCB7,0x2D9B730,0x2D9BE0F,mov,4,WRITE,dword ptr [rdi + 0xbf8]; esi
0xBF8,0x2DA8D46,0x2DA8BDA,0x2DA8DAE,movsxd,4,READ,esi; dword ptr [rbp + 0xbf8]
0xBF8,0x2DA8D50,0x2DA8BDA,0x2DA8DAE,mov,4,WRITE,dword ptr [rbp + 0xbf8]; eax
0xBF8,0x2DA8E43,0x2DA8DE0,0x2DA90F7,mov,4,READ,esi; dword ptr [rdi + 0xbf8]
0xBF8,0x30C3E2F,0x30C3D70,0x30C4004,lea,4,READ,edi; [rbp + 0xbf8]
0xBF8,0x30D1DB8,0x30D1C60,0x30D1E71,mov,4,WRITE,dword ptr [rdi + 0xbf8]; esi
0xBF8,0x30DD5C1,,,mov,4,READ,eax; dword ptr [rcx + 0xbf8]
0xBF8,0x30DDB36,0x30DDB20,0x30DDB85,mov,4,READ,ebx; dword ptr [rcx + 0xbf8]
0xBF8,0x30F4B51,,,mov,4,READ,ecx; dword ptr [rcx + 0xbf8]
0xBF8,0x3107712,0x3107666,0x3107730,lea,4,READ,ecx; [rsi + 0xbf8]
0xBF8,0x31112DB,0x31112D0,0x311135E,mov,4,READ,ecx; dword ptr [rcx + 0xbf8]
0xBF8,0x3127F68,,,mov,4,READ,eax; dword ptr [rcx + 0xbf8]
0xBF8,0x3128848,0x31287D0,0x31288A6,mov,4,READ,ebx; dword ptr [rsi + 0xbf8]
0xBF8,0x312B37F,0x312B360,0x312B3A1,mov,4,READ,ecx; dword ptr [rcx + 0xbf8]
0xBF8,0x331BE60,0x3319F40,0x331D823,mov,1,WRITE,byte ptr [rbp + 0xbf8]; 3
0xBF8,0x331BE69,0x3319F40,0x331D823,adc,1,READ,byte ptr [rbp + 0xbf8]; cl
0xBF8,0x3596EBD,0x3596C00,0x3596FF1,mov,4,WRITE,dword ptr [rdi + 0xbf8]; esi
0xBF8,0x35B5A32,0x35B4E50,0x35B5F6B,mov,4,READ,ecx; dword ptr [rdi + 0xbf8]
0xBF8,0x35BDDF2,0x35BDDD0,0x35BDE1A,adc,1,READ,byte ptr [rdi + 0xbf8]; al
0xBF8,0x35BDDFE,0x35BDDD0,0x35BDE1A,mov,4,WRITE,dword ptr [rdi + 0xbf8]; ecx
0xBF8,0x3665904,0x3665760,0x3665EB8,mov,4,WRITE,dword ptr [rdi + 0xbf8]; esi
0xBF8,0x36A638A,0x36A6370,0x36A63EF,mov,4,READ,edi; dword ptr [rax + 0xbf8]
0xBF8,0x3823170,0x3823020,0x3823215,mov,1,WRITE,byte ptr [rbx + 0xbf8]; 0
0xBF8,0x3827B82,0x3827AE1,0x3827CD9,cmp,1,CMP,byte ptr [rdi + 0xbf8]; 0
0xBF8,0x3827C5D,0x3827AE1,0x3827CD9,adc,4,READ,dword ptr [rdi + 0xbf8]; eax
0xBF8,0x38280AF,0x3827E81,0x3828261,cmp,1,CMP,byte ptr [rdi + 0xbf8]; 0
0xBF8,0x38281A1,0x3827E81,0x3828261,adc,4,READ,dword ptr [rdi + 0xbf8]; ecx
0xBF8,0x38293E1,0x3829140,0x3829549,mov,1,WRITE,byte ptr [rsi + 0xbf8]; 0
0xBF8,0x382EABE,0x382EAA0,0x382EADF,cmp,1,CMP,byte ptr [rcx + 0xbf8]; 0
0xBF8,0x382EB27,0x382EADF,0x382EC95,cmp,1,CMP,byte ptr [rcx + 0xbf8]; 0
0xBF8,0x382EB88,0x382EADF,0x382EC95,cmp,1,CMP,byte ptr [rcx + 0xbf8]; 0
0xBF8,0x382F39A,0x382F367,0x382F3C6,mov,1,WRITE,byte ptr [rsi + 0xbf8]; 0
0xBF8,0x387161F,0x3871286,0x3871764,cmp,1,CMP,byte ptr [rdi + 0xbf8]; 0
0xBF8,0x38716F1,0x3871286,0x3871764,adc,4,READ,dword ptr [rdi + 0xbf8]; ecx
0xBF8,0x388687D,0x3886845,0x38868BE,call,8,READ,qword ptr [rax + 0xbf8]
0xBF8,0x389B4AB,0x389B483,0x389B4C8,call,8,READ,qword ptr [rax + 0xbf8]
0xBF8,0x389B61C,0x389B500,0x389B643,call,8,READ,qword ptr [rax + 0xbf8]
0xBF8,0x38A32FA,0x38A32D2,0x38A339E,call,8,READ,qword ptr [rax + 0xbf8]
0xBF8,0x38A838D,,,mov,4,READ,eax; dword ptr [rax + 0xbf8]
0xBF8,0x3931ECD,0x392F460,0x3938E81,mov,1,WRITE,byte ptr [rbp + 0xbf8]; 2
0xBF8,0x3931ED6,0x392F460,0x3938E81,adc,1,READ,byte ptr [rbp + 0xbf8]; al
0xBF8,0x3C094F6,,,adc,4,READ,dword ptr [rax + 0xbf8]; edx
0xBF8,0x3C535D0,0x3C516B0,0x3C55480,mov,1,WRITE,byte ptr [rbp + 0xbf8]; 3
0xBF8,0x3C535D9,0x3C516B0,0x3C55480,adc,1,READ,byte ptr [rbp + 0xbf8]; cl
0xBF8,0x3C601A5,0x3C60130,0x3C601BB,call,8,READ,qword ptr [rax + 0xbf8]
0xBF8,0x3D7E8E5,0x3D7BFA0,0x3D7F278,lea,4,READ,ecx; [rsp + 0xbf8]
0xBF8,0x3D7E8F2,0x3D7BFA0,0x3D7F278,lea,4,READ,edx; [rsp + 0xbf8]
0xBF8,0x3D7E904,0x3D7BFA0,0x3D7F278,lea,4,READ,ecx; [rsp + 0xbf8]
0xBF8,0x4215055,0x42112B0,0x4218A64,mov,4,READ,ecx; dword ptr [rbp + 0xbf8]
0xBF8,0x472B545,0x472B320,0x4731D04,mov,4,WRITE,dword ptr [rbp + 0xbf8]; esi
0xBF8,0x472B553,0x472B320,0x4731D04,lea,4,READ,eax; [rbp + 0xbf8]
0xBF8,0x48341CA,0x4832F40,0x4835D3A,mov,4,WRITE,dword ptr [rbp + 0xbf8]; esi
0xBF8,0x4840536,0x483CF90,0x48411F3,mov,1,WRITE,byte ptr [rbp + 0xbf8]; dh
0xBF8,0x48449DD,0x48418A0,0x4845727,mov,4,WRITE,dword ptr [rbp + 0xbf8]; eax
0xBF8,0x4849AC5,0x4845730,0x484A195,lea,4,READ,edx; [rbp + 0xbf8]
0xBF8,0x4849B2A,0x4845730,0x484A195,mov,4,WRITE,dword ptr [rbp + 0xbf8]; esi
0xBF8,0x4853836,0x484F3B0,0x4853D4B,lea,4,READ,edx; [rbp + 0xbf8]
0xBF8,0x485388D,0x484F3B0,0x4853D4B,mov,4,WRITE,dword ptr [rbp + 0xbf8]; esi
0xBF8,0x485849C,0x48570B0,0x485D8A3,mov,1,WRITE,byte ptr [rbp + 0xbf8]; dh
0xBF8,0x4861DA7,0x485D8B0,0x48628CF,mov,4,WRITE,dword ptr [rbp + 0xbf8]; esi
0xBF8,0x48664AB,0x4864170,0x48668CD,mov,4,WRITE,dword ptr [rbp + 0xbf8]; 0
0xBF8,0x486B439,0x4869050,0x486B618,mov,4,WRITE,dword ptr [rbp + 0xbf8]; eax
0xBF8,0x486D762,0x486B620,0x486DA25,mov,4,WRITE,dword ptr [rbp + 0xbf8]; ebp
0xBF8,0x49438F4,0x4943840,0x4943C8E,lea,4,READ,ecx; [rbx + 0xbf8]
0xBF8,0x4943911,0x4943840,0x4943C8E,mov,4,READ,ecx; dword ptr [rbx + 0xbf8]
0xBF8,0x49549FB,0x49544FE,0x4954AFD,mov,4,WRITE,dword ptr [rbx + 0xbf8]; ebp
0xBF8,0x4955DB4,0x4955680,0x4956363,lea,4,READ,ebp; [rdi + 0xbf8]
0xBF8,0x4AC3033,0x4AC2650,0x4AC3102,mov,4,WRITE,dword ptr [rdi + 0xbf8]; ebp
0xBF8,0x4AF2D8A,0x4AF2200,0x4AF3B0A,mov,4,WRITE,dword ptr [rdi + 0xbf8]; esi
0xBF8,0x4C13E6F,0x4C13DB0,0x4C14044,lea,4,READ,edi; [rbp + 0xbf8]
0xBF8,0x4C150A9,0x4C14C10,0x4C15343,lea,4,READ,eax; [rsi + 0xbf8]
0xBF8,0x52C7CC5,0x52C6110,0x52CA059,mov,1,WRITE,byte ptr [rbp + 0xbf8]; 3
0xBF8,0x52C7CDA,0x52C6110,0x52CA059,adc,1,READ,byte ptr [rbp + 0xbf8]; cl
0xBF8,0x52F4E3D,0x52F4A80,0x52F5153,mov,4,READ,ecx; dword ptr [rdi + 0xbf8]
0xBF8,0x553D126,,,mov,4,WRITE,dword ptr [rbp + 0xbf8]; ebp
0xBF8,0x553D1D5,,,mov,4,READ,ecx; dword ptr [rbp + 0xbf8]
0xBF8,0x559E58B,0x559E180,0x559EF51,mov,4,WRITE,dword ptr [rsi + 0xbf8]; ebp
0xBF8,0x564EB10,0x564EADF,0x564EDD2,lea,4,READ,edi; [rbp + 0xbf8]
0xBF8,0x5672C43,0x5672C1B,0x5672E32,lea,4,READ,esi; [rbp + 0xbf8]
0xBF8,0x5677BE4,0x56777B0,0x5677EE2,mov,4,WRITE,dword ptr [rdi + 0xbf8]; ecx
0xBF8,0x5679D6B,0x5679D50,0x5679DC5,adc,1,READ,byte ptr [rcx + 0xbf8]; al
0xBF8,0x5679EE5,0x5679E80,0x5679EF8,adc,4,READ,dword ptr [rcx + 0xbf8]; ecx
0xBF8,0x567B88D,0x567B720,0x567B94F,lea,4,READ,ecx; [rsi + 0xbf8]
0xBF8,0x567D8FF,0x567D880,0x567D963,lea,4,READ,ecx; [rbx + 0xbf8]
0xBF8,0x567D9E5,0x567D970,0x567DA1B,lea,4,READ,ecx; [rax + 0xbf8]
0xBF8,0x568DF44,0x568DE60,0x568E170,lea,4,READ,esi; [rbp + 0xbf8]
0xBF8,0x56BD9E7,0x56BD71E,0x56BDE9F,call,8,READ,qword ptr [rax + 0xbf8]
0xBF8,0x5919E40,0x5919C40,0x591D61F,lea,4,READ,eax; [rsp + rax + 0xbf8]
0xBF8,0x5BCAFC9,0x5BCAEA0,0x5BCB03B,mov,4,WRITE,dword ptr [rbx + 0xbf8]; eax
0xBF8,0x63DC3E5,,,lea,4,READ,ecx; [rbp + 0xbf8]
0xBF8,0x63F549D,0x63F53F0,0x63F5681,mov,4,WRITE,dword ptr [rdi + 0xbf8]; esi
0xBF8,0x63F574E,0x63F5690,0x63F59A7,mov,4,WRITE,dword ptr [rdi + 0xbf8]; esi
0xBF8,0x63F5A6B,0x63F59B0,0x63F5D6D,mov,4,WRITE,dword ptr [rdi + 0xbf8]; esi
0xBF8,0x63F6A4E,0x63F6840,0x63F6A7A,mov,4,READ,ecx; dword ptr [rbx + 0xbf8]
0xBF8,0x642E4CC,0x642E16C,0x642E58E,mov,4,READ,ecx; dword ptr [rsi + 0xbf8]
0xBF8,0x6448F73,0x6448F72,0x6448FB2,mov,4,READ,ecx; dword ptr [rsp + 0xbf8]
0xBF8,0x6FAF45D,0x6FAF419,0x6FAF576,mov,4,WRITE,dword ptr [rdi + rbp*8 + 0xbf8]; eax
0xBF8,0x6FAF505,0x6FAF419,0x6FAF576,mov,4,READ,eax; dword ptr [rdi + rbp*8 + 0xbf8]
0xBF8,0x6FAF50D,0x6FAF419,0x6FAF576,sub,4,READ,eax; dword ptr [rdi + rbx*8 + 0xbf8]
0xBF0,0xF639AC,0xF626D0,0xF64060,mov,4,WRITE,dword ptr [rbp + 0xbf0]; eax
0xBF0,0x126C77B,0x1265DF0,0x127BAB0,mov,4,WRITE,dword ptr [rsp + 0xbf0]; eax
0xBF0,0x126C792,0x1265DF0,0x127BAB0,mov,4,READ,edx; dword ptr [rsp + 0xbf0]
0xBF0,0x1284312,0x127BAB0,0x128E530,mov,4,WRITE,dword ptr [rsp + 0xbf0]; eax
0xBF0,0x1284329,0x127BAB0,0x128E530,mov,4,READ,edx; dword ptr [rsp + 0xbf0]
0xBF0,0x128F54E,0x128E530,0x1298456,mov,4,WRITE,dword ptr [rsp + 0xbf0]; eax
0xBF0,0x128F55D,0x128E530,0x1298456,mov,4,READ,ecx; dword ptr [rsp + 0xbf0]
0xBF0,0x1399E6D,0x13969A0,0x13B9981,mov,4,WRITE,dword ptr [rsp + 0xbf0]; eax
0xBF0,0x1399E74,0x13969A0,0x13B9981,mov,4,READ,eax; dword ptr [rsp + 0xbf0]
0xBF0,0x1439DB7,0x1434AA0,0x143B7F6,mov,1,WRITE,byte ptr [rbp + 0xbf0]; 1
0xBF0,0x1439DC5,0x1434AA0,0x143B7F6,mov,4,READ,eax; dword ptr [rbp + 0xbf0]
0xBF0,0x14911E1,0x148CAFA,0x14976A3,lea,4,READ,ecx; [rbp + 0xbf0]
0xBF0,0x14CC03F,0x14CAD61,0x14D85FB,lea,4,READ,ecx; [rbp + 0xbf0]
0xBF0,0x16EAC27,0x16E8650,0x16EAE04,cmp,4,CMP,dword ptr [rbp + 0xbf0]; 0
0xBF0,0x16EAC61,0x16E8650,0x16EAE04,mov,4,WRITE,dword ptr [rbp + 0xbf0]; esi
0xBF0,0x1BB8916,0x1BB8907,0x1BB89CE,adc,1,READ,byte ptr [rax + rdx*8 + 0xbf0]; ah
0xBF0,0x1D874DD,0x1D87000,0x1D87927,mov,4,WRITE,dword ptr [rdi + 0xbf0]; edi
0xBF0,0x1D8A6B6,0x1D8A620,0x1D8A6F9,movsxd,4,READ,edi; dword ptr [rbx + 0xbf0]
0xBF0,0x1D8A6BF,0x1D8A620,0x1D8A6F9,mov,4,WRITE,dword ptr [rbx + 0xbf0]; eax
0xBF0,0x1D94554,0x1D94500,0x1D94B2C,movsxd,4,READ,eax; dword ptr [rsi + 0xbf0]
0xBF0,0x1D945EB,0x1D94500,0x1D94B2C,mov,4,WRITE,dword ptr [rsi + 0xbf0]; ecx
0xBF0,0x1EED3B2,,,mov,4,WRITE,dword ptr [rcx + 0xbf0]; eax
0xBF0,0x1F984DF,0x1F94DC0,0x1F98D0D,lea,4,READ,ecx; [rbp + 0xbf0]
0xBF0,0x1F9850A,0x1F94DC0,0x1F98D0D,lea,4,READ,ecx; [rbp + 0xbf0]
0xBF0,0x1FBCFC3,0x1FBCEC0,0x1FBD0EE,lea,4,READ,ecx; [rdi + 0xbf0]
0xBF0,0x21012EB,0x2100F80,0x2101349,mov,4,WRITE,dword ptr [rbx + 0xbf0]; edi
0xBF0,0x2101DE3,0x2101D50,0x210223B,mov,4,READ,ecx; dword ptr [rbx + 0xbf0]
0xBF0,0x211D148,0x211CDAA,0x211EF31,lea,4,READ,ecx; [rbp + 0xbf0]
0xBF0,0x211D176,0x211CDAA,0x211EF31,movq,8,READ,qword ptr [rbp + 0xbf0]; mm0
0xBF0,0x216C585,0x216C315,0x216C755,sub,4,WRITE,dword ptr [rbp + 0xbf0]; eax
0xBF0,0x21A2905,0x21A289B,0x21A2A31,movsxd,4,READ,edi; dword ptr [rbp + 0xbf0]
0xBF0,0x21A2919,0x21A289B,0x21A2A31,mov,4,WRITE,dword ptr [rbp + 0xbf0]; eax
0xBF0,0x21A29C5,0x21A289B,0x21A2A31,mov,4,READ,eax; dword ptr [rbp + 0xbf0]
0xBF0,0x21E27AA,0x21E2710,0x21E27B6,lea,4,READ,eax; [rip + 0xbf0]
0xBF0,0x2331CDB,0x2331BCA,0x2331E87,mov,4,READ,eax; dword ptr [rsp + rcx*8 + 0xbf0]
0xBF0,0x2343F61,0x23436FC,0x2347115,mov,4,READ,ecx; dword ptr [rbp + 0xbf0]
0xBF0,0x23442DD,0x23436FC,0x2347115,mov,4,READ,eax; dword ptr [rbp + 0xbf0]
0xBF0,0x2345339,0x23436FC,0x2347115,mov,4,READ,eax; dword ptr [rbp + 0xbf0]
0xBF0,0x23463D2,0x23436FC,0x2347115,mov,4,READ,eax; dword ptr [rbp + 0xbf0]
0xBF0,0x23467B2,0x23436FC,0x2347115,mov,4,READ,eax; dword ptr [rbp + 0xbf0]
0xBF0,0x2346C0E,0x23436FC,0x2347115,mov,4,READ,eax; dword ptr [rbp + 0xbf0]
0xBF0,0x2346EA1,0x23436FC,0x2347115,mov,4,READ,eax; dword ptr [rbp + 0xbf0]
0xBF0,0x2348786,0x23486E7,0x2348926,mov,4,READ,ecx; dword ptr [rbp + 0xbf0]
0xBF0,0x236AC32,0x236A690,0x236AF08,mov,4,WRITE,dword ptr [rbx + 0xbf0]; edi
0xBF0,0x236B4AA,0x236AF10,0x236B6C7,mov,4,WRITE,dword ptr [rdi + 0xbf0]; esi
0xBF0,0x236D483,0x236CED0,0x236DC38,mov,4,READ,ecx; dword ptr [rbx + 0xbf0]
0xBF0,0x236D4AB,0x236CED0,0x236DC38,mov,4,WRITE,dword ptr [rbx + 0xbf0]; esp
0xBF0,0x23DA4CC,0x23D9992,0x23DA6B4,mov,4,READ,ecx; dword ptr [rsi + rcx*8 + 0xbf0]
0xBF0,0x258BD6E,0x258ACB3,0x258C1A0,mov,4,WRITE,dword ptr [rbp + 0xbf0]; eax
0xBF0,0x269A2B4,0x2699E30,0x269A9F7,sub,1,WRITE,byte ptr [rbx + 0xbf0]; al
0xBF0,0x269A2BB,0x2699E30,0x269A9F7,sub,4,WRITE,dword ptr [rdi + 0xbf0]; eax
0xBF0,0x269AEE5,0x269AA00,0x269B6C3,sub,1,WRITE,byte ptr [rdi + 0xbf0]; al
0xBF0,0x269AEEC,0x269AA00,0x269B6C3,sub,4,WRITE,dword ptr [rbx + 0xbf0]; eax
0xBF0,0x26A56D2,0x26A54E8,0x26A6392,mov,4,WRITE,dword ptr [rcx + 0xbf0]; 0x3f800000
0xBF0,0x2739366,0x273934B,0x2739692,mov,4,WRITE,dword ptr [rsi + 0xbf0]; edi
0xBF0,0x276EF25,0x276E0C1,0x276F52B,adc,1,READ,byte ptr [rdi + 0xbf0]; al
0xBF0,0x276EFBA,0x276E0C1,0x276F52B,adc,1,READ,byte ptr [rcx + 0xbf0]; dl
0xBF0,0x27961F9,0x2795F30,0x27963D6,mov,4,WRITE,dword ptr [rcx + 0xbf0]; ebp
0xBF0,0x279E17D,0x279E177,0x279E1D8,movsxd,4,READ,ebx; dword ptr [rdi + 0xbf0]
0xBF0,0x279E186,0x279E177,0x279E1D8,mov,4,WRITE,dword ptr [rdi + 0xbf0]; eax
0xBF0,0x27A0878,0x27A0748,0x27A0E79,cmp,4,CMP,dword ptr [rdi + 0xbf0]; 0
0xBF0,0x27A21D8,0x27A2180,0x27A254A,cmp,4,CMP,dword ptr [rbx + 0xbf0]; 0
0xBF0,0x27A35E7,0x27A34E0,0x27A363E,mov,4,READ,eax; dword ptr [rbx + 0xbf0]
0xBF0,0x27A38B0,0x27A363E,0x27A393D,cmp,4,CMP,dword ptr [rbx + 0xbf0]; 0
0xBF0,0x27B27CA,0x27B19BD,0x27B296F,cmp,4,CMP,dword ptr [rbp + 0xbf0]; 0
0xBF0,0x27B604D,0x27B5EE4,0x27B6704,cmp,4,CMP,dword ptr [rsi + 0xbf0]; 0
0xBF0,0x27B6185,0x27B5EE4,0x27B6704,cmp,4,CMP,dword ptr [rsi + 0xbf0]; 0
0xBF0,0x27B64CE,0x27B5EE4,0x27B6704,cmp,4,CMP,dword ptr [rsi + 0xbf0]; 0
0xBF0,0x27B65F9,0x27B5EE4,0x27B6704,cmp,4,CMP,dword ptr [rax + 0xbf0]; 0
0xBF0,0x27B77EE,0x27B77ED,0x27B782C,movsxd,4,READ,ebx; dword ptr [rsi + 0xbf0]
0xBF0,0x27B77F7,0x27B77ED,0x27B782C,mov,4,WRITE,dword ptr [rsi + 0xbf0]; eax
0xBF0,0x27B7F40,0x27B7F10,0x27B819E,cmp,4,CMP,dword ptr [rcx + 0xbf0]; 0
0xBF0,0x285E8FD,0x285DC8D,0x285F4F7,lea,4,READ,ecx; [rbp + 0xbf0]
0xBF0,0x2BC1CD6,0x2BC1C60,0x2BC20B6,adc,4,READ,dword ptr [rcx + 0xbf0]; eax
0xBF0,0x2BC1CEC,0x2BC1C60,0x2BC20B6,adc,1,READ,byte ptr [rcx + 0xbf0]; cl
0xBF0,0x2C54722,0x2C533FE,0x2C54BBF,adc,1,READ,byte ptr [rbp + 0xbf0]; al
0xBF0,0x2D9BCB0,0x2D9B730,0x2D9BE0F,mov,4,WRITE,dword ptr [rdi + 0xbf0]; esi
0xBF0,0x2D9C8DC,0x2D9C870,0x2D9CB2E,mov,4,READ,ecx; dword ptr [rbx + 0xbf0]
0xBF0,0x2DA8D62,0x2DA8BDA,0x2DA8DAE,lea,4,READ,ecx; [rbp + 0xbf0]
0xBF0,0x2DA8D6E,0x2DA8BDA,0x2DA8DAE,mov,4,READ,eax; dword ptr [rbp + 0xbf0]
0xBF0,0x2F5C699,0x2F5C66D,0x2F5C6E9,mov,1,WRITE,byte ptr [rax + 0xbf0]; 0
0xBF0,0x2F79D40,0x2F79CD8,0x2F79D93,cmp,1,CMP,byte ptr [rbx + 0xbf0]; 0
0xBF0,0x30D1DB1,0x30D1C60,0x30D1E71,mov,4,WRITE,dword ptr [rdi + 0xbf0]; esi
0xBF0,0x30E0CAA,0x30E0C90,0x30E0D7C,movsxd,4,READ,esi; dword ptr [rcx + 0xbf0]
0xBF0,0x30E0D00,0x30E0C90,0x30E0D7C,mov,4,WRITE,dword ptr [rdi + 0xbf0]; esi
0xBF0,0x30EA3E4,0x30EA3D0,0x30EA3EA,movsxd,4,READ,eax; dword ptr [rcx + 0xbf0]
0xBF0,0x30EFEC8,,,movsxd,4,READ,ecx; dword ptr [rcx + 0xbf0]
0xBF0,0x30EFFF8,0x30EFFF0,0x30F0007,cmp,4,CMP,edx; dword ptr [rcx + 0xbf0]
0xBF0,0x30F05A0,,,mov,4,READ,eax; dword ptr [rcx + 0xbf0]
0xBF0,0x30F50CA,0x30F50B0,0x30F5132,cmp,4,CMP,edx; dword ptr [rcx + 0xbf0]
0xBF0,0x30F7451,0x30F7440,0x30F746B,mov,4,READ,eax; dword ptr [rcx + 0xbf0]
0xBF0,0x30F74C2,0x30F746B,0x30F7652,movsxd,4,READ,ebp; dword ptr [rdi + 0xbf0]
0xBF0,0x30F758F,0x30F746B,0x30F7652,mov,4,WRITE,dword ptr [rdi + 0xbf0]; ebp
0xBF0,0x3108FE4,0x3108FC2,0x3108FF2,movsxd,4,READ,edi; dword ptr [rsi + 0xbf0]
0xBF0,0x31090DB,0x3108FF2,0x31090E6,mov,4,WRITE,dword ptr [rsi + 0xbf0]; ebp
0xBF0,0x310A0D0,0x310A0C0,0x310A0D8,cmp,4,CMP,edx; dword ptr [rcx + 0xbf0]
0xBF0,0x3110F80,0x3110F60,0x311100E,cmp,4,CMP,edx; dword ptr [rcx + 0xbf0]
0xBF0,0x3129C99,0x3129C20,0x3129CF9,movsxd,4,READ,ecx; dword ptr [rsi + 0xbf0]
0xBF0,0x3129E0A,0x3129D90,0x3129E4B,cmp,4,CMP,eax; dword ptr [rbp + 0xbf0]
0xBF0,0x312A135,,,mov,4,READ,eax; dword ptr [rcx + 0xbf0]
0xBF0,0x312B7E9,0x312B770,0x312B84A,cmp,4,CMP,eax; dword ptr [rsi + 0xbf0]
0xBF0,0x312C5A0,0x312C530,0x312C60F,cmp,4,CMP,eax; dword ptr [rsi + 0xbf0]
0xBF0,0x31A0255,0x31A0010,0x31A02DA,mov,4,WRITE,dword ptr [rdi + 0xbf0]; 7
0xBF0,0x331BE02,0x3319F40,0x331D823,mov,1,WRITE,byte ptr [rbp + 0xbf0]; al
0xBF0,0x3405D2E,0x3405D10,0x3405D34,mov,4,WRITE,dword ptr [rbp + 0xbf0]; eax
0xBF0,0x3405F88,0x3405EAE,0x3405FA0,mov,4,READ,ecx; dword ptr [rbp + 0xbf0]
0xBF0,0x3596EB6,0x3596C00,0x3596FF1,mov,4,WRITE,dword ptr [rdi + 0xbf0]; esi
0xBF0,0x35979DB,0x3597940,0x3597B75,mov,4,WRITE,dword ptr [rdi + 0xbf0]; 0
0xBF0,0x36658FD,0x3665760,0x3665EB8,mov,4,WRITE,dword ptr [rdi + 0xbf0]; esi
0xBF0,0x366773B,,,jmp,8,READ,qword ptr [rax + 0xbf0]
0xBF0,0x36924B3,0x369248C,0x3692580,lea,4,READ,ebp; [rbx + 0xbf0]
0xBF0,0x36A1951,,,adc,1,READ,byte ptr [rcx + 0xbf0]; al
0xBF0,0x36A197B,,,adc,4,READ,dword ptr [rcx + 0xbf0]; esp
0xBF0,0x36AEA51,0x36AE950,0x36AEA64,call,8,READ,qword ptr [rax + 0xbf0]
0xBF0,0x36D9536,0x36D7F54,0x36D9CBB,sub,4,WRITE,dword ptr [rbp + 0xbf0]; ebx
0xBF0,0x382316A,0x3823020,0x3823215,mov,4,WRITE,dword ptr [rbx + 0xbf0]; edi
0xBF0,0x3827C1F,0x3827AE1,0x3827CD9,maxps,16,READ,xmm1; xmmword ptr [rdi + 0xbf0]
0xBF0,0x3827C30,0x3827AE1,0x3827CD9,adc,4,READ,dword ptr [rdi + 0xbf0]; ecx
0xBF0,0x382815C,0x3827E81,0x3828261,maxps,16,READ,xmm1; xmmword ptr [rdi + 0xbf0]
0xBF0,0x3828178,0x3827E81,0x3828261,adc,4,READ,dword ptr [rdi + 0xbf0]; ecx
0xBF0,0x38293D4,0x3829140,0x3829549,adc,4,READ,dword ptr [rsi + 0xbf0]; eax
0xBF0,0x38293EA,0x3829140,0x3829549,adc,1,READ,byte ptr [rsi + 0xbf0]; cl
0xBF0,0x382EB60,0x382EADF,0x382EC95,adc,1,READ,byte ptr [rcx + 0xbf0]; dh
0xBF0,0x382F38D,0x382F367,0x382F3C6,adc,4,READ,dword ptr [rsi + 0xbf0]; eax
0xBF0,0x382F3A3,0x382F367,0x382F3C6,adc,1,READ,byte ptr [rsi + 0xbf0]; cl
0xBF0,0x38716B8,0x3871286,0x3871764,maxps,16,READ,xmm1; xmmword ptr [rdi + 0xbf0]
0xBF0,0x38716C9,0x3871286,0x3871764,adc,4,READ,dword ptr [rdi + 0xbf0]; ecx
0xBF0,0x387D9C6,0x387D8E9,0x387DA51,call,8,READ,qword ptr [rax + 0xbf0]
0xBF0,0x388629A,,,sub,4,WRITE,dword ptr [rbp + 0xbf0]; esp
0xBF0,0x389CF5A,0x389CE80,0x389D264,call,8,READ,qword ptr [rax + 0xbf0]
0xBF0,0x3931E32,0x392F460,0x3938E81,mov,1,WRITE,byte ptr [rbp + 0xbf0]; al
0xBF0,0x3C53572,0x3C516B0,0x3C55480,mov,1,WRITE,byte ptr [rbp + 0xbf0]; al
0xBF0,0x3C658FB,0x3C65860,0x3C65920,call,8,READ,qword ptr [rax + 0xbf0]
0xBF0,0x472498D,0x4724410,0x4725D09,sub,4,WRITE,dword ptr [rbp + 0xbf0]; eax
0xBF0,0x47249A4,0x4724410,0x4725D09,lea,4,READ,eax; [rbp + 0xbf0]
0xBF0,0x472B4C1,0x472B320,0x4731D04,mov,4,WRITE,dword ptr [rbp + 0xbf0]; eax
0xBF0,0x48341DF,0x4832F40,0x4835D3A,mov,1,WRITE,byte ptr [rbp + 0xbf0]; dh
0xBF0,0x484052F,0x483CF90,0x48411F3,mov,4,WRITE,dword ptr [rbp + 0xbf0]; esi
0xBF0,0x4844A0A,0x48418A0,0x4845727,mov,1,WRITE,byte ptr [rbp + 0xbf0]; dh
0xBF0,0x4849B23,0x4845730,0x484A195,mov,4,WRITE,dword ptr [rbp + 0xbf0]; edi
0xBF0,0x4853886,0x484F3B0,0x4853D4B,mov,4,WRITE,dword ptr [rbp + 0xbf0]; edi
0xBF0,0x4858495,0x48570B0,0x485D8A3,mov,4,WRITE,dword ptr [rbp + 0xbf0]; esi
0xBF0,0x4861D18,0x485D8B0,0x48628CF,mov,4,WRITE,dword ptr [rbp + 0xbf0]; esi
0xBF0,0x4861D2F,0x485D8B0,0x48628CF,lea,4,READ,edx; [rbp + 0xbf0]
0xBF0,0x4861E62,0x485D8B0,0x48628CF,mov,4,READ,ecx; dword ptr [rbp + 0xbf0]
0xBF0,0x48664A4,0x4864170,0x48668CD,mov,4,WRITE,dword ptr [rbp + 0xbf0]; edi
0xBF0,0x486B46A,0x4869050,0x486B618,mov,1,WRITE,byte ptr [rbp + 0xbf0]; ah
0xBF0,0x486D75B,0x486B620,0x486DA25,mov,4,WRITE,dword ptr [rbp + 0xbf0]; ebp
0xBF0,0x48880ED,0x4887C50,0x4889683,sub,4,WRITE,dword ptr [rbp + 0xbf0]; eax
0xBF0,0x49170C9,0x4916340,0x49181AE,mov,4,WRITE,dword ptr [rbp + 0xbf0]; esp
0xBF0,0x4943921,0x4943840,0x4943C8E,mov,4,WRITE,dword ptr [rbx + 0xbf0]; esi
0xBF0,0x49549F4,0x49544FE,0x4954AFD,mov,4,WRITE,dword ptr [rbx + 0xbf0]; ebp
0xBF0,0x4AC302D,0x4AC2650,0x4AC3102,mov,4,WRITE,dword ptr [rdi + 0xbf0]; ebp
0xBF0,0x4AF2D83,0x4AF2200,0x4AF3B0A,mov,4,WRITE,dword ptr [rdi + 0xbf0]; esi
0xBF0,0x52C7C58,0x52C6110,0x52CA059,mov,1,WRITE,byte ptr [rbp + 0xbf0]; al
0xBF0,0x53596D4,0x53595C0,0x5359866,mov,4,READ,ecx; dword ptr [rbx + 0xbf0]
0xBF0,0x53C7F06,0x53C7EA0,0x53C80EE,lea,4,READ,ecx; [rdi + 0xbf0]
0xBF0,0x553D11B,,,mov,4,WRITE,dword ptr [rbp + 0xbf0]; 0
0xBF0,0x559E584,0x559E180,0x559EF51,mov,4,WRITE,dword ptr [rsi + 0xbf0]; ebp
0xBF0,0x5677BD8,0x56777B0,0x5677EE2,mov,4,WRITE,dword ptr [rdi + 0xbf0]; ecx
0xBF0,0x5679DB2,0x5679D50,0x5679DC5,adc,4,READ,dword ptr [rcx + 0xbf0]; ecx
0xBF0,0x5679EB0,0x5679E80,0x5679EF8,adc,1,READ,byte ptr [rcx + 0xbf0]; cl
0xBF0,0x58C7455,0x58C7240,0x58C7590,lea,4,READ,ecx; [rdi + 0xbf0]
0xBF0,0x58CAF9A,0x58CA614,0x58CB0D5,cmp,4,CMP,dword ptr [rbp + 0xbf0]; 0
0xBF0,0x58CCAC1,0x58CCAB5,0x58CCB2B,lea,4,READ,edi; [rcx + 0xbf0]
0xBF0,0x58F136E,0x58F1350,0x58F142B,movsxd,4,READ,ebx; dword ptr [rdi + 0xbf0]
0xBF0,0x58F1459,0x58F1430,0x58F14DF,mov,4,READ,edx; dword ptr [rbx + 0xbf0]
0xBF0,0x5BCAFC2,0x5BCAEA0,0x5BCB03B,mov,4,WRITE,dword ptr [rbx + 0xbf0]; eax
0xBF0,0x5C08B69,0x5C08B40,0x5C08C0B,lea,4,READ,eax; [rcx + 0xbf0]
0xBF0,0x5C0EA26,0x5C0E890,0x5C0EA49,lea,4,READ,ecx; [rbp + 0xbf0]
0xBF0,0x63F5496,0x63F53F0,0x63F5681,mov,4,WRITE,dword ptr [rdi + 0xbf0]; esi
0xBF0,0x63F5747,0x63F5690,0x63F59A7,mov,4,WRITE,dword ptr [rdi + 0xbf0]; esi
0xBF0,0x63F5A64,0x63F59B0,0x63F5D6D,mov,4,WRITE,dword ptr [rdi + 0xbf0]; esi
0xBF0,0x6F0581A,0x6F057F0,0x6F0582A,lea,4,READ,ecx; [rip + 0xbf0]
0xBF0,0x6F865C9,0x6F85B1F,0x6F86D00,mov,4,READ,edx; dword ptr [rbx + 0xbf0]
0xBF0,0x6F866BE,0x6F85B1F,0x6F86D00,mov,4,READ,edx; dword ptr [rbx + 0xbf0]
0xBF0,0x6FAEC2A,0x6FAEBE0,0x6FAECE2,mov,4,WRITE,dword ptr [rbx + 0xbf0]; edi
0xBF0,0x6FAEC7E,0x6FAEBE0,0x6FAECE2,mov,4,WRITE,dword ptr [rbx + 0xbf0]; eax
0xBF0,0x6FAF140,0x6FAF0F0,0x6FAF1A5,mov,4,WRITE,dword ptr [rbx + 0xbf0]; eax
0xBF0,0x7326008,,,andnps,16,READ,xmm1; xmmword ptr [rdx + 0xbf0]
0xBF0,0x732601A,,,adc,4,READ,dword ptr [rdx + 0xbf0]; eax
